1c68.4b7c: \SystemRoot\System32\ntdll.dll:
1c68.4b7c:     CreationTime:    2023-08-05T02:21:25.933669600Z
1c68.4b7c:     LastWriteTime:   2023-08-05T02:21:25.967251300Z
1c68.4b7c:     ChangeTime:      2023-08-05T02:41:07.785619400Z
1c68.4b7c:     FileAttributes:  0x20
1c68.4b7c:     Size:            0x213fa0
1c68.4b7c:     NT Headers:      0xe0
1c68.4b7c:     Timestamp:       0x586627e1
1c68.4b7c:     Machine:         0x8664 - amd64
1c68.4b7c:     Timestamp:       0x586627e1
1c68.4b7c:     Image Version:   10.0
1c68.4b7c:     SizeOfImage:     0x215000 (2183168)
1c68.4b7c:     Resource Dir:    0x19e000 LB 0x75070
1c68.4b7c:     [Version info resource found at 0xd8! (ID/Name: 0x1; SubID/SubName: 0x409)]
1c68.4b7c:     [Raw version resource data: 0x19e0f0 LB 0x380, codepage 0x0 (reserved 0x0)]
1c68.4b7c:     ProductName:     Microsoft® Windows® Operating System
1c68.4b7c:     ProductVersion:  10.0.22621.2129
1c68.4b7c:     FileVersion:     10.0.22621.2129 (WinBuild.160101.0800)
1c68.4b7c:     FileDescription: NT Layer DLL
1c68.4b7c: \SystemRoot\System32\kernel32.dll:
1c68.4b7c:     CreationTime:    2023-08-05T02:21:16.496233900Z
1c68.4b7c:     LastWriteTime:   2023-08-05T02:21:16.512311500Z
1c68.4b7c:     ChangeTime:      2023-08-05T02:41:06.254268100Z
1c68.4b7c:     FileAttributes:  0x20
1c68.4b7c:     Size:            0xc7168
1c68.4b7c:     NT Headers:      0xe8
1c68.4b7c:     Timestamp:       0x133d8b6f
1c68.4b7c:     Machine:         0x8664 - amd64
1c68.4b7c:     Timestamp:       0x133d8b6f
1c68.4b7c:     Image Version:   10.0
1c68.4b7c:     SizeOfImage:     0xc4000 (802816)
1c68.4b7c:     Resource Dir:    0xc2000 LB 0x520
1c68.4b7c:     [Version info resource found at 0x90! (ID/Name: 0x1; SubID/SubName: 0x409)]
1c68.4b7c:     [Raw version resource data: 0xc20b0 LB 0x3a4, codepage 0x0 (reserved 0x0)]
1c68.4b7c:     ProductName:     Microsoft® Windows® Operating System
1c68.4b7c:     ProductVersion:  10.0.22621.2129
1c68.4b7c:     FileVersion:     10.0.22621.2129 (WinBuild.160101.0800)
1c68.4b7c:     FileDescription: Windows NT BASE API Client DLL
1c68.4b7c: \SystemRoot\System32\KernelBase.dll:
1c68.4b7c:     CreationTime:    2023-08-05T02:21:26.537662200Z
1c68.4b7c:     LastWriteTime:   2023-08-05T02:21:26.629765400Z
1c68.4b7c:     ChangeTime:      2023-08-05T02:41:07.504350800Z
1c68.4b7c:     FileAttributes:  0x20
1c68.4b7c:     Size:            0x3ab868
1c68.4b7c:     NT Headers:      0xf0
1c68.4b7c:     Timestamp:       0x44a3b0da
1c68.4b7c:     Machine:         0x8664 - amd64
1c68.4b7c:     Timestamp:       0x44a3b0da
1c68.4b7c:     Image Version:   10.0
1c68.4b7c:     SizeOfImage:     0x3a4000 (3817472)
1c68.4b7c:     Resource Dir:    0x373000 LB 0x548
1c68.4b7c:     [Version info resource found at 0x90! (ID/Name: 0x1; SubID/SubName: 0x409)]
1c68.4b7c:     [Raw version resource data: 0x3730b0 LB 0x3bc, codepage 0x0 (reserved 0x0)]
1c68.4b7c:     ProductName:     Microsoft® Windows® Operating System
1c68.4b7c:     ProductVersion:  10.0.22621.2129
1c68.4b7c:     FileVersion:     10.0.22621.2129 (WinBuild.160101.0800)
1c68.4b7c:     FileDescription: Windows NT BASE API Client DLL
1c68.4b7c: \SystemRoot\System32\apisetschema.dll:
1c68.4b7c:     CreationTime:    2023-08-05T02:21:12.662536200Z
1c68.4b7c:     LastWriteTime:   2023-08-05T02:21:12.666537800Z
1c68.4b7c:     ChangeTime:      2023-08-05T02:41:07.035569800Z
1c68.4b7c:     FileAttributes:  0x20
1c68.4b7c:     Size:            0x24548
1c68.4b7c:     NT Headers:      0xc8
1c68.4b7c:     Timestamp:       0x2b0f54e7
1c68.4b7c:     Machine:         0x8664 - amd64
1c68.4b7c:     Timestamp:       0x2b0f54e7
1c68.4b7c:     Image Version:   10.0
1c68.4b7c:     SizeOfImage:     0x23000 (143360)
1c68.4b7c:     Resource Dir:    0x22000 LB 0x408
1c68.4b7c:     [Version info resource found at 0x48! (ID/Name: 0x1; SubID/SubName: 0x409)]
1c68.4b7c:     [Raw version resource data: 0x22060 LB 0x3a8, codepage 0x0 (reserved 0x0)]
1c68.4b7c:     ProductName:     Microsoft® Windows® Operating System
1c68.4b7c:     ProductVersion:  10.0.22621.2129
1c68.4b7c:     FileVersion:     10.0.22621.2129 (WinBuild.160101.0800)
1c68.4b7c:     FileDescription: ApiSet Schema DLL
1c68.4b7c: NtOpenDirectoryObject failed on \Driver: 0xc0000022
1c68.4b7c: supR3HardenedWinFindAdversaries: 0x0
1c68.4b7c: supR3HardenedWinInitAppBin(0x0): '\Device\HarddiskVolume4\Program Files\Oracle\VirtualBox'
1c68.4b7c: Calling main()
1c68.4b7c: SUPR3HardenedMain: pszProgName=VirtualBoxVM fFlags=0x2
1c68.4b7c: supR3HardenedWinInitAppBin(0x2): '\Device\HarddiskVolume4\Program Files\Oracle\VirtualBox'
1c68.4b7c: SUPR3HardenedMain: Respawn #1
1c68.4b7c: System32:  \Device\HarddiskVolume4\Windows\System32
1c68.4b7c: WinSxS:    \Device\HarddiskVolume4\Windows\WinSxS
1c68.4b7c: KnownDllPath: C:\WINDOWS\System32
1c68.4b7c: supR3HardenedWinInit: Performing a limited self purification...
1c68.4b7c: supHardNtVpScanVirtualMemory: enmKind=SELF_PURIFICATION
1c68.4b7c:  *0000000000000000-000000007ffdffff 0x0001/0x0000 0x0000000
1c68.4b7c:  *000000007ffe0000-000000007ffe0fff 0x0002/0x0002 0x0020000
1c68.4b7c:   000000007ffe1000-000000007ffe6fff 0x0001/0x0000 0x0000000
1c68.4b7c:  *000000007ffe7000-000000007ffe7fff 0x0002/0x0002 0x0020000
1c68.4b7c:   000000007ffe8000-000000fe363fffff 0x0001/0x0000 0x0000000
1c68.4b7c:  *000000fe36400000-000000fe365f4fff 0x0000/0x0004 0x0020000
1c68.4b7c:   000000fe365f5000-000000fe365f7fff 0x0004/0x0004 0x0020000
1c68.4b7c:   000000fe365f8000-000000fe365fffff 0x0000/0x0004 0x0020000
1c68.4b7c:  *000000fe36600000-000000fe366b8fff 0x0000/0x0004 0x0020000
1c68.4b7c:   000000fe366b9000-000000fe366bbfff 0x0104/0x0004 0x0020000
1c68.4b7c:   000000fe366bc000-000000fe366fffff 0x0004/0x0004 0x0020000
1c68.4b7c:   000000fe36700000-0000024e5dd9ffff 0x0001/0x0000 0x0000000
1c68.4b7c:  *0000024e5dda0000-0000024e5ddaffff 0x0004/0x0004 0x0040000
1c68.4b7c:  *0000024e5ddb0000-0000024e5ddb2fff 0x0002/0x0002 0x0040000
1c68.4b7c:   0000024e5ddb3000-0000024e5ddbffff 0x0001/0x0000 0x0000000
1c68.4b7c:  *0000024e5ddc0000-0000024e5dddefff 0x0002/0x0002 0x0040000
1c68.4b7c:   0000024e5dddf000-0000024e5dddffff 0x0001/0x0000 0x0000000
1c68.4b7c:  *0000024e5dde0000-0000024e5dde3fff 0x0002/0x0002 0x0040000
1c68.4b7c:   0000024e5dde4000-0000024e5ddeffff 0x0001/0x0000 0x0000000
1c68.4b7c:  *0000024e5ddf0000-0000024e5ddf0fff 0x0002/0x0002 0x0040000
1c68.4b7c:   0000024e5ddf1000-0000024e5ddfffff 0x0001/0x0000 0x0000000
1c68.4b7c:  *0000024e5de00000-0000024e5de01fff 0x0004/0x0004 0x0020000
1c68.4b7c:   0000024e5de02000-0000024e5de0ffff 0x0001/0x0000 0x0000000
1c68.4b7c:  *0000024e5de10000-0000024e5de12fff 0x0002/0x0002 0x0040000
1c68.4b7c:   0000024e5de13000-0000024e5de1ffff 0x0001/0x0000 0x0000000
1c68.4b7c:  *0000024e5de20000-0000024e5de21fff 0x0004/0x0004 0x0020000
1c68.4b7c:   0000024e5de22000-0000024e5de81fff 0x0000/0x0004 0x0020000
1c68.4b7c:   0000024e5de82000-0000024e5de8ffff 0x0001/0x0000 0x0000000
1c68.4b7c:  *0000024e5de90000-0000024e5df5dfff 0x0002/0x0002 0x0040000
1c68.4b7c:   0000024e5df5e000-0000024e5df5ffff 0x0001/0x0000 0x0000000
1c68.4b7c:  *0000024e5df60000-0000024e5df60fff 0x0002/0x0002 0x0040000
1c68.4b7c:   0000024e5df61000-0000024e5df6ffff 0x0001/0x0000 0x0000000
1c68.4b7c:  *0000024e5df70000-0000024e5df70fff 0x0002/0x0002 0x0040000
1c68.4b7c:   0000024e5df71000-0000024e5df7ffff 0x0001/0x0000 0x0000000
1c68.4b7c:  *0000024e5df80000-0000024e5df80fff 0x0002/0x0002 0x0040000
1c68.4b7c:   0000024e5df81000-0000024e5df9ffff 0x0001/0x0000 0x0000000
1c68.4b7c:  *0000024e5dfa0000-0000024e5dfa9fff 0x0004/0x0004 0x0020000
1c68.4b7c:   0000024e5dfaa000-0000024e5e09ffff 0x0000/0x0004 0x0020000
1c68.4b7c:  *0000024e5e0a0000-0000024e5e0a1fff 0x0004/0x0004 0x0020000
1c68.4b7c:   0000024e5e0a2000-0000024e5e101fff 0x0000/0x0004 0x0020000
1c68.4b7c:   0000024e5e102000-0000024e5e17ffff 0x0001/0x0000 0x0000000
1c68.4b7c:  *0000024e5e180000-0000024e5e18efff 0x0004/0x0004 0x0020000
1c68.4b7c:   0000024e5e18f000-0000024e5e18ffff 0x0000/0x0004 0x0020000
1c68.4b7c:  *0000024e5e190000-0000024e5e19afff 0x0000/0x0004 0x0020000
1c68.4b7c:   0000024e5e19b000-0000024e5e3b0fff 0x0004/0x0004 0x0020000
1c68.4b7c:   0000024e5e3b1000-0000024e5e3b1fff 0x0000/0x0004 0x0020000
1c68.4b7c:   0000024e5e3b2000-0000024e5e3bffff 0x0001/0x0000 0x0000000
1c68.4b7c:  *0000024e5e3c0000-0000024e5e3edfff 0x0004/0x0004 0x0020000
1c68.4b7c:   0000024e5e3ee000-0000024e5e4bffff 0x0000/0x0004 0x0020000
1c68.4b7c:   0000024e5e4c0000-00007df4a4c2ffff 0x0001/0x0000 0x0000000
1c68.4b7c:  *00007df4a4c30000-00007df4a4c34fff 0x0002/0x0002 0x0040000
1c68.4b7c:   00007df4a4c35000-00007df4a4d2ffff 0x0000/0x0002 0x0040000
1c68.4b7c:  *00007df4a4d30000-00007df5a4d4ffff 0x0000/0x0004 0x0020000
1c68.4b7c:  *00007df5a4d50000-00007df5a6d4ffff 0x0000/0x0004 0x0020000
1c68.4b7c:   00007df5a6d50000-00007df5a6d50fff 0x0004/0x0004 0x0020000
1c68.4b7c:   00007df5a6d51000-00007df5a6d5ffff 0x0001/0x0000 0x0000000
1c68.4b7c:  *00007df5a6d60000-00007df5a6d60fff 0x0002/0x0002 0x0040000
1c68.4b7c:   00007df5a6d61000-00007df5a6d6ffff 0x0001/0x0000 0x0000000
1c68.4b7c:  *00007df5a6d70000-00007df5a871cfff 0x0000/0x0001 0x0040000
1c68.4b7c:   00007df5a871d000-00007df5a876afff 0x0001/0x0001 0x0040000
1c68.4b7c:   00007df5a876b000-00007df5a8b64fff 0x0000/0x0001 0x0040000
1c68.4b7c:   00007df5a8b65000-00007df5a8b65fff 0x0001/0x0001 0x0040000
1c68.4b7c:   00007df5a8b66000-00007ff586638fff 0x0000/0x0001 0x0040000
1c68.4b7c:   00007ff586639000-00007ff58663dfff 0x0002/0x0001 0x0040000
1c68.4b7c:   00007ff58663e000-00007ff59b940fff 0x0000/0x0001 0x0040000
1c68.4b7c:   00007ff59b941000-00007ff59e20efff 0x0001/0x0001 0x0040000
1c68.4b7c:   00007ff59e20f000-00007ff59e21dfff 0x0002/0x0001 0x0040000
1c68.4b7c:   00007ff59e21e000-00007ff59e24afff 0x0001/0x0001 0x0040000
1c68.4b7c:   00007ff59e24b000-00007ff59e24efff 0x0002/0x0001 0x0040000
1c68.4b7c:   00007ff59e24f000-00007ff59e2adfff 0x0001/0x0001 0x0040000
1c68.4b7c:   00007ff59e2ae000-00007ff59e2b7fff 0x0002/0x0001 0x0040000
1c68.4b7c:   00007ff59e2b8000-00007ff5a6d6ffff 0x0000/0x0001 0x0040000
1c68.4b7c:   00007ff5a6d70000-00007ff7e324ffff 0x0001/0x0000 0x0000000
1c68.4b7c:  *00007ff7e3250000-00007ff7e3250fff 0x0002/0x0080 0x1000000  \Device\HarddiskVolume4\Program Files\Oracle\VirtualBox\VirtualBoxVM.exe
1c68.4b7c:   00007ff7e3251000-00007ff7e32bafff 0x0020/0x0080 0x1000000  \Device\HarddiskVolume4\Program Files\Oracle\VirtualBox\VirtualBoxVM.exe
1c68.4b7c:   00007ff7e32bb000-00007ff7e32bbfff 0x0080/0x0080 0x1000000  \Device\HarddiskVolume4\Program Files\Oracle\VirtualBox\VirtualBoxVM.exe
1c68.4b7c:   00007ff7e32bc000-00007ff7e330efff 0x0002/0x0080 0x1000000  \Device\HarddiskVolume4\Program Files\Oracle\VirtualBox\VirtualBoxVM.exe
1c68.4b7c:   00007ff7e330f000-00007ff7e3311fff 0x0004/0x0080 0x1000000  \Device\HarddiskVolume4\Program Files\Oracle\VirtualBox\VirtualBoxVM.exe
1c68.4b7c:   00007ff7e3312000-00007ff7e3314fff 0x0008/0x0080 0x1000000  \Device\HarddiskVolume4\Program Files\Oracle\VirtualBox\VirtualBoxVM.exe
1c68.4b7c:   00007ff7e3315000-00007ff7e3317fff 0x0004/0x0080 0x1000000  \Device\HarddiskVolume4\Program Files\Oracle\VirtualBox\VirtualBoxVM.exe
1c68.4b7c:   00007ff7e3318000-00007ff7e3318fff 0x0008/0x0080 0x1000000  \Device\HarddiskVolume4\Program Files\Oracle\VirtualBox\VirtualBoxVM.exe
1c68.4b7c:   00007ff7e3319000-00007ff7e331afff 0x0004/0x0080 0x1000000  \Device\HarddiskVolume4\Program Files\Oracle\VirtualBox\VirtualBoxVM.exe
1c68.4b7c:   00007ff7e331b000-00007ff7e331bfff 0x0008/0x0080 0x1000000  \Device\HarddiskVolume4\Program Files\Oracle\VirtualBox\VirtualBoxVM.exe
1c68.4b7c:   00007ff7e331c000-00007ff7e3363fff 0x0002/0x0080 0x1000000  \Device\HarddiskVolume4\Program Files\Oracle\VirtualBox\VirtualBoxVM.exe
1c68.4b7c:   00007ff7e3364000-00007ffdd27bffff 0x0001/0x0000 0x0000000
1c68.4b7c:  *00007ffdd27c0000-00007ffdd27c0fff 0x0002/0x0080 0x1000000  \Device\HarddiskVolume4\Windows\System32\KernelBase.dll
1c68.4b7c:   00007ffdd27c1000-00007ffdd294ffff 0x0020/0x0080 0x1000000  \Device\HarddiskVolume4\Windows\System32\KernelBase.dll
1c68.4b7c:   00007ffdd2950000-00007ffdd2b13fff 0x0002/0x0080 0x1000000  \Device\HarddiskVolume4\Windows\System32\KernelBase.dll
1c68.4b7c:   00007ffdd2b14000-00007ffdd2b18fff 0x0004/0x0080 0x1000000  \Device\HarddiskVolume4\Windows\System32\KernelBase.dll
1c68.4b7c:   00007ffdd2b19000-00007ffdd2b63fff 0x0002/0x0080 0x1000000  \Device\HarddiskVolume4\Windows\System32\KernelBase.dll
1c68.4b7c:   00007ffdd2b64000-00007ffdd36bffff 0x0001/0x0000 0x0000000
1c68.4b7c:  *00007ffdd36c0000-00007ffdd36c0fff 0x0002/0x0080 0x1000000  \Device\HarddiskVolume4\Windows\System32\kernel32.dll
1c68.4b7c:   00007ffdd36c1000-00007ffdd3741fff 0x0020/0x0080 0x1000000  \Device\HarddiskVolume4\Windows\System32\kernel32.dll
1c68.4b7c:   00007ffdd3742000-00007ffdd3778fff 0x0002/0x0080 0x1000000  \Device\HarddiskVolume4\Windows\System32\kernel32.dll
1c68.4b7c:   00007ffdd3779000-00007ffdd3779fff 0x0004/0x0080 0x1000000  \Device\HarddiskVolume4\Windows\System32\kernel32.dll
1c68.4b7c:   00007ffdd377a000-00007ffdd377afff 0x0008/0x0080 0x1000000  \Device\HarddiskVolume4\Windows\System32\kernel32.dll
1c68.4b7c:   00007ffdd377b000-00007ffdd3783fff 0x0002/0x0080 0x1000000  \Device\HarddiskVolume4\Windows\System32\kernel32.dll
1c68.4b7c:   00007ffdd3784000-00007ffdd4faffff 0x0001/0x0000 0x0000000
1c68.4b7c:  *00007ffdd4fb0000-00007ffdd4fb0fff 0x0002/0x0080 0x1000000  \Device\HarddiskVolume4\Windows\System32\ntdll.dll
1c68.4b7c:   00007ffdd4fb1000-00007ffdd50e0fff 0x0020/0x0080 0x1000000  \Device\HarddiskVolume4\Windows\System32\ntdll.dll
1c68.4b7c:   00007ffdd50e1000-00007ffdd512dfff 0x0002/0x0080 0x1000000  \Device\HarddiskVolume4\Windows\System32\ntdll.dll
1c68.4b7c:   00007ffdd512e000-00007ffdd512efff 0x0004/0x0080 0x1000000  \Device\HarddiskVolume4\Windows\System32\ntdll.dll
1c68.4b7c:   00007ffdd512f000-00007ffdd5130fff 0x0008/0x0080 0x1000000  \Device\HarddiskVolume4\Windows\System32\ntdll.dll
1c68.4b7c:   00007ffdd5131000-00007ffdd5139fff 0x0004/0x0080 0x1000000  \Device\HarddiskVolume4\Windows\System32\ntdll.dll
1c68.4b7c:   00007ffdd513a000-00007ffdd51c4fff 0x0002/0x0080 0x1000000  \Device\HarddiskVolume4\Windows\System32\ntdll.dll
1c68.4b7c:   00007ffdd51c5000-00007ffffffeffff 0x0001/0x0000 0x0000000
1c68.4b7c: kernel32.dll: timestamp 0x133d8b6f (rc=VINF_SUCCESS)
1c68.4b7c: kernelbase.dll: timestamp 0x44a3b0da (rc=VINF_SUCCESS)
1c68.4b7c: VirtualBoxVM.exe: timestamp 0x652832c2 (rc=VINF_SUCCESS)
1c68.4b7c: \Device\HarddiskVolume4\Program Files\Oracle\VirtualBox\VirtualBoxVM.exe: Signature #1/2: info status: 24202
1c68.4b7c: '\Device\HarddiskVolume4\Program Files\Oracle\VirtualBox\VirtualBoxVM.exe' has no imports
1c68.4b7c: VirtualBoxVM.exe: Differences in section #7 (.00cfg) between file and memory:
1c68.4b7c:   00007ff7e3323000 / 0x00d3000: 00 != 90
1c68.4b7c:   00007ff7e3323001 / 0x00d3001: 0d != ea
1c68.4b7c:   00007ff7e3323002 / 0x00d3002: 27 != 03
1c68.4b7c:   00007ff7e3323003 / 0x00d3003: e3 != d5
1c68.4b7c:   00007ff7e3323004 / 0x00d3004: f7 != fd
1c68.4b7c:   00007ff7e3323008 / 0x00d3008: 00 != 90
1c68.4b7c:   00007ff7e3323009 / 0x00d3009: 0d != ea
1c68.4b7c:   00007ff7e332300a / 0x00d300a: 27 != 03
1c68.4b7c:   00007ff7e332300b / 0x00d300b: e3 != d5
1c68.4b7c:   00007ff7e332300c / 0x00d300c: f7 != fd
1c68.4b7c:   00007ff7e3323010 / 0x00d3010: 30 != d0
1c68.4b7c:   00007ff7e3323011 / 0x00d3011: aa != eb
1c68.4b7c:   00007ff7e3323012 / 0x00d3012: 2b != 03
1c68.4b7c:   00007ff7e3323013 / 0x00d3013: e3 != d5
1c68.4b7c:   00007ff7e3323014 / 0x00d3014: f7 != fd
1c68.4b7c:   00007ff7e3323018 / 0x00d3018: 50 != d0
1c68.4b7c:   00007ff7e3323019 / 0x00d3019: aa != eb
1c68.4b7c:   00007ff7e332301a / 0x00d301a: 2b != 03
1c68.4b7c:   00007ff7e332301b / 0x00d301b: e3 != d5
1c68.4b7c:   00007ff7e332301c / 0x00d301c: f7 != fd
1c68.4b7c:   00007ff7e3323020 / 0x00d3020: 50 != d0
1c68.4b7c:   00007ff7e3323021 / 0x00d3021: aa != eb
1c68.4b7c:   00007ff7e3323022 / 0x00d3022: 2b != 03
1c68.4b7c:   00007ff7e3323023 / 0x00d3023: e3 != d5
1c68.4b7c:   00007ff7e3323024 / 0x00d3024: f7 != fd
1c68.4b7c:   Restored 0x28 bytes of original file content at 00007ff7e3323000
1c68.4b7c: VirtualBoxVM.exe: Differences in section #8 (.rsrc) between file and memory:
1c68.4b7c:   00007ff7e33625f4 / 0x01125f4: 00 != 50
1c68.4b7c:   00007ff7e33625f5 / 0x01125f5: 00 != 41
1c68.4b7c:   00007ff7e33625f6 / 0x01125f6: 00 != 44
1c68.4b7c:   00007ff7e33625f7 / 0x01125f7: 00 != 44
1c68.4b7c:   00007ff7e33625f8 / 0x01125f8: 00 != 49
1c68.4b7c:   00007ff7e33625f9 / 0x01125f9: 00 != 4e
1c68.4b7c:   00007ff7e33625fa / 0x01125fa: 00 != 47
1c68.4b7c:   00007ff7e33625fb / 0x01125fb: 00 != 58
1c68.4b7c:   00007ff7e33625fc / 0x01125fc: 00 != 58
1c68.4b7c:   00007ff7e33625fd / 0x01125fd: 00 != 50
1c68.4b7c:   00007ff7e33625fe / 0x01125fe: 00 != 41
1c68.4b7c:   00007ff7e33625ff / 0x01125ff: 00 != 44
1c68.4b7c:   Restored 0xa0c bytes of original file content at 00007ff7e33625f4
1c68.4b7c: '\Device\HarddiskVolume4\Windows\System32\ntdll.dll' has no imports
1c68.4b7c: ntdll.dll: Differences in section #9 (.00cfg) between file and memory:
1c68.4b7c:   00007ffdd514d000 / 0x019d000: 10 != d0
1c68.4b7c:   00007ffdd514d001 / 0x019d001: 2a != eb
1c68.4b7c:   00007ffdd514d002 / 0x019d002: 05 != 03
1c68.4b7c:   00007ffdd514d008 / 0x019d008: 80 != 90
1c68.4b7c:   00007ffdd514d009 / 0x019d009: e9 != ea
1c68.4b7c:   00007ffdd514d010 / 0x019d010: 30 != d0
1c68.4b7c:   00007ffdd514d011 / 0x019d011: 2a != eb
1c68.4b7c:   00007ffdd514d012 / 0x019d012: 05 != 03
1c68.4b7c:   00007ffdd514d018 / 0x019d018: 30 != d0
1c68.4b7c:   00007ffdd514d019 / 0x019d019: 2a != eb
1c68.4b7c:   00007ffdd514d01a / 0x019d01a: 05 != 03
1c68.4b7c:   Restored 0x28 bytes of original file content at 00007ffdd514d000
1c68.4b7c: kernel32.dll: Differences in section #2 (.rdata) between file and memory:
1c68.4b7c:   00007ffdd37466e8 / 0x00866e8: 70 != 90
1c68.4b7c:   00007ffdd37466e9 / 0x00866e9: 02 != ea
1c68.4b7c:   00007ffdd37466ea / 0x00866ea: 6e != 03
1c68.4b7c:   00007ffdd37466eb / 0x00866eb: d3 != d5
1c68.4b7c:   00007ffdd37466f0 / 0x00866f0: 40 != d0
1c68.4b7c:   00007ffdd37466f1 / 0x00866f1: 46 != eb
1c68.4b7c:   00007ffdd37466f2 / 0x00866f2: 6e != 03
1c68.4b7c:   00007ffdd37466f3 / 0x00866f3: d3 != d5
1c68.4b7c:   00007ffdd37466f8 / 0x00866f8: 70 != 90
1c68.4b7c:   00007ffdd37466f9 / 0x00866f9: 02 != ea
1c68.4b7c:   00007ffdd37466fa / 0x00866fa: 6e != 03
1c68.4b7c:   00007ffdd37466fb / 0x00866fb: d3 != d5
1c68.4b7c:   00007ffdd3746700 / 0x0086700: 60 != d0
1c68.4b7c:   00007ffdd3746701 / 0x0086701: 46 != eb
1c68.4b7c:   00007ffdd3746702 / 0x0086702: 6e != 03
1c68.4b7c:   00007ffdd3746703 / 0x0086703: d3 != d5
1c68.4b7c:   00007ffdd3746708 / 0x0086708: 60 != d0
1c68.4b7c:   00007ffdd3746709 / 0x0086709: 46 != eb
1c68.4b7c:   00007ffdd374670a / 0x008670a: 6e != 03
1c68.4b7c:   00007ffdd374670b / 0x008670b: d3 != d5
1c68.4b7c:   Restored 0x2000 bytes of original file content at 00007ffdd3746000
1c68.4b7c: kernelbase.dll: Differences in section #2 (.rdata) between file and memory:
1c68.4b7c:   00007ffdd2a20410 / 0x0260410: 10 != 90
1c68.4b7c:   00007ffdd2a20411 / 0x0260411: 38 != ea
1c68.4b7c:   00007ffdd2a20412 / 0x0260412: 88 != 03
1c68.4b7c:   00007ffdd2a20413 / 0x0260413: d2 != d5
1c68.4b7c:   00007ffdd2a20418 / 0x0260418: c0 != d0
1c68.4b7c:   00007ffdd2a20419 / 0x0260419: 3b != eb
1c68.4b7c:   00007ffdd2a2041a / 0x026041a: 88 != 03
1c68.4b7c:   00007ffdd2a2041b / 0x026041b: d2 != d5
1c68.4b7c:   00007ffdd2a20420 / 0x0260420: 10 != 90
1c68.4b7c:   00007ffdd2a20421 / 0x0260421: 38 != ea
1c68.4b7c:   00007ffdd2a20422 / 0x0260422: 88 != 03
1c68.4b7c:   00007ffdd2a20423 / 0x0260423: d2 != d5
1c68.4b7c:   00007ffdd2a20428 / 0x0260428: e0 != d0
1c68.4b7c:   00007ffdd2a20429 / 0x0260429: 3b != eb
1c68.4b7c:   00007ffdd2a2042a / 0x026042a: 88 != 03
1c68.4b7c:   00007ffdd2a2042b / 0x026042b: d2 != d5
1c68.4b7c:   00007ffdd2a20430 / 0x0260430: e0 != d0
1c68.4b7c:   00007ffdd2a20431 / 0x0260431: 3b != eb
1c68.4b7c:   00007ffdd2a20432 / 0x0260432: 88 != 03
1c68.4b7c:   00007ffdd2a20433 / 0x0260433: d2 != d5
1c68.4b7c:   Restored 0x2000 bytes of original file content at 00007ffdd2a20000
1c68.4b7c: supHardNtVpCheckHandles:
1c68.4b7c: supR3HardenedWinInit: SUPHARDNTVPKIND_SELF_PURIFICATION_LIMITED -> VINF_SUCCESS, cFixes=5
1c68.4b7c: \Device\HarddiskVolume4\Program Files\Oracle\VirtualBox\VirtualBoxVM.exe: Signature #1/2: info status: 24202
1c68.4b7c: '\Device\HarddiskVolume4\Program Files\Oracle\VirtualBox\VirtualBoxVM.exe' has no imports
1c68.4b7c: supHardenedWinVerifyImageByHandle: -> 24202 (\Device\HarddiskVolume4\Program Files\Oracle\VirtualBox\VirtualBoxVM.exe)
1c68.4b7c: supR3HardNtEnableThreadCreationEx:
1c68.4b7c: supR3HardNtDisableThreadCreation: pvLdrInitThunk=00007ffdd5023df0 pvNtTerminateThread=00007ffdd504f7b0
1c68.4b7c: supR3HardenedWinDoReSpawn(1): New child 4220.372c [kernel32].
1c68.4b7c: supR3HardNtChildGatherData: PebBaseAddress=000000171c7f9000 cbPeb=0x388
1c68.4b7c: supR3HardNtPuChFindNtdll: uNtDllParentAddr=00007ffdd4fb0000 uNtDllChildAddr=00007ffdd4fb0000
1c68.4b7c: supR3HardenedWinSetupChildInit: uLdrInitThunk=00007ffdd5023df0
1c68.4b7c: supR3HardenedWinSetupChildInit: Initial context:
  rax=0000000000000000 rbx=0000000000000000 rcx=00007ff7e325b7a0 rdx=000000171c7f9000
  rsi=0000000000000000 rdi=0000000000000000 r8 =0000000000000000 r9 =0000000000000000
  r10=0000000000000000 r11=0000000000000000 r12=0000000000000000 r13=0000000000000000
  r14=0000000000000000 r15=0000000000000000  P1=0000000000000000  P2=0000000000000000
  rip=00007ffdd500aa50 rsp=000000171c5ffaa8 rbp=0000000000000000    ctxflags=0010001b
  cs=0033 ss=002b ds=0000 es=0000 fs=0000 gs=0000    eflags=00000200   mxcrx=00001f80
   P3=0000000000000000  P4=0000000000000000  P5=0000000000000000  P6=0000000000000000
  dr0=0000000000000000 dr1=0000000000000000 dr2=0000000000000000 dr3=0000000000000000
  dr6=0000000000000000 dr7=0000000000000000 vcr=0000000000000000 dcr=0000000000000000
  lbt=0000000000000000 lbf=0000000000000000 lxt=0000000000000000 lxf=0000000000000000
1c68.4b7c: supR3HardenedWinSetupChildInit: Start child.
1c68.4b7c: supR3HardNtChildWaitFor: Found expected request 0 (PurifyChildAndCloseHandles) after 0 ms.
1c68.4b7c: supR3HardNtChildPurify: Startup delay kludge #1/0: 260 ms, 17 sleeps
1c68.4b7c: supHardNtVpScanVirtualMemory: enmKind=CHILD_PURIFICATION
1c68.4b7c:  *0000000000000000-000000007ffdffff 0x0001/0x0000 0x0000000
1c68.4b7c:  *000000007ffe0000-000000007ffe0fff 0x0002/0x0002 0x0020000
1c68.4b7c:   000000007ffe1000-000000007ffe6fff 0x0001/0x0000 0x0000000
1c68.4b7c:  *000000007ffe7000-000000007ffe7fff 0x0002/0x0002 0x0020000
1c68.4b7c:   000000007ffe8000-000000171c4fffff 0x0001/0x0000 0x0000000
1c68.4b7c:  *000000171c500000-000000171c5fafff 0x0000/0x0004 0x0020000
1c68.4b7c:   000000171c5fb000-000000171c5fdfff 0x0104/0x0004 0x0020000
1c68.4b7c:   000000171c5fe000-000000171c5fffff 0x0004/0x0004 0x0020000
1c68.4b7c:  *000000171c600000-000000171c7f8fff 0x0000/0x0004 0x0020000
1c68.4b7c:   000000171c7f9000-000000171c7fbfff 0x0004/0x0004 0x0020000
1c68.4b7c:   000000171c7fc000-000000171c7fffff 0x0000/0x0004 0x0020000
1c68.4b7c:   000000171c800000-0000017b4484ffff 0x0001/0x0000 0x0000000
1c68.4b7c:  *0000017b44850000-0000017b4486ffff 0x0004/0x0004 0x0020000
1c68.4b7c:  *0000017b44870000-0000017b4488efff 0x0002/0x0002 0x0040000
1c68.4b7c:   0000017b4488f000-0000017b4488ffff 0x0001/0x0000 0x0000000
1c68.4b7c:  *0000017b44890000-0000017b44893fff 0x0002/0x0002 0x0040000
1c68.4b7c:   0000017b44894000-0000017b4489ffff 0x0001/0x0000 0x0000000
1c68.4b7c:  *0000017b448a0000-0000017b448a0fff 0x0002/0x0002 0x0040000
1c68.4b7c:   0000017b448a1000-0000017b448affff 0x0001/0x0000 0x0000000
1c68.4b7c:  *0000017b448b0000-0000017b448b1fff 0x0004/0x0004 0x0020000
1c68.4b7c:   0000017b448b2000-00007df5f589ffff 0x0001/0x0000 0x0000000
1c68.4b7c:  *00007df5f58a0000-00007df5f58a0fff 0x0002/0x0002 0x0040000
1c68.4b7c:   00007df5f58a1000-00007df5f58affff 0x0001/0x0000 0x0000000
1c68.4b7c:  *00007df5f58b0000-00007df5f725cfff 0x0000/0x0001 0x0040000
1c68.4b7c:   00007df5f725d000-00007df5f72aafff 0x0001/0x0001 0x0040000
1c68.4b7c:   00007df5f72ab000-00007df5f76a4fff 0x0000/0x0001 0x0040000
1c68.4b7c:   00007df5f76a5000-00007df5f76a5fff 0x0001/0x0001 0x0040000
1c68.4b7c:   00007df5f76a6000-00007ff5d5178fff 0x0000/0x0001 0x0040000
1c68.4b7c:   00007ff5d5179000-00007ff5d517dfff 0x0002/0x0001 0x0040000
1c68.4b7c:   00007ff5d517e000-00007ff5ea480fff 0x0000/0x0001 0x0040000
1c68.4b7c:   00007ff5ea481000-00007ff5ecdedfff 0x0001/0x0001 0x0040000
1c68.4b7c:   00007ff5ecdee000-00007ff5ecdf7fff 0x0002/0x0001 0x0040000
1c68.4b7c:   00007ff5ecdf8000-00007ff5f58affff 0x0000/0x0001 0x0040000
1c68.4b7c:   00007ff5f58b0000-00007ff7e324ffff 0x0001/0x0000 0x0000000
1c68.4b7c:  *00007ff7e3250000-00007ff7e3250fff 0x0002/0x0080 0x1000000  \Device\HarddiskVolume4\Program Files\Oracle\VirtualBox\VirtualBoxVM.exe
1c68.4b7c:   00007ff7e3251000-00007ff7e32bafff 0x0020/0x0080 0x1000000  \Device\HarddiskVolume4\Program Files\Oracle\VirtualBox\VirtualBoxVM.exe
1c68.4b7c:   00007ff7e32bb000-00007ff7e32bbfff 0x0080/0x0080 0x1000000  \Device\HarddiskVolume4\Program Files\Oracle\VirtualBox\VirtualBoxVM.exe
1c68.4b7c:   00007ff7e32bc000-00007ff7e330efff 0x0002/0x0080 0x1000000  \Device\HarddiskVolume4\Program Files\Oracle\VirtualBox\VirtualBoxVM.exe
1c68.4b7c:   00007ff7e330f000-00007ff7e330ffff 0x0004/0x0080 0x1000000  \Device\HarddiskVolume4\Program Files\Oracle\VirtualBox\VirtualBoxVM.exe
1c68.4b7c:   00007ff7e3310000-00007ff7e3310fff 0x0008/0x0080 0x1000000  \Device\HarddiskVolume4\Program Files\Oracle\VirtualBox\VirtualBoxVM.exe
1c68.4b7c:   00007ff7e3311000-00007ff7e3315fff 0x0004/0x0080 0x1000000  \Device\HarddiskVolume4\Program Files\Oracle\VirtualBox\VirtualBoxVM.exe
1c68.4b7c:   00007ff7e3316000-00007ff7e331bfff 0x0008/0x0080 0x1000000  \Device\HarddiskVolume4\Program Files\Oracle\VirtualBox\VirtualBoxVM.exe
1c68.4b7c:   00007ff7e331c000-00007ff7e3363fff 0x0002/0x0080 0x1000000  \Device\HarddiskVolume4\Program Files\Oracle\VirtualBox\VirtualBoxVM.exe
1c68.4b7c:   00007ff7e3364000-00007ffdd4faffff 0x0001/0x0000 0x0000000
1c68.4b7c:  *00007ffdd4fb0000-00007ffdd4fb0fff 0x0002/0x0080 0x1000000  \Device\HarddiskVolume4\Windows\System32\ntdll.dll
1c68.4b7c:   00007ffdd4fb1000-00007ffdd50e0fff 0x0020/0x0080 0x1000000  \Device\HarddiskVolume4\Windows\System32\ntdll.dll
1c68.4b7c:   00007ffdd50e1000-00007ffdd512dfff 0x0002/0x0080 0x1000000  \Device\HarddiskVolume4\Windows\System32\ntdll.dll
1c68.4b7c:   00007ffdd512e000-00007ffdd5139fff 0x0008/0x0080 0x1000000  \Device\HarddiskVolume4\Windows\System32\ntdll.dll
1c68.4b7c:   00007ffdd513a000-00007ffdd5148fff 0x0002/0x0080 0x1000000  \Device\HarddiskVolume4\Windows\System32\ntdll.dll
1c68.4b7c:   00007ffdd5149000-00007ffdd5149fff 0x0004/0x0080 0x1000000  \Device\HarddiskVolume4\Windows\System32\ntdll.dll
1c68.4b7c:   00007ffdd514a000-00007ffdd514cfff 0x0008/0x0080 0x1000000  \Device\HarddiskVolume4\Windows\System32\ntdll.dll
1c68.4b7c:   00007ffdd514d000-00007ffdd51c4fff 0x0002/0x0080 0x1000000  \Device\HarddiskVolume4\Windows\System32\ntdll.dll
1c68.4b7c:   00007ffdd51c5000-00007ffffffeffff 0x0001/0x0000 0x0000000
1c68.4b7c: VirtualBoxVM.exe: Differences in section #8 (.rsrc) between file and memory:
1c68.4b7c:   00007ff7e33625f4 / 0x01125f4: 00 != 50
1c68.4b7c:   00007ff7e33625f5 / 0x01125f5: 00 != 41
1c68.4b7c:   00007ff7e33625f6 / 0x01125f6: 00 != 44
1c68.4b7c:   00007ff7e33625f7 / 0x01125f7: 00 != 44
1c68.4b7c:   00007ff7e33625f8 / 0x01125f8: 00 != 49
1c68.4b7c:   00007ff7e33625f9 / 0x01125f9: 00 != 4e
1c68.4b7c:   00007ff7e33625fa / 0x01125fa: 00 != 47
1c68.4b7c:   00007ff7e33625fb / 0x01125fb: 00 != 58
1c68.4b7c:   00007ff7e33625fc / 0x01125fc: 00 != 58
1c68.4b7c:   00007ff7e33625fd / 0x01125fd: 00 != 50
1c68.4b7c:   00007ff7e33625fe / 0x01125fe: 00 != 41
1c68.4b7c:   00007ff7e33625ff / 0x01125ff: 00 != 44
1c68.4b7c:   Restored 0xa0c bytes of original file content at 00007ff7e33625f4
1c68.4b7c: supR3HardNtChildPurify: cFixes=1 g_fSupAdversaries=0x80000000
1c68.4b7c: supR3HardNtChildPurify: Startup delay kludge #1/1: 525 ms, 34 sleeps
1c68.4b7c: supHardNtVpScanVirtualMemory: enmKind=CHILD_PURIFICATION
1c68.4b7c:  *0000000000000000-000000007ffdffff 0x0001/0x0000 0x0000000
1c68.4b7c:  *000000007ffe0000-000000007ffe0fff 0x0002/0x0002 0x0020000
1c68.4b7c:   000000007ffe1000-000000007ffe6fff 0x0001/0x0000 0x0000000
1c68.4b7c:  *000000007ffe7000-000000007ffe7fff 0x0002/0x0002 0x0020000
1c68.4b7c:   000000007ffe8000-000000171c4fffff 0x0001/0x0000 0x0000000
1c68.4b7c:  *000000171c500000-000000171c5fafff 0x0000/0x0004 0x0020000
1c68.4b7c:   000000171c5fb000-000000171c5fdfff 0x0104/0x0004 0x0020000
1c68.4b7c:   000000171c5fe000-000000171c5fffff 0x0004/0x0004 0x0020000
1c68.4b7c:  *000000171c600000-000000171c7f8fff 0x0000/0x0004 0x0020000
1c68.4b7c:   000000171c7f9000-000000171c7fbfff 0x0004/0x0004 0x0020000
1c68.4b7c:   000000171c7fc000-000000171c7fffff 0x0000/0x0004 0x0020000
1c68.4b7c:   000000171c800000-0000017b4484ffff 0x0001/0x0000 0x0000000
1c68.4b7c:  *0000017b44850000-0000017b4486ffff 0x0004/0x0004 0x0020000
1c68.4b7c:  *0000017b44870000-0000017b4488efff 0x0002/0x0002 0x0040000
1c68.4b7c:   0000017b4488f000-0000017b4488ffff 0x0001/0x0000 0x0000000
1c68.4b7c:  *0000017b44890000-0000017b44893fff 0x0002/0x0002 0x0040000
1c68.4b7c:   0000017b44894000-0000017b4489ffff 0x0001/0x0000 0x0000000
1c68.4b7c:  *0000017b448a0000-0000017b448a0fff 0x0002/0x0002 0x0040000
1c68.4b7c:   0000017b448a1000-0000017b448affff 0x0001/0x0000 0x0000000
1c68.4b7c:  *0000017b448b0000-0000017b448b1fff 0x0004/0x0004 0x0020000
1c68.4b7c:   0000017b448b2000-00007df5f589ffff 0x0001/0x0000 0x0000000
1c68.4b7c:  *00007df5f58a0000-00007df5f58a0fff 0x0002/0x0002 0x0040000
1c68.4b7c:   00007df5f58a1000-00007df5f58affff 0x0001/0x0000 0x0000000
1c68.4b7c:  *00007df5f58b0000-00007df5f725cfff 0x0000/0x0001 0x0040000
1c68.4b7c:   00007df5f725d000-00007df5f72aafff 0x0001/0x0001 0x0040000
1c68.4b7c:   00007df5f72ab000-00007df5f76a4fff 0x0000/0x0001 0x0040000
1c68.4b7c:   00007df5f76a5000-00007df5f76a5fff 0x0001/0x0001 0x0040000
1c68.4b7c:   00007df5f76a6000-00007ff5d5178fff 0x0000/0x0001 0x0040000
1c68.4b7c:   00007ff5d5179000-00007ff5d517dfff 0x0002/0x0001 0x0040000
1c68.4b7c:   00007ff5d517e000-00007ff5ea480fff 0x0000/0x0001 0x0040000
1c68.4b7c:   00007ff5ea481000-00007ff5ecdedfff 0x0001/0x0001 0x0040000
1c68.4b7c:   00007ff5ecdee000-00007ff5ecdf7fff 0x0002/0x0001 0x0040000
1c68.4b7c:   00007ff5ecdf8000-00007ff5f58affff 0x0000/0x0001 0x0040000
1c68.4b7c:   00007ff5f58b0000-00007ff7e324ffff 0x0001/0x0000 0x0000000
1c68.4b7c:  *00007ff7e3250000-00007ff7e3250fff 0x0002/0x0080 0x1000000  \Device\HarddiskVolume4\Program Files\Oracle\VirtualBox\VirtualBoxVM.exe
1c68.4b7c:   00007ff7e3251000-00007ff7e32bafff 0x0020/0x0080 0x1000000  \Device\HarddiskVolume4\Program Files\Oracle\VirtualBox\VirtualBoxVM.exe
1c68.4b7c:   00007ff7e32bb000-00007ff7e32bbfff 0x0040/0x0080 0x1000000  \Device\HarddiskVolume4\Program Files\Oracle\VirtualBox\VirtualBoxVM.exe
1c68.4b7c:   00007ff7e32bc000-00007ff7e330efff 0x0002/0x0080 0x1000000  \Device\HarddiskVolume4\Program Files\Oracle\VirtualBox\VirtualBoxVM.exe
1c68.4b7c:   00007ff7e330f000-00007ff7e331bfff 0x0004/0x0080 0x1000000  \Device\HarddiskVolume4\Program Files\Oracle\VirtualBox\VirtualBoxVM.exe
1c68.4b7c:   00007ff7e331c000-00007ff7e3363fff 0x0002/0x0080 0x1000000  \Device\HarddiskVolume4\Program Files\Oracle\VirtualBox\VirtualBoxVM.exe
1c68.4b7c:   00007ff7e3364000-00007ffdd4faffff 0x0001/0x0000 0x0000000
1c68.4b7c:  *00007ffdd4fb0000-00007ffdd4fb0fff 0x0002/0x0080 0x1000000  \Device\HarddiskVolume4\Windows\System32\ntdll.dll
1c68.4b7c:   00007ffdd4fb1000-00007ffdd50e0fff 0x0020/0x0080 0x1000000  \Device\HarddiskVolume4\Windows\System32\ntdll.dll
1c68.4b7c:   00007ffdd50e1000-00007ffdd512dfff 0x0002/0x0080 0x1000000  \Device\HarddiskVolume4\Windows\System32\ntdll.dll
1c68.4b7c:   00007ffdd512e000-00007ffdd5131fff 0x0008/0x0080 0x1000000  \Device\HarddiskVolume4\Windows\System32\ntdll.dll
1c68.4b7c:   00007ffdd5132000-00007ffdd5139fff 0x0004/0x0080 0x1000000  \Device\HarddiskVolume4\Windows\System32\ntdll.dll
1c68.4b7c:   00007ffdd513a000-00007ffdd5148fff 0x0002/0x0080 0x1000000  \Device\HarddiskVolume4\Windows\System32\ntdll.dll
1c68.4b7c:   00007ffdd5149000-00007ffdd5149fff 0x0004/0x0080 0x1000000  \Device\HarddiskVolume4\Windows\System32\ntdll.dll
1c68.4b7c:   00007ffdd514a000-00007ffdd514cfff 0x0008/0x0080 0x1000000  \Device\HarddiskVolume4\Windows\System32\ntdll.dll
1c68.4b7c:   00007ffdd514d000-00007ffdd51c4fff 0x0002/0x0080 0x1000000  \Device\HarddiskVolume4\Windows\System32\ntdll.dll
1c68.4b7c:   00007ffdd51c5000-00007ffffffeffff 0x0001/0x0000 0x0000000
1c68.4b7c: supR3HardNtChildPurify: Done after 789 ms and 1 fixes (loop #1).
4220.372c: supR3HardenedVmProcessInit: uNtDllAddr=00007ffdd4fb0000 g_uNtVerCombined=0xa0586700 (stack ~000000171c5fe870)
4220.372c: ntdll.dll: timestamp 0x586627e1 (rc=VINF_SUCCESS)
4220.372c: New simple heap: #1 0000017b449c0000 LB 0x800000 (for 2183168 allocation)
1c68.4b7c: supR3HardNtEnableThreadCreationEx:
4220.372c: supR3HardenedWinInitAppBin(0x0): '\Device\HarddiskVolume4\Program Files\Oracle\VirtualBox'
4220.372c: System32:  \Device\HarddiskVolume4\Windows\System32
4220.372c: WinSxS:    \Device\HarddiskVolume4\Windows\WinSxS
4220.372c: KnownDllPath: C:\WINDOWS\System32
4220.372c: supR3HardenedVmProcessInit: Opening vboxsup stub...
4220.372c: supR3HardenedVmProcessInit: Restoring LdrInitializeThunk...
4220.372c: supR3HardenedVmProcessInit: Returning to LdrInitializeThunk...
4220.372c: Registered Dll notification callback with NTDLL.
4220.372c: supHardenedWinVerifyImageByHandle: -> 0 (\Device\HarddiskVolume4\Windows\System32\kernel32.dll)
4220.372c: supR3HardenedWinVerifyCacheInsert: \Device\HarddiskVolume4\Windows\System32\kernel32.dll
4220.372c: supR3HardenedMonitor_LdrLoadDll: pName=C:\WINDOWS\System32\KERNEL32.DLL (Input=KERNEL32.DLL, rcNtResolve=0xc0150008) *pfFlags=0xffffffff pwszSearchPath=0000000000004001:<flags> [calling]
4220.372c: supR3HardenedDllNotificationCallback: load   00007ffdd27c0000 LB 0x003a4000 C:\WINDOWS\System32\KERNELBASE.dll [fFlags=0x0]
4220.372c: supHardenedWinVerifyImageByHandle: -> 0 (\Device\HarddiskVolume4\Windows\System32\KernelBase.dll)
4220.372c: supR3HardenedWinVerifyCacheInsert: \Device\HarddiskVolume4\Windows\System32\KernelBase.dll
4220.372c: supR3HardenedDllNotificationCallback: load   00007ffdd36c0000 LB 0x000c4000 C:\WINDOWS\System32\KERNEL32.DLL [fFlags=0x0]
4220.372c: supR3HardenedScreenImage/LdrLoadDll: cache hit (VINF_SUCCESS) on \Device\HarddiskVolume4\Windows\System32\kernel32.dll [lacks WinVerifyTrust]
4220.372c: supR3HardenedMonitor_LdrLoadDll: returns rcNt=0x0 hMod=00007ffdd36c0000 'C:\WINDOWS\System32\KERNEL32.DLL'
4220.372c: supR3HardenedDllNotificationCallback: load   00007ff7e3250000 LB 0x00114000 C:\Program Files\Oracle\VirtualBox\VirtualBoxVM.exe [fFlags=0x0]
4220.372c: \Device\HarddiskVolume4\Program Files\Oracle\VirtualBox\VirtualBoxVM.exe: Signature #1/2: info status: 24202
4220.372c: '\Device\HarddiskVolume4\Program Files\Oracle\VirtualBox\VirtualBoxVM.exe' has no imports
4220.372c: supHardenedWinVerifyImageByHandle: -> 24202 (\Device\HarddiskVolume4\Program Files\Oracle\VirtualBox\VirtualBoxVM.exe)
4220.372c: supR3HardenedWinVerifyCacheInsert: \Device\HarddiskVolume4\Program Files\Oracle\VirtualBox\VirtualBoxVM.exe
4220.372c: supR3HardNtDisableThreadCreation: pvLdrInitThunk=00007ffdd5023df0 pvNtTerminateThread=00007ffdd504f7b0
1c68.4b7c: supR3HardNtChildWaitFor: Found expected request 1 (CloseEvents) after 61 ms.
4220.372c: \SystemRoot\System32\ntdll.dll:
4220.372c:     CreationTime:    2023-08-05T02:21:25.933669600Z
4220.372c:     LastWriteTime:   2023-08-05T02:21:25.967251300Z
4220.372c:     ChangeTime:      2023-08-05T02:41:07.785619400Z
4220.372c:     FileAttributes:  0x20
4220.372c:     Size:            0x213fa0
4220.372c:     NT Headers:      0xe0
4220.372c:     Timestamp:       0x586627e1
4220.372c:     Machine:         0x8664 - amd64
4220.372c:     Timestamp:       0x586627e1
4220.372c:     Image Version:   10.0
4220.372c:     SizeOfImage:     0x215000 (2183168)
4220.372c:     Resource Dir:    0x19e000 LB 0x75070
4220.372c:     [Version info resource found at 0xd8! (ID/Name: 0x1; SubID/SubName: 0x409)]
4220.372c:     [Raw version resource data: 0x19e0f0 LB 0x380, codepage 0x0 (reserved 0x0)]
4220.372c:     ProductName:     Microsoft® Windows® Operating System
4220.372c:     ProductVersion:  10.0.22621.2129
4220.372c:     FileVersion:     10.0.22621.2129 (WinBuild.160101.0800)
4220.372c:     FileDescription: NT Layer DLL
4220.372c: \SystemRoot\System32\kernel32.dll:
4220.372c:     CreationTime:    2023-08-05T02:21:16.496233900Z
4220.372c:     LastWriteTime:   2023-08-05T02:21:16.512311500Z
4220.372c:     ChangeTime:      2023-08-05T02:41:06.254268100Z
4220.372c:     FileAttributes:  0x20
4220.372c:     Size:            0xc7168
4220.372c:     NT Headers:      0xe8
4220.372c:     Timestamp:       0x133d8b6f
4220.372c:     Machine:         0x8664 - amd64
4220.372c:     Timestamp:       0x133d8b6f
4220.372c:     Image Version:   10.0
4220.372c:     SizeOfImage:     0xc4000 (802816)
4220.372c:     Resource Dir:    0xc2000 LB 0x520
4220.372c:     [Version info resource found at 0x90! (ID/Name: 0x1; SubID/SubName: 0x409)]
4220.372c:     [Raw version resource data: 0xc20b0 LB 0x3a4, codepage 0x0 (reserved 0x0)]
4220.372c:     ProductName:     Microsoft® Windows® Operating System
4220.372c:     ProductVersion:  10.0.22621.2129
4220.372c:     FileVersion:     10.0.22621.2129 (WinBuild.160101.0800)
4220.372c:     FileDescription: Windows NT BASE API Client DLL
4220.372c: \SystemRoot\System32\KernelBase.dll:
4220.372c:     CreationTime:    2023-08-05T02:21:26.537662200Z
4220.372c:     LastWriteTime:   2023-08-05T02:21:26.629765400Z
4220.372c:     ChangeTime:      2023-08-05T02:41:07.504350800Z
4220.372c:     FileAttributes:  0x20
4220.372c:     Size:            0x3ab868
4220.372c:     NT Headers:      0xf0
4220.372c:     Timestamp:       0x44a3b0da
4220.372c:     Machine:         0x8664 - amd64
4220.372c:     Timestamp:       0x44a3b0da
4220.372c:     Image Version:   10.0
4220.372c:     SizeOfImage:     0x3a4000 (3817472)
4220.372c:     Resource Dir:    0x373000 LB 0x548
4220.372c:     [Version info resource found at 0x90! (ID/Name: 0x1; SubID/SubName: 0x409)]
4220.372c:     [Raw version resource data: 0x3730b0 LB 0x3bc, codepage 0x0 (reserved 0x0)]
4220.372c:     ProductName:     Microsoft® Windows® Operating System
4220.372c:     ProductVersion:  10.0.22621.2129
4220.372c:     FileVersion:     10.0.22621.2129 (WinBuild.160101.0800)
4220.372c:     FileDescription: Windows NT BASE API Client DLL
4220.372c: \SystemRoot\System32\apisetschema.dll:
4220.372c:     CreationTime:    2023-08-05T02:21:12.662536200Z
4220.372c:     LastWriteTime:   2023-08-05T02:21:12.666537800Z
4220.372c:     ChangeTime:      2023-08-05T02:41:07.035569800Z
4220.372c:     FileAttributes:  0x20
4220.372c:     Size:            0x24548
4220.372c:     NT Headers:      0xc8
4220.372c:     Timestamp:       0x2b0f54e7
4220.372c:     Machine:         0x8664 - amd64
4220.372c:     Timestamp:       0x2b0f54e7
4220.372c:     Image Version:   10.0
4220.372c:     SizeOfImage:     0x23000 (143360)
4220.372c:     Resource Dir:    0x22000 LB 0x408
4220.372c:     [Version info resource found at 0x48! (ID/Name: 0x1; SubID/SubName: 0x409)]
4220.372c:     [Raw version resource data: 0x22060 LB 0x3a8, codepage 0x0 (reserved 0x0)]
4220.372c:     ProductName:     Microsoft® Windows® Operating System
4220.372c:     ProductVersion:  10.0.22621.2129
4220.372c:     FileVersion:     10.0.22621.2129 (WinBuild.160101.0800)
4220.372c:     FileDescription: ApiSet Schema DLL
4220.372c: NtOpenDirectoryObject failed on \Driver: 0xc0000022
4220.372c: supR3HardenedWinFindAdversaries: 0x0
4220.372c: supR3HardenedWinInitAppBin(0x0): '\Device\HarddiskVolume4\Program Files\Oracle\VirtualBox'
4220.372c: Calling main()
4220.372c: SUPR3HardenedMain: pszProgName=VirtualBoxVM fFlags=0x2
4220.372c: supR3HardenedWinInitAppBin(0x2): '\Device\HarddiskVolume4\Program Files\Oracle\VirtualBox'
4220.372c: \Device\HarddiskVolume4\Program Files\Oracle\VirtualBox\VirtualBoxVM.exe: Signature #1/2: info status: 24202
4220.372c: '\Device\HarddiskVolume4\Program Files\Oracle\VirtualBox\VirtualBoxVM.exe' has no imports
4220.372c: supHardenedWinVerifyImageByHandle: -> 24202 (\Device\HarddiskVolume4\Program Files\Oracle\VirtualBox\VirtualBoxVM.exe)
4220.372c: SUPR3HardenedMain: Respawn #2
4220.372c: supR3HardNtEnableThreadCreationEx:
4220.372c: supR3HardenedDllNotificationCallback: load   00007ffdd35a0000 LB 0x000a6000 C:\WINDOWS\System32\sechost.dll [fFlags=0x0]
4220.372c: supHardenedWinVerifyImageByHandle: -> 0 (\Device\HarddiskVolume4\Windows\System32\sechost.dll)
4220.372c: supR3HardenedWinVerifyCacheInsert: \Device\HarddiskVolume4\Windows\System32\sechost.dll
4220.372c: '\Device\HarddiskVolume4\Windows\System32\ntdll.dll' has no imports
4220.372c: supHardenedWinVerifyImageByHandle: -> 0 (\Device\HarddiskVolume4\Windows\System32\ntdll.dll)
4220.372c: supR3HardenedWinVerifyCacheInsert: \Device\HarddiskVolume4\Windows\System32\ntdll.dll
4220.372c: supR3HardenedMonitor_LdrLoadDll: pName=C:\WINDOWS\System32\ntdll.dll (Input=ntdll.dll, rcNtResolve=0xc0150008) *pfFlags=0x0 pwszSearchPath=0000000000000801:<flags> [calling]
4220.372c: supR3HardenedMonitor_LdrLoadDll: returns rcNt=0x0 hMod=00007ffdd4fb0000 'C:\WINDOWS\System32\ntdll.dll'
4220.372c: supR3HardenedScreenImage/LdrLoadDll: cache hit (VINF_SUCCESS) on \Device\HarddiskVolume4\Windows\System32\KernelBase.dll [lacks WinVerifyTrust]
4220.372c: supR3HardenedMonitor_LdrLoadDll: pName=C:\WINDOWS\System32\KernelBase.dll (Input=KernelBase, rcNtResolve=0xc0150008) *pfFlags=0x0 pwszSearchPath=0000000000000801:<flags> [calling]
4220.372c: supR3HardenedMonitor_LdrLoadDll: returns rcNt=0x0 hMod=00007ffdd27c0000 'C:\WINDOWS\System32\KernelBase.dll'
4220.372c: supR3HardNtDisableThreadCreation: pvLdrInitThunk=00007ffdd5023df0 pvNtTerminateThread=00007ffdd504f7b0
4220.372c: supR3HardenedWinDoReSpawn(2): New child 2638.19f4 [kernel32].
4220.372c: supR3HardenedWinReSpawn: NtSetInformationThread/ThreadHideFromDebugger failed: 0xc0000022 (harmless)
4220.372c: supR3HardNtChildGatherData: PebBaseAddress=0000004d2493e000 cbPeb=0x388
4220.372c: supR3HardNtPuChFindNtdll: uNtDllParentAddr=00007ffdd4fb0000 uNtDllChildAddr=00007ffdd4fb0000
4220.372c: supR3HardenedWinSetupChildInit: uLdrInitThunk=00007ffdd5023df0
4220.372c: supR3HardenedWinSetupChildInit: Initial context:
  rax=0000000000000000 rbx=0000000000000000 rcx=00007ff7e325b7a0 rdx=0000004d2493e000
  rsi=0000000000000000 rdi=0000000000000000 r8 =0000000000000000 r9 =0000000000000000
  r10=0000000000000000 r11=0000000000000000 r12=0000000000000000 r13=0000000000000000
  r14=0000000000000000 r15=0000000000000000  P1=0000000000000000  P2=0000000000000000
  rip=00007ffdd500aa50 rsp=0000004d247bfbc8 rbp=0000000000000000    ctxflags=0010001b
  cs=0033 ss=002b ds=0000 es=0000 fs=0000 gs=0000    eflags=00000200   mxcrx=00001f80
   P3=0000000000000000  P4=0000000000000000  P5=0000000000000000  P6=0000000000000000
  dr0=0000000000000000 dr1=0000000000000000 dr2=0000000000000000 dr3=0000000000000000
  dr6=0000000000000000 dr7=0000000000000000 vcr=0000000000000000 dcr=0000000000000000
  lbt=0000000000000000 lbf=0000000000000000 lxt=0000000000000000 lxf=0000000000000000
4220.372c: kernel32.dll: timestamp 0x133d8b6f (rc=VINF_SUCCESS)
4220.372c: supR3HardenedWinSetupChildInit: Start child.
4220.372c: supR3HardNtChildWaitFor: Found expected request 0 (PurifyChildAndCloseHandles) after 0 ms.
4220.372c: supR3HardNtChildPurify: Startup delay kludge #1/0: 263 ms, 17 sleeps
4220.372c: supHardNtVpScanVirtualMemory: enmKind=CHILD_PURIFICATION
4220.372c:  *0000000000000000-000000007ffdffff 0x0001/0x0000 0x0000000
4220.372c:  *000000007ffe0000-000000007ffe0fff 0x0002/0x0002 0x0020000
4220.372c:   000000007ffe1000-000000007ffe6fff 0x0001/0x0000 0x0000000
4220.372c:  *000000007ffe7000-000000007ffe7fff 0x0002/0x0002 0x0020000
4220.372c:   000000007ffe8000-0000004d246bffff 0x0001/0x0000 0x0000000
4220.372c:  *0000004d246c0000-0000004d247bafff 0x0000/0x0004 0x0020000
4220.372c:   0000004d247bb000-0000004d247bdfff 0x0104/0x0004 0x0020000
4220.372c:   0000004d247be000-0000004d247bffff 0x0004/0x0004 0x0020000
4220.372c:   0000004d247c0000-0000004d247fffff 0x0001/0x0000 0x0000000
4220.372c:  *0000004d24800000-0000004d2493dfff 0x0000/0x0004 0x0020000
4220.372c:   0000004d2493e000-0000004d24940fff 0x0004/0x0004 0x0020000
4220.372c:   0000004d24941000-0000004d249fffff 0x0000/0x0004 0x0020000
4220.372c:   0000004d24a00000-00000212d2ebffff 0x0001/0x0000 0x0000000
4220.372c:  *00000212d2ec0000-00000212d2edffff 0x0004/0x0004 0x0020000
4220.372c:  *00000212d2ee0000-00000212d2efefff 0x0002/0x0002 0x0040000
4220.372c:   00000212d2eff000-00000212d2efffff 0x0001/0x0000 0x0000000
4220.372c:  *00000212d2f00000-00000212d2f03fff 0x0002/0x0002 0x0040000
4220.372c:   00000212d2f04000-00000212d2f0ffff 0x0001/0x0000 0x0000000
4220.372c:  *00000212d2f10000-00000212d2f10fff 0x0002/0x0002 0x0040000
4220.372c:   00000212d2f11000-00000212d2f1ffff 0x0001/0x0000 0x0000000
4220.372c:  *00000212d2f20000-00000212d2f21fff 0x0004/0x0004 0x0020000
4220.372c:   00000212d2f22000-00007df5a423ffff 0x0001/0x0000 0x0000000
4220.372c:  *00007df5a4240000-00007df5a4240fff 0x0002/0x0002 0x0040000
4220.372c:   00007df5a4241000-00007df5a424ffff 0x0001/0x0000 0x0000000
4220.372c:  *00007df5a4250000-00007df5a5bfcfff 0x0000/0x0001 0x0040000
4220.372c:   00007df5a5bfd000-00007df5a5c4afff 0x0001/0x0001 0x0040000
4220.372c:   00007df5a5c4b000-00007df5a6044fff 0x0000/0x0001 0x0040000
4220.372c:   00007df5a6045000-00007df5a6045fff 0x0001/0x0001 0x0040000
4220.372c:   00007df5a6046000-00007ff583b18fff 0x0000/0x0001 0x0040000
4220.372c:   00007ff583b19000-00007ff583b1dfff 0x0002/0x0001 0x0040000
4220.372c:   00007ff583b1e000-00007ff598e20fff 0x0000/0x0001 0x0040000
4220.372c:   00007ff598e21000-00007ff59b78dfff 0x0001/0x0001 0x0040000
4220.372c:   00007ff59b78e000-00007ff59b797fff 0x0002/0x0001 0x0040000
4220.372c:   00007ff59b798000-00007ff5a424ffff 0x0000/0x0001 0x0040000
4220.372c:   00007ff5a4250000-00007ff7e324ffff 0x0001/0x0000 0x0000000
4220.372c:  *00007ff7e3250000-00007ff7e3250fff 0x0002/0x0080 0x1000000  \Device\HarddiskVolume4\Program Files\Oracle\VirtualBox\VirtualBoxVM.exe
4220.372c:   00007ff7e3251000-00007ff7e32bafff 0x0020/0x0080 0x1000000  \Device\HarddiskVolume4\Program Files\Oracle\VirtualBox\VirtualBoxVM.exe
4220.372c:   00007ff7e32bb000-00007ff7e32bbfff 0x0080/0x0080 0x1000000  \Device\HarddiskVolume4\Program Files\Oracle\VirtualBox\VirtualBoxVM.exe
4220.372c:   00007ff7e32bc000-00007ff7e330efff 0x0002/0x0080 0x1000000  \Device\HarddiskVolume4\Program Files\Oracle\VirtualBox\VirtualBoxVM.exe
4220.372c:   00007ff7e330f000-00007ff7e330ffff 0x0004/0x0080 0x1000000  \Device\HarddiskVolume4\Program Files\Oracle\VirtualBox\VirtualBoxVM.exe
4220.372c:   00007ff7e3310000-00007ff7e3310fff 0x0008/0x0080 0x1000000  \Device\HarddiskVolume4\Program Files\Oracle\VirtualBox\VirtualBoxVM.exe
4220.372c:   00007ff7e3311000-00007ff7e3315fff 0x0004/0x0080 0x1000000  \Device\HarddiskVolume4\Program Files\Oracle\VirtualBox\VirtualBoxVM.exe
4220.372c:   00007ff7e3316000-00007ff7e331bfff 0x0008/0x0080 0x1000000  \Device\HarddiskVolume4\Program Files\Oracle\VirtualBox\VirtualBoxVM.exe
4220.372c:   00007ff7e331c000-00007ff7e3363fff 0x0002/0x0080 0x1000000  \Device\HarddiskVolume4\Program Files\Oracle\VirtualBox\VirtualBoxVM.exe
4220.372c:   00007ff7e3364000-00007ffdd4faffff 0x0001/0x0000 0x0000000
4220.372c:  *00007ffdd4fb0000-00007ffdd4fb0fff 0x0002/0x0080 0x1000000  \Device\HarddiskVolume4\Windows\System32\ntdll.dll
4220.372c:   00007ffdd4fb1000-00007ffdd50e0fff 0x0020/0x0080 0x1000000  \Device\HarddiskVolume4\Windows\System32\ntdll.dll
4220.372c:   00007ffdd50e1000-00007ffdd512dfff 0x0002/0x0080 0x1000000  \Device\HarddiskVolume4\Windows\System32\ntdll.dll
4220.372c:   00007ffdd512e000-00007ffdd5139fff 0x0008/0x0080 0x1000000  \Device\HarddiskVolume4\Windows\System32\ntdll.dll
4220.372c:   00007ffdd513a000-00007ffdd5148fff 0x0002/0x0080 0x1000000  \Device\HarddiskVolume4\Windows\System32\ntdll.dll
4220.372c:   00007ffdd5149000-00007ffdd5149fff 0x0004/0x0080 0x1000000  \Device\HarddiskVolume4\Windows\System32\ntdll.dll
4220.372c:   00007ffdd514a000-00007ffdd514cfff 0x0008/0x0080 0x1000000  \Device\HarddiskVolume4\Windows\System32\ntdll.dll
4220.372c:   00007ffdd514d000-00007ffdd51c4fff 0x0002/0x0080 0x1000000  \Device\HarddiskVolume4\Windows\System32\ntdll.dll
4220.372c:   00007ffdd51c5000-00007ffffffeffff 0x0001/0x0000 0x0000000
4220.372c: VirtualBoxVM.exe: timestamp 0x652832c2 (rc=VINF_SUCCESS)
4220.372c: \Device\HarddiskVolume4\Program Files\Oracle\VirtualBox\VirtualBoxVM.exe: Signature #1/2: info status: 24202
4220.372c: '\Device\HarddiskVolume4\Program Files\Oracle\VirtualBox\VirtualBoxVM.exe' has no imports
4220.372c: VirtualBoxVM.exe: Differences in section #8 (.rsrc) between file and memory:
4220.372c:   00007ff7e33625f4 / 0x01125f4: 00 != 50
4220.372c:   00007ff7e33625f5 / 0x01125f5: 00 != 41
4220.372c:   00007ff7e33625f6 / 0x01125f6: 00 != 44
4220.372c:   00007ff7e33625f7 / 0x01125f7: 00 != 44
4220.372c:   00007ff7e33625f8 / 0x01125f8: 00 != 49
4220.372c:   00007ff7e33625f9 / 0x01125f9: 00 != 4e
4220.372c:   00007ff7e33625fa / 0x01125fa: 00 != 47
4220.372c:   00007ff7e33625fb / 0x01125fb: 00 != 58
4220.372c:   00007ff7e33625fc / 0x01125fc: 00 != 58
4220.372c:   00007ff7e33625fd / 0x01125fd: 00 != 50
4220.372c:   00007ff7e33625fe / 0x01125fe: 00 != 41
4220.372c:   00007ff7e33625ff / 0x01125ff: 00 != 44
4220.372c:   Restored 0xa0c bytes of original file content at 00007ff7e33625f4
4220.372c: '\Device\HarddiskVolume4\Windows\System32\ntdll.dll' has no imports
4220.372c: supR3HardNtChildPurify: cFixes=1 g_fSupAdversaries=0x80000000
4220.372c: supR3HardNtChildPurify: Startup delay kludge #1/1: 517 ms, 33 sleeps
4220.372c: supHardNtVpScanVirtualMemory: enmKind=CHILD_PURIFICATION
4220.372c:  *0000000000000000-000000007ffdffff 0x0001/0x0000 0x0000000
4220.372c:  *000000007ffe0000-000000007ffe0fff 0x0002/0x0002 0x0020000
4220.372c:   000000007ffe1000-000000007ffe6fff 0x0001/0x0000 0x0000000
4220.372c:  *000000007ffe7000-000000007ffe7fff 0x0002/0x0002 0x0020000
4220.372c:   000000007ffe8000-0000004d246bffff 0x0001/0x0000 0x0000000
4220.372c:  *0000004d246c0000-0000004d247bafff 0x0000/0x0004 0x0020000
4220.372c:   0000004d247bb000-0000004d247bdfff 0x0104/0x0004 0x0020000
4220.372c:   0000004d247be000-0000004d247bffff 0x0004/0x0004 0x0020000
4220.372c:   0000004d247c0000-0000004d247fffff 0x0001/0x0000 0x0000000
4220.372c:  *0000004d24800000-0000004d2493dfff 0x0000/0x0004 0x0020000
4220.372c:   0000004d2493e000-0000004d24940fff 0x0004/0x0004 0x0020000
4220.372c:   0000004d24941000-0000004d249fffff 0x0000/0x0004 0x0020000
4220.372c:   0000004d24a00000-00000212d2ebffff 0x0001/0x0000 0x0000000
4220.372c:  *00000212d2ec0000-00000212d2edffff 0x0004/0x0004 0x0020000
4220.372c:  *00000212d2ee0000-00000212d2efefff 0x0002/0x0002 0x0040000
4220.372c:   00000212d2eff000-00000212d2efffff 0x0001/0x0000 0x0000000
4220.372c:  *00000212d2f00000-00000212d2f03fff 0x0002/0x0002 0x0040000
4220.372c:   00000212d2f04000-00000212d2f0ffff 0x0001/0x0000 0x0000000
4220.372c:  *00000212d2f10000-00000212d2f10fff 0x0002/0x0002 0x0040000
4220.372c:   00000212d2f11000-00000212d2f1ffff 0x0001/0x0000 0x0000000
4220.372c:  *00000212d2f20000-00000212d2f21fff 0x0004/0x0004 0x0020000
4220.372c:   00000212d2f22000-00007df5a423ffff 0x0001/0x0000 0x0000000
4220.372c:  *00007df5a4240000-00007df5a4240fff 0x0002/0x0002 0x0040000
4220.372c:   00007df5a4241000-00007df5a424ffff 0x0001/0x0000 0x0000000
4220.372c:  *00007df5a4250000-00007df5a5bfcfff 0x0000/0x0001 0x0040000
4220.372c:   00007df5a5bfd000-00007df5a5c4afff 0x0001/0x0001 0x0040000
4220.372c:   00007df5a5c4b000-00007df5a6044fff 0x0000/0x0001 0x0040000
4220.372c:   00007df5a6045000-00007df5a6045fff 0x0001/0x0001 0x0040000
4220.372c:   00007df5a6046000-00007ff583b18fff 0x0000/0x0001 0x0040000
4220.372c:   00007ff583b19000-00007ff583b1dfff 0x0002/0x0001 0x0040000
4220.372c:   00007ff583b1e000-00007ff598e20fff 0x0000/0x0001 0x0040000
4220.372c:   00007ff598e21000-00007ff59b78dfff 0x0001/0x0001 0x0040000
4220.372c:   00007ff59b78e000-00007ff59b797fff 0x0002/0x0001 0x0040000
4220.372c:   00007ff59b798000-00007ff5a424ffff 0x0000/0x0001 0x0040000
4220.372c:   00007ff5a4250000-00007ff7e324ffff 0x0001/0x0000 0x0000000
4220.372c:  *00007ff7e3250000-00007ff7e3250fff 0x0002/0x0080 0x1000000  \Device\HarddiskVolume4\Program Files\Oracle\VirtualBox\VirtualBoxVM.exe
4220.372c:   00007ff7e3251000-00007ff7e32bafff 0x0020/0x0080 0x1000000  \Device\HarddiskVolume4\Program Files\Oracle\VirtualBox\VirtualBoxVM.exe
4220.372c:   00007ff7e32bb000-00007ff7e32bbfff 0x0040/0x0080 0x1000000  \Device\HarddiskVolume4\Program Files\Oracle\VirtualBox\VirtualBoxVM.exe
4220.372c:   00007ff7e32bc000-00007ff7e330efff 0x0002/0x0080 0x1000000  \Device\HarddiskVolume4\Program Files\Oracle\VirtualBox\VirtualBoxVM.exe
4220.372c:   00007ff7e330f000-00007ff7e331bfff 0x0004/0x0080 0x1000000  \Device\HarddiskVolume4\Program Files\Oracle\VirtualBox\VirtualBoxVM.exe
4220.372c:   00007ff7e331c000-00007ff7e3363fff 0x0002/0x0080 0x1000000  \Device\HarddiskVolume4\Program Files\Oracle\VirtualBox\VirtualBoxVM.exe
4220.372c:   00007ff7e3364000-00007ffdd4faffff 0x0001/0x0000 0x0000000
4220.372c:  *00007ffdd4fb0000-00007ffdd4fb0fff 0x0002/0x0080 0x1000000  \Device\HarddiskVolume4\Windows\System32\ntdll.dll
4220.372c:   00007ffdd4fb1000-00007ffdd50e0fff 0x0020/0x0080 0x1000000  \Device\HarddiskVolume4\Windows\System32\ntdll.dll
4220.372c:   00007ffdd50e1000-00007ffdd512dfff 0x0002/0x0080 0x1000000  \Device\HarddiskVolume4\Windows\System32\ntdll.dll
4220.372c:   00007ffdd512e000-00007ffdd5131fff 0x0008/0x0080 0x1000000  \Device\HarddiskVolume4\Windows\System32\ntdll.dll
4220.372c:   00007ffdd5132000-00007ffdd5139fff 0x0004/0x0080 0x1000000  \Device\HarddiskVolume4\Windows\System32\ntdll.dll
4220.372c:   00007ffdd513a000-00007ffdd5148fff 0x0002/0x0080 0x1000000  \Device\HarddiskVolume4\Windows\System32\ntdll.dll
4220.372c:   00007ffdd5149000-00007ffdd5149fff 0x0004/0x0080 0x1000000  \Device\HarddiskVolume4\Windows\System32\ntdll.dll
4220.372c:   00007ffdd514a000-00007ffdd514cfff 0x0008/0x0080 0x1000000  \Device\HarddiskVolume4\Windows\System32\ntdll.dll
4220.372c:   00007ffdd514d000-00007ffdd51c4fff 0x0002/0x0080 0x1000000  \Device\HarddiskVolume4\Windows\System32\ntdll.dll
4220.372c:   00007ffdd51c5000-00007ffffffeffff 0x0001/0x0000 0x0000000
4220.372c: supR3HardNtChildPurify: Done after 805 ms and 1 fixes (loop #1).
4220.372c: supR3HardenedEarlyCompact: Removed heap 1 (0x00017b449c0000 LB 0x800000)
2638.19f4: supR3HardenedVmProcessInit: uNtDllAddr=00007ffdd4fb0000 g_uNtVerCombined=0xa0586700 (stack ~0000004d247be990)
4220.372c: supR3HardNtEnableThreadCreationEx:
2638.19f4: ntdll.dll: timestamp 0x586627e1 (rc=VINF_SUCCESS)
2638.19f4: New simple heap: #1 00000212d3030000 LB 0x800000 (for 2183168 allocation)
2638.19f4: supR3HardenedWinInitAppBin(0x0): '\Device\HarddiskVolume4\Program Files\Oracle\VirtualBox'
2638.19f4: System32:  \Device\HarddiskVolume4\Windows\System32
2638.19f4: WinSxS:    \Device\HarddiskVolume4\Windows\WinSxS
2638.19f4: KnownDllPath: C:\WINDOWS\System32
2638.19f4: supR3HardenedVmProcessInit: Opening vboxsup...
2638.19f4: supR3HardenedVmProcessInit: Restoring LdrInitializeThunk...
2638.19f4: supR3HardenedVmProcessInit: Returning to LdrInitializeThunk...
2638.19f4: Registered Dll notification callback with NTDLL.
2638.19f4: supHardenedWinVerifyImageByHandle: -> 0 (\Device\HarddiskVolume4\Windows\System32\kernel32.dll)
2638.19f4: supR3HardenedWinVerifyCacheInsert: \Device\HarddiskVolume4\Windows\System32\kernel32.dll
2638.19f4: supR3HardenedMonitor_LdrLoadDll: pName=C:\WINDOWS\System32\KERNEL32.DLL (Input=KERNEL32.DLL, rcNtResolve=0xc0150008) *pfFlags=0xffffffff pwszSearchPath=0000000000004001:<flags> [calling]
2638.19f4: supR3HardenedDllNotificationCallback: load   00007ffdd27c0000 LB 0x003a4000 C:\WINDOWS\System32\KERNELBASE.dll [fFlags=0x0]
2638.19f4: supHardenedWinVerifyImageByHandle: -> 0 (\Device\HarddiskVolume4\Windows\System32\KernelBase.dll)
2638.19f4: supR3HardenedWinVerifyCacheInsert: \Device\HarddiskVolume4\Windows\System32\KernelBase.dll
2638.19f4: supR3HardenedDllNotificationCallback: load   00007ffdd36c0000 LB 0x000c4000 C:\WINDOWS\System32\KERNEL32.DLL [fFlags=0x0]
2638.19f4: supR3HardenedScreenImage/LdrLoadDll: cache hit (VINF_SUCCESS) on \Device\HarddiskVolume4\Windows\System32\kernel32.dll [lacks WinVerifyTrust]
2638.19f4: supR3HardenedMonitor_LdrLoadDll: returns rcNt=0x0 hMod=00007ffdd36c0000 'C:\WINDOWS\System32\KERNEL32.DLL'
2638.19f4: supR3HardenedDllNotificationCallback: load   00007ff7e3250000 LB 0x00114000 C:\Program Files\Oracle\VirtualBox\VirtualBoxVM.exe [fFlags=0x0]
2638.19f4: \Device\HarddiskVolume4\Program Files\Oracle\VirtualBox\VirtualBoxVM.exe: Signature #1/2: info status: 24202
2638.19f4: '\Device\HarddiskVolume4\Program Files\Oracle\VirtualBox\VirtualBoxVM.exe' has no imports
2638.19f4: supHardenedWinVerifyImageByHandle: -> 24202 (\Device\HarddiskVolume4\Program Files\Oracle\VirtualBox\VirtualBoxVM.exe)
2638.19f4: supR3HardenedWinVerifyCacheInsert: \Device\HarddiskVolume4\Program Files\Oracle\VirtualBox\VirtualBoxVM.exe
2638.19f4: supR3HardNtDisableThreadCreation: pvLdrInitThunk=00007ffdd5023df0 pvNtTerminateThread=00007ffdd504f7b0
4220.372c: supR3HardNtChildWaitFor: Found expected request 1 (CloseEvents) after 66 ms.
2638.19f4: \SystemRoot\System32\ntdll.dll:
2638.19f4:     CreationTime:    2023-08-05T02:21:25.933669600Z
2638.19f4:     LastWriteTime:   2023-08-05T02:21:25.967251300Z
2638.19f4:     ChangeTime:      2023-08-05T02:41:07.785619400Z
2638.19f4:     FileAttributes:  0x20
2638.19f4:     Size:            0x213fa0
2638.19f4:     NT Headers:      0xe0
2638.19f4:     Timestamp:       0x586627e1
2638.19f4:     Machine:         0x8664 - amd64
2638.19f4:     Timestamp:       0x586627e1
2638.19f4:     Image Version:   10.0
2638.19f4:     SizeOfImage:     0x215000 (2183168)
2638.19f4:     Resource Dir:    0x19e000 LB 0x75070
2638.19f4:     [Version info resource found at 0xd8! (ID/Name: 0x1; SubID/SubName: 0x409)]
2638.19f4:     [Raw version resource data: 0x19e0f0 LB 0x380, codepage 0x0 (reserved 0x0)]
2638.19f4:     ProductName:     Microsoft® Windows® Operating System
2638.19f4:     ProductVersion:  10.0.22621.2129
2638.19f4:     FileVersion:     10.0.22621.2129 (WinBuild.160101.0800)
2638.19f4:     FileDescription: NT Layer DLL
2638.19f4: \SystemRoot\System32\kernel32.dll:
2638.19f4:     CreationTime:    2023-08-05T02:21:16.496233900Z
2638.19f4:     LastWriteTime:   2023-08-05T02:21:16.512311500Z
2638.19f4:     ChangeTime:      2023-08-05T02:41:06.254268100Z
2638.19f4:     FileAttributes:  0x20
2638.19f4:     Size:            0xc7168
2638.19f4:     NT Headers:      0xe8
2638.19f4:     Timestamp:       0x133d8b6f
2638.19f4:     Machine:         0x8664 - amd64
2638.19f4:     Timestamp:       0x133d8b6f
2638.19f4:     Image Version:   10.0
2638.19f4:     SizeOfImage:     0xc4000 (802816)
2638.19f4:     Resource Dir:    0xc2000 LB 0x520
2638.19f4:     [Version info resource found at 0x90! (ID/Name: 0x1; SubID/SubName: 0x409)]
2638.19f4:     [Raw version resource data: 0xc20b0 LB 0x3a4, codepage 0x0 (reserved 0x0)]
2638.19f4:     ProductName:     Microsoft® Windows® Operating System
2638.19f4:     ProductVersion:  10.0.22621.2129
2638.19f4:     FileVersion:     10.0.22621.2129 (WinBuild.160101.0800)
2638.19f4:     FileDescription: Windows NT BASE API Client DLL
2638.19f4: \SystemRoot\System32\KernelBase.dll:
2638.19f4:     CreationTime:    2023-08-05T02:21:26.537662200Z
2638.19f4:     LastWriteTime:   2023-08-05T02:21:26.629765400Z
2638.19f4:     ChangeTime:      2023-08-05T02:41:07.504350800Z
2638.19f4:     FileAttributes:  0x20
2638.19f4:     Size:            0x3ab868
2638.19f4:     NT Headers:      0xf0
2638.19f4:     Timestamp:       0x44a3b0da
2638.19f4:     Machine:         0x8664 - amd64
2638.19f4:     Timestamp:       0x44a3b0da
2638.19f4:     Image Version:   10.0
2638.19f4:     SizeOfImage:     0x3a4000 (3817472)
2638.19f4:     Resource Dir:    0x373000 LB 0x548
2638.19f4:     [Version info resource found at 0x90! (ID/Name: 0x1; SubID/SubName: 0x409)]
2638.19f4:     [Raw version resource data: 0x3730b0 LB 0x3bc, codepage 0x0 (reserved 0x0)]
2638.19f4:     ProductName:     Microsoft® Windows® Operating System
2638.19f4:     ProductVersion:  10.0.22621.2129
2638.19f4:     FileVersion:     10.0.22621.2129 (WinBuild.160101.0800)
2638.19f4:     FileDescription: Windows NT BASE API Client DLL
2638.19f4: \SystemRoot\System32\apisetschema.dll:
2638.19f4:     CreationTime:    2023-08-05T02:21:12.662536200Z
2638.19f4:     LastWriteTime:   2023-08-05T02:21:12.666537800Z
2638.19f4:     ChangeTime:      2023-08-05T02:41:07.035569800Z
2638.19f4:     FileAttributes:  0x20
2638.19f4:     Size:            0x24548
2638.19f4:     NT Headers:      0xc8
2638.19f4:     Timestamp:       0x2b0f54e7
2638.19f4:     Machine:         0x8664 - amd64
2638.19f4:     Timestamp:       0x2b0f54e7
2638.19f4:     Image Version:   10.0
2638.19f4:     SizeOfImage:     0x23000 (143360)
2638.19f4:     Resource Dir:    0x22000 LB 0x408
2638.19f4:     [Version info resource found at 0x48! (ID/Name: 0x1; SubID/SubName: 0x409)]
2638.19f4:     [Raw version resource data: 0x22060 LB 0x3a8, codepage 0x0 (reserved 0x0)]
2638.19f4:     ProductName:     Microsoft® Windows® Operating System
2638.19f4:     ProductVersion:  10.0.22621.2129
2638.19f4:     FileVersion:     10.0.22621.2129 (WinBuild.160101.0800)
2638.19f4:     FileDescription: ApiSet Schema DLL
2638.19f4: NtOpenDirectoryObject failed on \Driver: 0xc0000022
2638.19f4: supR3HardenedWinFindAdversaries: 0x0
2638.19f4: supR3HardenedWinInitAppBin(0x0): '\Device\HarddiskVolume4\Program Files\Oracle\VirtualBox'
2638.19f4: Calling main()
2638.19f4: SUPR3HardenedMain: pszProgName=VirtualBoxVM fFlags=0x2
2638.19f4: supR3HardenedWinInitAppBin(0x2): '\Device\HarddiskVolume4\Program Files\Oracle\VirtualBox'
2638.19f4: \Device\HarddiskVolume4\Program Files\Oracle\VirtualBox\VirtualBoxVM.exe: Signature #1/2: info status: 24202
2638.19f4: '\Device\HarddiskVolume4\Program Files\Oracle\VirtualBox\VirtualBoxVM.exe' has no imports
2638.19f4: supHardenedWinVerifyImageByHandle: -> 24202 (\Device\HarddiskVolume4\Program Files\Oracle\VirtualBox\VirtualBoxVM.exe)
2638.19f4: SUPR3HardenedMain: Final process, opening VBoxDrv...
2638.19f4: supR3HardenedEarlyCompact: Removed heap 1 (0x000212d3030000 LB 0x800000)
2638.19f4: supR3HardNtEnableThreadCreationEx:
2638.19f4: \Device\HarddiskVolume4\Program Files\Oracle\VirtualBox\VBoxSupLib.dll: Signature #1/2: info status: 24202
2638.19f4: supHardenedWinVerifyImageByHandle: -> 24202 (\Device\HarddiskVolume4\Program Files\Oracle\VirtualBox\VBoxSupLib.dll)
2638.19f4: supR3HardenedWinVerifyCacheInsert: \Device\HarddiskVolume4\Program Files\Oracle\VirtualBox\VBoxSupLib.dll
2638.19f4: supR3HardenedMonitor_LdrLoadDll: pName=C:\Program Files\Oracle\VirtualBox\VBoxSupLib.DLL (rcNtResolve=0xc0150008) *pfFlags=0x0 pwszSearchPath=0000000000000801:<flags> [calling]
2638.19f4: supR3HardenedScreenImage/NtCreateSection: cache hit (24202) on \Device\HarddiskVolume4\Program Files\Oracle\VirtualBox\VBoxSupLib.dll [lacks WinVerifyTrust]
2638.19f4: supR3HardenedDllNotificationCallback: load   00007ffdbabf0000 LB 0x00005000 C:\Program Files\Oracle\VirtualBox\VBoxSupLib.DLL [fFlags=0x0]
2638.19f4: supR3HardenedScreenImage/LdrLoadDll: cache hit (24202) on \Device\HarddiskVolume4\Program Files\Oracle\VirtualBox\VBoxSupLib.dll [lacks WinVerifyTrust]
2638.19f4: supR3HardenedScreenImage/LdrLoadDll: cache hit (24202) on \Device\HarddiskVolume4\Program Files\Oracle\VirtualBox\VBoxSupLib.dll [lacks WinVerifyTrust]
2638.19f4: supR3HardenedMonitor_LdrLoadDll: pName=C:\Program Files\Oracle\VirtualBox\VBoxSupLib.DLL (rcNtResolve=0xc0150008) *pfFlags=0x0 pwszSearchPath=0000000000000001:<flags> [calling]
2638.19f4: supR3HardenedMonitor_LdrLoadDll: returns rcNt=0x0 hMod=00007ffdbabf0000 'C:\Program Files\Oracle\VirtualBox\VBoxSupLib.DLL'
2638.19f4: supR3HardenedScreenImage/LdrLoadDll: cache hit (24202) on \Device\HarddiskVolume4\Program Files\Oracle\VirtualBox\VBoxSupLib.dll [lacks WinVerifyTrust]
2638.19f4: supR3HardenedMonitor_LdrLoadDll: pName=C:\Program Files\Oracle\VirtualBox\VBoxSupLib.DLL (rcNtResolve=0xc0150008) *pfFlags=0x0 pwszSearchPath=0000000000000001:<flags> [calling]
2638.19f4: supR3HardenedMonitor_LdrLoadDll: returns rcNt=0x0 hMod=00007ffdbabf0000 'C:\Program Files\Oracle\VirtualBox\VBoxSupLib.DLL'
2638.19f4: supR3HardenedMonitor_LdrLoadDll: returns rcNt=0x0 hMod=00007ffdbabf0000 'C:\Program Files\Oracle\VirtualBox\VBoxSupLib.DLL'
2638.19f4: supR3HardenedWinVerifyCacheScheduleImports: Import todo: #0 'msvcrt.dll'.
2638.19f4: supR3HardenedWinVerifyCacheScheduleImports: Import todo: #29 'rpcrt4.dll'.
2638.19f4: supHardenedWinVerifyImageByHandle: -> 0 (\Device\HarddiskVolume4\Windows\System32\wintrust.dll)
2638.19f4: supR3HardenedWinVerifyCacheInsert: \Device\HarddiskVolume4\Windows\System32\wintrust.dll
2638.19f4: supR3HardenedWinVerifyCacheProcessImportTodos: Processing 'rpcrt4.dll'...
2638.19f4: supR3HardenedWinVerifyCacheProcessImportTodos: 'rpcrt4.dll' -> '\Device\HarddiskVolume4\Windows\System32\rpcrt4.dll' [rcNtRedir=0xc0150008]
2638.19f4: supHardenedWinVerifyImageByHandle: -> 0 (\Device\HarddiskVolume4\Windows\System32\rpcrt4.dll)
2638.19f4: supR3HardenedWinVerifyCacheInsert: \Device\HarddiskVolume4\Windows\System32\rpcrt4.dll
2638.19f4: supR3HardenedWinVerifyCacheProcessImportTodos: Processing 'msvcrt.dll'...
2638.19f4: supR3HardenedWinVerifyCacheProcessImportTodos: 'msvcrt.dll' -> '\Device\HarddiskVolume4\Windows\System32\msvcrt.dll' [rcNtRedir=0xc0150008]
2638.19f4: supHardenedWinVerifyImageByHandle: -> 0 (\Device\HarddiskVolume4\Windows\System32\msvcrt.dll)
2638.19f4: supR3HardenedWinVerifyCacheInsert: \Device\HarddiskVolume4\Windows\System32\msvcrt.dll
2638.19f4: supR3HardenedMonitor_LdrLoadDll: pName=C:\WINDOWS\system32\Wintrust.dll (rcNtResolve=0xc0150008) *pfFlags=0x0 pwszSearchPath=0000000000000801:<flags> [calling]
2638.19f4: supR3HardenedDllNotificationCallback: load   00007ffdd4ec0000 LB 0x000a7000 C:\WINDOWS\System32\msvcrt.dll [fFlags=0x0]
2638.19f4: supR3HardenedScreenImage/LdrLoadDll: cache hit (VINF_SUCCESS) on \Device\HarddiskVolume4\Windows\System32\msvcrt.dll [lacks WinVerifyTrust]
2638.19f4: supR3HardenedDllNotificationCallback: load   00007ffdd2e10000 LB 0x00117000 C:\WINDOWS\System32\RPCRT4.dll [fFlags=0x0]
2638.19f4: supR3HardenedScreenImage/LdrLoadDll: cache hit (VINF_SUCCESS) on \Device\HarddiskVolume4\Windows\System32\rpcrt4.dll [lacks WinVerifyTrust]
2638.19f4: supR3HardenedDllNotificationCallback: load   00007ffdd2750000 LB 0x0006b000 C:\WINDOWS\System32\Wintrust.dll [fFlags=0x0]
2638.19f4: supR3HardenedScreenImage/LdrLoadDll: cache hit (VINF_SUCCESS) on \Device\HarddiskVolume4\Windows\System32\wintrust.dll [lacks WinVerifyTrust]
2638.19f4: supR3HardenedDllNotificationCallback: load   00007ffdd2570000 LB 0x00111000 C:\WINDOWS\System32\ucrtbase.dll [fFlags=0x0]
2638.19f4: supHardenedWinVerifyImageByHandle: -> 0 (\Device\HarddiskVolume4\Windows\System32\ucrtbase.dll)
2638.19f4: supR3HardenedWinVerifyCacheInsert: \Device\HarddiskVolume4\Windows\System32\ucrtbase.dll
2638.19f4: supR3HardenedDllNotificationCallback: load   00007ffdd2380000 LB 0x00167000 C:\WINDOWS\System32\CRYPT32.dll [fFlags=0x0]
2638.19f4: supHardenedWinVerifyImageByHandle: -> 0 (\Device\HarddiskVolume4\Windows\System32\crypt32.dll)
2638.19f4: supR3HardenedWinVerifyCacheInsert: \Device\HarddiskVolume4\Windows\System32\crypt32.dll
2638.19f4: supR3HardenedIsApiSetDll: ApiSetQueryApiSetPresence(api-ms-win-core-synch-l1-2-0) -> 0x0, fPresent=1
2638.19f4: supR3HardenedMonitor_LdrLoadDll: pName=api-ms-win-core-synch-l1-2-0 (rcNtResolve=0x0) *pfFlags=0x0 pwszSearchPath=0000000000000801:<flags> [calling]
2638.19f4: supR3HardenedMonitor_LdrLoadDll: returns rcNt=0x0 hMod=00007ffdd27c0000 'api-ms-win-core-synch-l1-2-0'
2638.19f4: supR3HardenedIsApiSetDll: ApiSetQueryApiSetPresence(api-ms-win-core-fibers-l1-1-1) -> 0x0, fPresent=1
2638.19f4: supR3HardenedMonitor_LdrLoadDll: pName=api-ms-win-core-fibers-l1-1-1 (rcNtResolve=0x0) *pfFlags=0x0 pwszSearchPath=0000000000000801:<flags> [calling]
2638.19f4: supR3HardenedMonitor_LdrLoadDll: returns rcNt=0x0 hMod=00007ffdd27c0000 'api-ms-win-core-fibers-l1-1-1'
2638.19f4: supR3HardenedIsApiSetDll: ApiSetQueryApiSetPresence(api-ms-win-core-synch-l1-2-0) -> 0x0, fPresent=1
2638.19f4: supR3HardenedMonitor_LdrLoadDll: pName=api-ms-win-core-synch-l1-2-0 (rcNtResolve=0x0) *pfFlags=0x0 pwszSearchPath=0000000000000801:<flags> [calling]
2638.19f4: supR3HardenedMonitor_LdrLoadDll: returns rcNt=0x0 hMod=00007ffdd27c0000 'api-ms-win-core-synch-l1-2-0'
2638.19f4: supHardenedWinVerifyImageByHandle: -> 0 (\Device\HarddiskVolume4\Windows\System32\msasn1.dll)
2638.19f4: supR3HardenedWinVerifyCacheInsert: \Device\HarddiskVolume4\Windows\System32\msasn1.dll
2638.19f4: supR3HardenedDllNotificationCallback: load   00007ffdd1b90000 LB 0x00012000 C:\WINDOWS\SYSTEM32\MSASN1.dll [fFlags=0x0]
2638.19f4: supR3HardenedScreenImage/LdrLoadDll: cache hit (VINF_SUCCESS) on \Device\HarddiskVolume4\Windows\System32\msasn1.dll [lacks WinVerifyTrust]
2638.19f4: supR3HardenedMonitor_LdrLoadDll: returns rcNt=0x0 hMod=00007ffdd2750000 'C:\WINDOWS\system32\Wintrust.dll'
2638.19f4: supHardenedWinVerifyImageByHandle: -> 0 (\Device\HarddiskVolume4\Windows\System32\bcrypt.dll)
2638.19f4: supR3HardenedWinVerifyCacheInsert: \Device\HarddiskVolume4\Windows\System32\bcrypt.dll
2638.19f4: supR3HardenedMonitor_LdrLoadDll: pName=C:\WINDOWS\system32\bcrypt.dll (rcNtResolve=0xc0150008) *pfFlags=0x0 pwszSearchPath=0000000000000801:<flags> [calling]
2638.19f4: supR3HardenedScreenImage/NtCreateSection: cache hit (VINF_SUCCESS) on \Device\HarddiskVolume4\Windows\System32\bcrypt.dll [lacks WinVerifyTrust]
2638.19f4: supR3HardenedDllNotificationCallback: load   00007ffdd1cb0000 LB 0x00028000 C:\WINDOWS\system32\bcrypt.dll [fFlags=0x0]
2638.19f4: supR3HardenedScreenImage/LdrLoadDll: cache hit (VINF_SUCCESS) on \Device\HarddiskVolume4\Windows\System32\bcrypt.dll [lacks WinVerifyTrust]
2638.19f4: supR3HardenedMonitor_LdrLoadDll: returns rcNt=0x0 hMod=00007ffdd1cb0000 'C:\WINDOWS\system32\bcrypt.dll'
2638.19f4: bcrypt.dll loaded at 00007ffdd1cb0000, BCryptOpenAlgorithmProvider at 00007ffdd1cb4520, preloading providers:
2638.19f4: supHardenedWinVerifyImageByHandle: -> 0 (\Device\HarddiskVolume4\Windows\System32\bcryptprimitives.dll)
2638.19f4: supR3HardenedWinVerifyCacheInsert: \Device\HarddiskVolume4\Windows\System32\bcryptprimitives.dll
2638.19f4: supR3HardenedMonitor_LdrLoadDll: pName=C:\WINDOWS\system32\bcryptprimitives.dll (rcNtResolve=0xc0150008) *pfFlags=0x0 pwszSearchPath=0000000000000001:<flags> [calling]
2638.19f4: supR3HardenedDllNotificationCallback: load   00007ffdd24f0000 LB 0x0007a000 C:\WINDOWS\System32\bcryptprimitives.dll [fFlags=0x0]
2638.19f4: supR3HardenedScreenImage/LdrLoadDll: cache hit (VINF_SUCCESS) on \Device\HarddiskVolume4\Windows\System32\bcryptprimitives.dll [lacks WinVerifyTrust]
2638.19f4: supR3HardenedMonitor_LdrLoadDll: returns rcNt=0x0 hMod=00007ffdd24f0000 'C:\WINDOWS\system32\bcryptprimitives.dll'
2638.19f4:     BCryptOpenAlgorithmProvider(,'MD2',0,0) -> 0x0 (hAlgo=00000212d38b0a60)
2638.19f4:     BCryptOpenAlgorithmProvider(,'MD4',0,0) -> 0x0 (hAlgo=00000212d38b3980)
2638.19f4:     BCryptOpenAlgorithmProvider(,'MD5',0,0) -> 0x0 (hAlgo=00000212d38b3cd0)
2638.19f4:     BCryptOpenAlgorithmProvider(,'SHA1',0,0) -> 0x0 (hAlgo=00000212d38b4020)
2638.19f4:     BCryptOpenAlgorithmProvider(,'SHA256',0,0) -> 0x0 (hAlgo=00000212d38b4370)
2638.19f4:     BCryptOpenAlgorithmProvider(,'SHA512',0,0) -> 0x0 (hAlgo=00000212d38b46c0)
2638.19f4:     BCryptOpenAlgorithmProvider(,'RSA',0,0) -> 0x0 (hAlgo=00000212d38b4a10)
2638.19f4:     BCryptOpenAlgorithmProvider(,'DSA',0,0) -> 0x0 (hAlgo=00000212d38b4d60)
2638.19f4: supHardenedWinVerifyImageByHandle: -> 0 (\Device\HarddiskVolume4\Windows\System32\cryptsp.dll)
2638.19f4: supR3HardenedWinVerifyCacheInsert: \Device\HarddiskVolume4\Windows\System32\cryptsp.dll
2638.19f4: supR3HardenedDllNotificationCallback: load   00007ffdd1ad0000 LB 0x0001b000 C:\WINDOWS\SYSTEM32\CRYPTSP.dll [fFlags=0x0]
2638.19f4: supR3HardenedScreenImage/LdrLoadDll: cache hit (VINF_SUCCESS) on \Device\HarddiskVolume4\Windows\System32\cryptsp.dll [lacks WinVerifyTrust]
2638.19f4: supHardenedWinVerifyImageByHandle: -> 0 (\Device\HarddiskVolume4\Windows\System32\rsaenh.dll)
2638.19f4: supR3HardenedWinVerifyCacheInsert: \Device\HarddiskVolume4\Windows\System32\rsaenh.dll
2638.19f4: supR3HardenedMonitor_LdrLoadDll: pName=C:\WINDOWS\system32\rsaenh.dll (rcNtResolve=0xc0150008) *pfFlags=0x0 pwszSearchPath=0000000000000001:<flags> [calling]
2638.19f4: supR3HardenedScreenImage/NtCreateSection: cache hit (VINF_SUCCESS) on \Device\HarddiskVolume4\Windows\System32\rsaenh.dll [lacks WinVerifyTrust]
2638.19f4: supR3HardenedDllNotificationCallback: load   00007ffdd12a0000 LB 0x00035000 C:\WINDOWS\system32\rsaenh.dll [fFlags=0x0]
2638.19f4: supR3HardenedScreenImage/LdrLoadDll: cache hit (VINF_SUCCESS) on \Device\HarddiskVolume4\Windows\System32\rsaenh.dll [lacks WinVerifyTrust]
2638.19f4: supR3HardenedMonitor_LdrLoadDll: returns rcNt=0x0 hMod=00007ffdd12a0000 'C:\WINDOWS\system32\rsaenh.dll'
2638.19f4: supHardenedWinVerifyImageByHandle: -> 0 (\Device\HarddiskVolume4\Windows\System32\cryptbase.dll)
2638.19f4: supR3HardenedWinVerifyCacheInsert: \Device\HarddiskVolume4\Windows\System32\cryptbase.dll
2638.19f4: supR3HardenedDllNotificationCallback: load   00007ffdd1ab0000 LB 0x0000c000 C:\WINDOWS\SYSTEM32\CRYPTBASE.dll [fFlags=0x0]
2638.19f4: supR3HardenedScreenImage/LdrLoadDll: cache hit (VINF_SUCCESS) on \Device\HarddiskVolume4\Windows\System32\cryptbase.dll [lacks WinVerifyTrust]
2638.19f4: supR3HardenedScreenImage/LdrLoadDll: cache hit (VINF_SUCCESS) on \Device\HarddiskVolume4\Windows\System32\kernel32.dll [lacks WinVerifyTrust]
2638.19f4: supR3HardenedMonitor_LdrLoadDll: pName=C:\WINDOWS\System32\kernel32.dll (Input=kernel32.dll, rcNtResolve=0xc0150008) *pfFlags=0x0 pwszSearchPath=0000000000000001:<flags> [calling]
2638.19f4: supR3HardenedMonitor_LdrLoadDll: returns rcNt=0x0 hMod=00007ffdd36c0000 'C:\WINDOWS\System32\kernel32.dll'
2638.19f4: supR3HardenedScreenImage/LdrLoadDll: cache hit (VINF_SUCCESS) on \Device\HarddiskVolume4\Windows\System32\wintrust.dll [lacks WinVerifyTrust]
2638.19f4: supR3HardenedMonitor_LdrLoadDll: pName=C:\WINDOWS\System32\WINTRUST.DLL (Input=WINTRUST.DLL, rcNtResolve=0xc0150008) *pfFlags=0x0 pwszSearchPath=0000000000000001:<flags> [calling]
2638.19f4: supR3HardenedMonitor_LdrLoadDll: returns rcNt=0x0 hMod=00007ffdd2750000 'C:\WINDOWS\System32\WINTRUST.DLL'
2638.19f4: supR3HardenedScreenImage/LdrLoadDll: cache hit (VINF_SUCCESS) on \Device\HarddiskVolume4\Windows\System32\crypt32.dll [lacks WinVerifyTrust]
2638.19f4: supR3HardenedMonitor_LdrLoadDll: pName=C:\WINDOWS\System32\CRYPT32.dll (rcNtResolve=0xc0150008) *pfFlags=0x2 pwszSearchPath=0000000000000001:<flags> [calling]
2638.19f4: supR3HardenedMonitor_LdrLoadDll: returns rcNt=0x0 hMod=00007ffdd2380000 'C:\WINDOWS\System32\CRYPT32.dll'
2638.19f4: supR3HardenedDllNotificationCallback: load   00007ffdd36a0000 LB 0x0001f000 C:\WINDOWS\System32\imagehlp.dll [fFlags=0x0]
2638.19f4: supHardenedWinVerifyImageByHandle: -> 0 (\Device\HarddiskVolume4\Windows\System32\imagehlp.dll)
2638.19f4: supR3HardenedWinVerifyCacheInsert: \Device\HarddiskVolume4\Windows\System32\imagehlp.dll
2638.19f4: supR3HardenedScreenImage/LdrLoadDll: cache hit (VINF_SUCCESS) on \Device\HarddiskVolume4\Windows\System32\rsaenh.dll [lacks WinVerifyTrust]
2638.19f4: supR3HardenedMonitor_LdrLoadDll: pName=C:\WINDOWS\system32\rsaenh.dll (rcNtResolve=0xc0150008) *pfFlags=0x0 pwszSearchPath=0000000000000001:<flags> [calling]
2638.19f4: supR3HardenedMonitor_LdrLoadDll: returns rcNt=0x0 hMod=00007ffdd12a0000 'C:\WINDOWS\system32\rsaenh.dll'
2638.19f4: supR3HardenedDllNotificationCallback: load   00007ffdd35a0000 LB 0x000a6000 C:\WINDOWS\System32\sechost.dll [fFlags=0x0]
2638.19f4: supHardenedWinVerifyImageByHandle: -> 0 (\Device\HarddiskVolume4\Windows\System32\sechost.dll)
2638.19f4: supR3HardenedWinVerifyCacheInsert: \Device\HarddiskVolume4\Windows\System32\sechost.dll
2638.19f4: supR3HardenedWinVerifyCacheScheduleImports: Import todo: #0 'msvcrt.dll'.
2638.19f4: supR3HardenedWinVerifyCacheScheduleImports: Import todo: #11 'rpcrt4.dll'.
2638.19f4: supHardenedWinVerifyImageByHandle: -> 0 (\Device\HarddiskVolume4\Windows\System32\gpapi.dll)
2638.19f4: supR3HardenedWinVerifyCacheInsert: \Device\HarddiskVolume4\Windows\System32\gpapi.dll
2638.19f4: supR3HardenedDllNotificationCallback: load   00007ffdd1820000 LB 0x00026000 C:\WINDOWS\SYSTEM32\gpapi.dll [fFlags=0x0]
2638.19f4: supR3HardenedScreenImage/LdrLoadDll: cache hit (VINF_SUCCESS) on \Device\HarddiskVolume4\Windows\System32\gpapi.dll [lacks WinVerifyTrust]
2638.19f4: supR3HardenedWinVerifyCacheScheduleImports: Import todo: #0 'msvcrt.dll'.
2638.19f4: supR3HardenedWinVerifyCacheScheduleImports: Import todo: #8 'crypt32.dll'.
2638.19f4: supHardenedWinVerifyImageByHandle: -> 0 (\Device\HarddiskVolume4\Windows\System32\cryptnet.dll)
2638.19f4: supR3HardenedWinVerifyCacheInsert: \Device\HarddiskVolume4\Windows\System32\cryptnet.dll
2638.19f4: supR3HardenedWinVerifyCacheProcessImportTodos: Processing 'crypt32.dll'...
2638.19f4: supR3HardenedWinVerifyCacheProcessImportTodos: 'crypt32.dll' -> '\Device\HarddiskVolume4\Windows\System32\crypt32.dll' [rcNtRedir=0xc0150008]
2638.19f4: supR3HardenedScreenImage/Imports: cache hit (VINF_SUCCESS) on \Device\HarddiskVolume4\Windows\System32\crypt32.dll [lacks WinVerifyTrust]
2638.19f4: supR3HardenedWinVerifyCacheProcessImportTodos: Processing 'msvcrt.dll'...
2638.19f4: supR3HardenedWinVerifyCacheProcessImportTodos: 'msvcrt.dll' -> '\Device\HarddiskVolume4\Windows\System32\msvcrt.dll' [rcNtRedir=0xc0150008]
2638.19f4: supR3HardenedScreenImage/Imports: cache hit (VINF_SUCCESS) on \Device\HarddiskVolume4\Windows\System32\msvcrt.dll [lacks WinVerifyTrust]
2638.19f4: supR3HardenedWinVerifyCacheProcessImportTodos: Processing 'rpcrt4.dll'...
2638.19f4: supR3HardenedWinVerifyCacheProcessImportTodos: 'rpcrt4.dll' -> '\Device\HarddiskVolume4\Windows\System32\rpcrt4.dll' [rcNtRedir=0xc0150008]
2638.19f4: supR3HardenedScreenImage/Imports: cache hit (VINF_SUCCESS) on \Device\HarddiskVolume4\Windows\System32\rpcrt4.dll [lacks WinVerifyTrust]
2638.19f4: supR3HardenedWinVerifyCacheProcessImportTodos: Processing 'msvcrt.dll'...
2638.19f4: supR3HardenedWinVerifyCacheProcessImportTodos: 'msvcrt.dll' -> '\Device\HarddiskVolume4\Windows\System32\msvcrt.dll' [rcNtRedir=0xc0150008]
2638.19f4: supR3HardenedScreenImage/Imports: cache hit (VINF_SUCCESS) on \Device\HarddiskVolume4\Windows\System32\msvcrt.dll [lacks WinVerifyTrust]
2638.19f4: supR3HardenedMonitor_LdrLoadDll: pName=C:\Windows\System32\cryptnet.dll (rcNtResolve=0xc0150008) *pfFlags=0x0 pwszSearchPath=0000000000000001:<flags> [calling]
2638.19f4: supR3HardenedScreenImage/NtCreateSection: cache hit (VINF_SUCCESS) on \Device\HarddiskVolume4\Windows\System32\cryptnet.dll [lacks WinVerifyTrust]
2638.19f4: supR3HardenedDllNotificationCallback: load   00007ffdc90f0000 LB 0x00032000 C:\Windows\System32\cryptnet.dll [fFlags=0x0]
2638.19f4: supR3HardenedScreenImage/LdrLoadDll: cache hit (VINF_SUCCESS) on \Device\HarddiskVolume4\Windows\System32\cryptnet.dll [lacks WinVerifyTrust]
2638.19f4: supR3HardenedScreenImage/LdrLoadDll: cache hit (VINF_SUCCESS) on \Device\HarddiskVolume4\Windows\System32\cryptnet.dll [lacks WinVerifyTrust]
2638.19f4: supR3HardenedMonitor_LdrLoadDll: pName=C:\Windows\System32\cryptnet.dll (rcNtResolve=0xc0150008) *pfFlags=0x2 pwszSearchPath=0000000000000001:<flags> [calling]
2638.19f4: supR3HardenedMonitor_LdrLoadDll: returns rcNt=0x0 hMod=00007ffdc90f0000 'C:\Windows\System32\cryptnet.dll'
2638.19f4: supR3HardenedScreenImage/LdrLoadDll: cache hit (VINF_SUCCESS) on \Device\HarddiskVolume4\Windows\System32\cryptnet.dll [lacks WinVerifyTrust]
2638.19f4: supR3HardenedMonitor_LdrLoadDll: pName=C:\Windows\System32\cryptnet.dll (rcNtResolve=0xc0150008) *pfFlags=0x2 pwszSearchPath=0000000000000001:<flags> [calling]
2638.19f4: supR3HardenedMonitor_LdrLoadDll: returns rcNt=0x0 hMod=00007ffdc90f0000 'C:\Windows\System32\cryptnet.dll'
2638.19f4: supR3HardenedScreenImage/LdrLoadDll: cache hit (VINF_SUCCESS) on \Device\HarddiskVolume4\Windows\System32\cryptnet.dll [lacks WinVerifyTrust]
2638.19f4: supR3HardenedMonitor_LdrLoadDll: pName=C:\Windows\System32\cryptnet.dll (rcNtResolve=0xc0150008) *pfFlags=0x2 pwszSearchPath=0000000000000001:<flags> [calling]
2638.19f4: supR3HardenedMonitor_LdrLoadDll: returns rcNt=0x0 hMod=00007ffdc90f0000 'C:\Windows\System32\cryptnet.dll'
2638.19f4: supR3HardenedScreenImage/LdrLoadDll: cache hit (VINF_SUCCESS) on \Device\HarddiskVolume4\Windows\System32\cryptnet.dll [lacks WinVerifyTrust]
2638.19f4: supR3HardenedMonitor_LdrLoadDll: pName=C:\Windows\System32\cryptnet.dll (rcNtResolve=0xc0150008) *pfFlags=0x2 pwszSearchPath=0000000000000001:<flags> [calling]
2638.19f4: supR3HardenedMonitor_LdrLoadDll: returns rcNt=0x0 hMod=00007ffdc90f0000 'C:\Windows\System32\cryptnet.dll'
2638.19f4: supR3HardenedScreenImage/LdrLoadDll: cache hit (VINF_SUCCESS) on \Device\HarddiskVolume4\Windows\System32\cryptnet.dll [lacks WinVerifyTrust]
2638.19f4: supR3HardenedMonitor_LdrLoadDll: pName=C:\Windows\System32\cryptnet.dll (rcNtResolve=0xc0150008) *pfFlags=0x2 pwszSearchPath=0000000000000001:<flags> [calling]
2638.19f4: supR3HardenedMonitor_LdrLoadDll: returns rcNt=0x0 hMod=00007ffdc90f0000 'C:\Windows\System32\cryptnet.dll'
2638.19f4: supR3HardenedScreenImage/LdrLoadDll: cache hit (VINF_SUCCESS) on \Device\HarddiskVolume4\Windows\System32\cryptnet.dll [lacks WinVerifyTrust]
2638.19f4: supR3HardenedMonitor_LdrLoadDll: pName=C:\Windows\System32\cryptnet.dll (rcNtResolve=0xc0150008) *pfFlags=0x2 pwszSearchPath=0000000000000001:<flags> [calling]
2638.19f4: supR3HardenedMonitor_LdrLoadDll: returns rcNt=0x0 hMod=00007ffdc90f0000 'C:\Windows\System32\cryptnet.dll'
2638.19f4: supR3HardenedScreenImage/LdrLoadDll: cache hit (VINF_SUCCESS) on \Device\HarddiskVolume4\Windows\System32\cryptnet.dll [lacks WinVerifyTrust]
2638.19f4: supR3HardenedMonitor_LdrLoadDll: returns rcNt=0x0 hMod=00007ffdc90f0000 'C:\Windows\System32\cryptnet.dll'
2638.19f4: supR3HardenedScreenImage/LdrLoadDll: cache hit (VINF_SUCCESS) on \Device\HarddiskVolume4\Windows\System32\cryptnet.dll [lacks WinVerifyTrust]
2638.19f4: supR3HardenedMonitor_LdrLoadDll: returns rcNt=0x0 hMod=00007ffdc90f0000 'C:\Windows\System32\cryptnet.dll'
2638.19f4: supR3HardenedScreenImage/LdrLoadDll: cache hit (VINF_SUCCESS) on \Device\HarddiskVolume4\Windows\System32\cryptnet.dll [lacks WinVerifyTrust]
2638.19f4: supR3HardenedMonitor_LdrLoadDll: returns rcNt=0x0 hMod=00007ffdc90f0000 'C:\Windows\System32\cryptnet.dll'
2638.19f4: supR3HardenedScreenImage/LdrLoadDll: cache hit (VINF_SUCCESS) on \Device\HarddiskVolume4\Windows\System32\cryptnet.dll [lacks WinVerifyTrust]
2638.19f4: supR3HardenedMonitor_LdrLoadDll: returns rcNt=0x0 hMod=00007ffdc90f0000 'C:\Windows\System32\cryptnet.dll'
2638.19f4: supR3HardenedScreenImage/LdrLoadDll: cache hit (VINF_SUCCESS) on \Device\HarddiskVolume4\Windows\System32\cryptnet.dll [lacks WinVerifyTrust]
2638.19f4: supR3HardenedMonitor_LdrLoadDll: returns rcNt=0x0 hMod=00007ffdc90f0000 'C:\Windows\System32\cryptnet.dll'
2638.19f4: supR3HardenedMonitor_LdrLoadDll: returns rcNt=0x0 hMod=00007ffdc90f0000 'C:\Windows\System32\cryptnet.dll'
2638.19f4: supHardenedWinVerifyImageByHandle: -> 0 (\Device\HarddiskVolume4\Windows\System32\profapi.dll)
2638.19f4: supR3HardenedWinVerifyCacheInsert: \Device\HarddiskVolume4\Windows\System32\profapi.dll
2638.19f4: supR3HardenedDllNotificationCallback: load   00007ffdd2280000 LB 0x00026000 C:\WINDOWS\SYSTEM32\profapi.dll [fFlags=0x0]
2638.19f4: supR3HardenedScreenImage/LdrLoadDll: cache hit (VINF_SUCCESS) on \Device\HarddiskVolume4\Windows\System32\profapi.dll [lacks WinVerifyTrust]
2638.19f4: supR3HardenedScreenImage/LdrLoadDll: cache hit (VINF_SUCCESS) on \Device\HarddiskVolume4\Windows\System32\cryptnet.dll [lacks WinVerifyTrust]
2638.19f4: supR3HardenedMonitor_LdrLoadDll: returns rcNt=0x0 hMod=00007ffdc90f0000 'C:\WINDOWS\System32\cryptnet.dll'
2638.19f4: supR3HardenedScreenImage/LdrLoadDll: cache hit (VINF_SUCCESS) on \Device\HarddiskVolume4\Windows\System32\crypt32.dll [lacks WinVerifyTrust]
2638.19f4: supR3HardenedMonitor_LdrLoadDll: pName=C:\WINDOWS\System32\crypt32.dll (Input=crypt32.dll, rcNtResolve=0xc0150008) *pfFlags=0x0 pwszSearchPath=0000000000000001:<flags> [calling]
2638.19f4: supR3HardenedMonitor_LdrLoadDll: returns rcNt=0x0 hMod=00007ffdd2380000 'C:\WINDOWS\System32\crypt32.dll'
2638.19f4: supR3HardenedDllNotificationCallback: load   00007ffdd34f0000 LB 0x000b0000 C:\WINDOWS\System32\advapi32.dll [fFlags=0x0]
2638.19f4: supR3HardenedWinVerifyCacheScheduleImports: Import todo: #0 'msvcrt.dll'.
2638.19f4: supR3HardenedWinVerifyCacheScheduleImports: Import todo: #6 'sechost.dll'.
2638.19f4: supR3HardenedWinVerifyCacheScheduleImports: Import todo: #28 'rpcrt4.dll'.
2638.19f4: supHardenedWinVerifyImageByHandle: -> 0 (\Device\HarddiskVolume4\Windows\System32\advapi32.dll)
2638.19f4: supR3HardenedWinVerifyCacheInsert: \Device\HarddiskVolume4\Windows\System32\advapi32.dll
2638.19f4: supR3HardenedScreenImage/LdrLoadDll: cache hit (VINF_SUCCESS) on \Device\HarddiskVolume4\Windows\System32\rsaenh.dll [lacks WinVerifyTrust]
2638.19f4: supR3HardenedWinVerifyCacheProcessImportTodos: Processing 'rpcrt4.dll'...
2638.19f4: supR3HardenedWinVerifyCacheProcessImportTodos: 'rpcrt4.dll' -> '\Device\HarddiskVolume4\Windows\System32\rpcrt4.dll' [rcNtRedir=0xc0150008]
2638.19f4: supR3HardenedScreenImage/Imports: cache hit (VINF_SUCCESS) on \Device\HarddiskVolume4\Windows\System32\rpcrt4.dll [lacks WinVerifyTrust]
2638.19f4: supR3HardenedWinVerifyCacheProcessImportTodos: Processing 'sechost.dll'...
2638.19f4: supR3HardenedWinVerifyCacheProcessImportTodos: 'sechost.dll' -> '\Device\HarddiskVolume4\Windows\System32\sechost.dll' [rcNtRedir=0xc0150008]
2638.19f4: supR3HardenedScreenImage/Imports: cache hit (VINF_SUCCESS) on \Device\HarddiskVolume4\Windows\System32\sechost.dll [lacks WinVerifyTrust]
2638.19f4: supR3HardenedWinVerifyCacheProcessImportTodos: Processing 'msvcrt.dll'...
2638.19f4: supR3HardenedWinVerifyCacheProcessImportTodos: 'msvcrt.dll' -> '\Device\HarddiskVolume4\Windows\System32\msvcrt.dll' [rcNtRedir=0xc0150008]
2638.19f4: supR3HardenedScreenImage/Imports: cache hit (VINF_SUCCESS) on \Device\HarddiskVolume4\Windows\System32\msvcrt.dll [lacks WinVerifyTrust]
2638.19f4: supR3HardenedMonitor_LdrLoadDll: pName=C:\WINDOWS\system32\rsaenh.dll (rcNtResolve=0xc0150008) *pfFlags=0x0 pwszSearchPath=0000000000000001:<flags> [calling]
2638.19f4: supR3HardenedMonitor_LdrLoadDll: returns rcNt=0x0 hMod=00007ffdd12a0000 'C:\WINDOWS\system32\rsaenh.dll'
2638.19f4: supR3HardenedScreenImage/LdrLoadDll: cache hit (VINF_SUCCESS) on \Device\HarddiskVolume4\Windows\System32\crypt32.dll [lacks WinVerifyTrust]
2638.19f4: supR3HardenedMonitor_LdrLoadDll: pName=C:\WINDOWS\System32\crypt32.dll (Input=crypt32.dll, rcNtResolve=0xc0150008) *pfFlags=0x0 pwszSearchPath=0000000000000001:<flags> [calling]
2638.19f4: supR3HardenedMonitor_LdrLoadDll: returns rcNt=0x0 hMod=00007ffdd2380000 'C:\WINDOWS\System32\crypt32.dll'
2638.19f4: supR3HardNtViCallWinVerifyTrustCatFile: hFile=0000000000000000 pwszName=\SystemRoot\System32\ntdll.dll
2638.19f4: supR3HardNtViCallWinVerifyTrustCatFile: New context 00000212d3930690
2638.19f4: supR3HardNtViCallWinVerifyTrustCatFile: hCatAdmin=00000212d3930690
2638.19f4: supR3HardNtViCallWinVerifyTrustCatFile: cbHash=20 wszDigest=6B9864F0720DD16275D2027B1DA82DB472398347
2638.19f4: supR3HardenedScreenImage/LdrLoadDll: cache hit (VINF_SUCCESS) on \Device\HarddiskVolume4\Windows\System32\rpcrt4.dll [lacks WinVerifyTrust]
2638.19f4: supR3HardenedMonitor_LdrLoadDll: pName=C:\WINDOWS\System32\rpcrt4.dll (Input=rpcrt4.dll, rcNtResolve=0xc0150008) *pfFlags=0x0 pwszSearchPath=0000000000000001:<flags> [calling]
2638.19f4: supR3HardenedMonitor_LdrLoadDll: returns rcNt=0x0 hMod=00007ffdd2e10000 'C:\WINDOWS\System32\rpcrt4.dll'
2638.19f4: supR3HardenedScreenImage/LdrLoadDll: cache hit (VINF_SUCCESS) on \Device\HarddiskVolume4\Windows\System32\rsaenh.dll [lacks WinVerifyTrust]
2638.19f4: supR3HardenedMonitor_LdrLoadDll: pName=C:\WINDOWS\system32\rsaenh.dll (rcNtResolve=0xc0150008) *pfFlags=0x0 pwszSearchPath=0000000000000001:<flags> [calling]
2638.19f4: supR3HardenedMonitor_LdrLoadDll: returns rcNt=0x0 hMod=00007ffdd12a0000 'C:\WINDOWS\system32\rsaenh.dll'
2638.19f4: supR3HardenedScreenImage/LdrLoadDll: cache hit (VINF_SUCCESS) on \Device\HarddiskVolume4\Windows\System32\crypt32.dll [lacks WinVerifyTrust]
2638.19f4: supR3HardenedMonitor_LdrLoadDll: pName=C:\WINDOWS\System32\crypt32.dll (Input=crypt32.dll, rcNtResolve=0xc0150008) *pfFlags=0x0 pwszSearchPath=0000000000000001:<flags> [calling]
2638.19f4: supR3HardenedMonitor_LdrLoadDll: returns rcNt=0x0 hMod=00007ffdd2380000 'C:\WINDOWS\System32\crypt32.dll'
2638.19f4: supR3HardNtViCallWinVerifyTrustCatFile: WinVerifyTrust => 0x0; cat='C:\WINDOWS\system32\CatRoot\{F750E6C3-38EE-11D1-85E5-00C04FC295EE}\Microsoft-Windows-Client-Desktop-Required-Package051420~31bf3856ad364e35~amd64~~10.0.22621.2129.cat'; file='\SystemRoot\System32\ntdll.dll'
2638.19f4: g_pfnWinVerifyTrust=00007ffdd27624c0
2638.19f4: supR3HardenedScreenImage/preload: cache hit (VINF_SUCCESS) on \Device\HarddiskVolume4\Windows\System32\crypt32.dll [redoing WinVerifyTrust]
2638.19f4: supR3HardenedScreenImage/LdrLoadDll: cache hit (VINF_SUCCESS) on \Device\HarddiskVolume4\Windows\System32\rsaenh.dll [lacks WinVerifyTrust]
2638.19f4: supR3HardenedMonitor_LdrLoadDll: pName=C:\WINDOWS\system32\rsaenh.dll (rcNtResolve=0xc0150008) *pfFlags=0x0 pwszSearchPath=0000000000000001:<flags> [calling]
2638.19f4: supR3HardenedMonitor_LdrLoadDll: returns rcNt=0x0 hMod=00007ffdd12a0000 'C:\WINDOWS\system32\rsaenh.dll'
2638.19f4: supR3HardenedScreenImage/LdrLoadDll: cache hit (VINF_SUCCESS) on \Device\HarddiskVolume4\Windows\System32\crypt32.dll [lacks WinVerifyTrust]
2638.19f4: supR3HardenedMonitor_LdrLoadDll: pName=C:\WINDOWS\System32\crypt32.dll (Input=crypt32.dll, rcNtResolve=0xc0150008) *pfFlags=0x0 pwszSearchPath=0000000000000001:<flags> [calling]
2638.19f4: supR3HardenedMonitor_LdrLoadDll: returns rcNt=0x0 hMod=00007ffdd2380000 'C:\WINDOWS\System32\crypt32.dll'
2638.19f4: supR3HardenedScreenImage/preload: 0 (was 0) fWinVerifyTrust=1 for '\Device\HarddiskVolume4\Windows\System32\crypt32.dll'
2638.19f4: supR3HardenedScreenImage/preload: cache hit (VINF_SUCCESS) on \Device\HarddiskVolume4\Windows\System32\wintrust.dll [redoing WinVerifyTrust]
2638.19f4: supR3HardenedScreenImage/LdrLoadDll: cache hit (VINF_SUCCESS) on \Device\HarddiskVolume4\Windows\System32\rsaenh.dll [lacks WinVerifyTrust]
2638.19f4: supR3HardenedMonitor_LdrLoadDll: pName=C:\WINDOWS\system32\rsaenh.dll (rcNtResolve=0xc0150008) *pfFlags=0x0 pwszSearchPath=0000000000000001:<flags> [calling]
2638.19f4: supR3HardenedMonitor_LdrLoadDll: returns rcNt=0x0 hMod=00007ffdd12a0000 'C:\WINDOWS\system32\rsaenh.dll'
2638.19f4: supR3HardenedScreenImage/LdrLoadDll: cache hit (VINF_SUCCESS) on \Device\HarddiskVolume4\Windows\System32\crypt32.dll
2638.19f4: supR3HardenedMonitor_LdrLoadDll: pName=C:\WINDOWS\System32\crypt32.dll (Input=crypt32.dll, rcNtResolve=0xc0150008) *pfFlags=0x0 pwszSearchPath=0000000000000001:<flags> [calling]
2638.19f4: supR3HardenedMonitor_LdrLoadDll: returns rcNt=0x0 hMod=00007ffdd2380000 'C:\WINDOWS\System32\crypt32.dll'
2638.19f4: supR3HardenedScreenImage/preload: 0 (was 0) fWinVerifyTrust=1 for '\Device\HarddiskVolume4\Windows\System32\wintrust.dll'
2638.19f4: supR3HardenedScreenImage/LdrLoadDll: cache hit (VINF_SUCCESS) on \Device\HarddiskVolume4\Windows\System32\rsaenh.dll [lacks WinVerifyTrust]
2638.19f4: supR3HardenedMonitor_LdrLoadDll: pName=C:\WINDOWS\system32\rsaenh.dll (rcNtResolve=0xc0150008) *pfFlags=0x0 pwszSearchPath=0000000000000001:<flags> [calling]
2638.19f4: supR3HardenedMonitor_LdrLoadDll: returns rcNt=0x0 hMod=00007ffdd12a0000 'C:\WINDOWS\system32\rsaenh.dll'
2638.19f4: supR3HardenedMonitor_LdrLoadDll: returns rcNt=0x0 hMod=00007ffdd2380000 'C:\WINDOWS\System32\crypt32.dll'
2638.19f4: supR3HardenedWinVerifyCacheProcessWvtTodos: 0 (was 0) fWinVerifyTrust=1 for '\Device\HarddiskVolume4\Windows\System32\advapi32.dll'
2638.19f4: supR3HardenedScreenImage/LdrLoadDll: cache hit (VINF_SUCCESS) on \Device\HarddiskVolume4\Windows\System32\rsaenh.dll [lacks WinVerifyTrust]
2638.19f4: supR3HardenedMonitor_LdrLoadDll: returns rcNt=0x0 hMod=00007ffdd12a0000 'C:\WINDOWS\system32\rsaenh.dll'
2638.19f4: supR3HardenedMonitor_LdrLoadDll: returns rcNt=0x0 hMod=00007ffdd2380000 'C:\WINDOWS\System32\crypt32.dll'
2638.19f4: supR3HardenedWinVerifyCacheProcessWvtTodos: 0 (was 0) fWinVerifyTrust=1 for '\Device\HarddiskVolume4\Windows\System32\profapi.dll'
2638.19f4: supR3HardenedScreenImage/LdrLoadDll: cache hit (VINF_SUCCESS) on \Device\HarddiskVolume4\Windows\System32\rsaenh.dll [lacks WinVerifyTrust]
2638.19f4: supR3HardenedMonitor_LdrLoadDll: returns rcNt=0x0 hMod=00007ffdd12a0000 'C:\WINDOWS\system32\rsaenh.dll'
2638.19f4: supR3HardenedMonitor_LdrLoadDll: returns rcNt=0x0 hMod=00007ffdd2380000 'C:\WINDOWS\System32\crypt32.dll'
2638.19f4: supR3HardenedWinVerifyCacheProcessWvtTodos: 0 (was 0) fWinVerifyTrust=1 for '\Device\HarddiskVolume4\Windows\System32\cryptnet.dll'
2638.19f4: supR3HardenedScreenImage/LdrLoadDll: cache hit (VINF_SUCCESS) on \Device\HarddiskVolume4\Windows\System32\rsaenh.dll [lacks WinVerifyTrust]
2638.19f4: supR3HardenedMonitor_LdrLoadDll: returns rcNt=0x0 hMod=00007ffdd12a0000 'C:\WINDOWS\system32\rsaenh.dll'
2638.19f4: supR3HardenedMonitor_LdrLoadDll: returns rcNt=0x0 hMod=00007ffdd2380000 'C:\WINDOWS\System32\crypt32.dll'
2638.19f4: supR3HardenedWinVerifyCacheProcessWvtTodos: 0 (was 0) fWinVerifyTrust=1 for '\Device\HarddiskVolume4\Windows\System32\gpapi.dll'
2638.19f4: supR3HardenedScreenImage/LdrLoadDll: cache hit (VINF_SUCCESS) on \Device\HarddiskVolume4\Windows\System32\rsaenh.dll [lacks WinVerifyTrust]
2638.19f4: supR3HardenedMonitor_LdrLoadDll: returns rcNt=0x0 hMod=00007ffdd12a0000 'C:\WINDOWS\system32\rsaenh.dll'
2638.19f4: supR3HardenedMonitor_LdrLoadDll: returns rcNt=0x0 hMod=00007ffdd2380000 'C:\WINDOWS\System32\crypt32.dll'
2638.19f4: supR3HardenedWinVerifyCacheProcessWvtTodos: 0 (was 0) fWinVerifyTrust=1 for '\Device\HarddiskVolume4\Windows\System32\sechost.dll'
2638.19f4: supR3HardenedScreenImage/LdrLoadDll: cache hit (VINF_SUCCESS) on \Device\HarddiskVolume4\Windows\System32\rsaenh.dll [lacks WinVerifyTrust]
2638.19f4: supR3HardenedMonitor_LdrLoadDll: returns rcNt=0x0 hMod=00007ffdd12a0000 'C:\WINDOWS\system32\rsaenh.dll'
2638.19f4: supR3HardenedMonitor_LdrLoadDll: returns rcNt=0x0 hMod=00007ffdd2380000 'C:\WINDOWS\System32\crypt32.dll'
2638.19f4: supR3HardenedWinVerifyCacheProcessWvtTodos: 0 (was 0) fWinVerifyTrust=1 for '\Device\HarddiskVolume4\Windows\System32\imagehlp.dll'
2638.19f4: supR3HardenedScreenImage/LdrLoadDll: cache hit (VINF_SUCCESS) on \Device\HarddiskVolume4\Windows\System32\rsaenh.dll [lacks WinVerifyTrust]
2638.19f4: supR3HardenedMonitor_LdrLoadDll: returns rcNt=0x0 hMod=00007ffdd12a0000 'C:\WINDOWS\system32\rsaenh.dll'
2638.19f4: supR3HardenedMonitor_LdrLoadDll: returns rcNt=0x0 hMod=00007ffdd2380000 'C:\WINDOWS\System32\crypt32.dll'
2638.19f4: supR3HardenedWinVerifyCacheProcessWvtTodos: 0 (was 0) fWinVerifyTrust=1 for '\Device\HarddiskVolume4\Windows\System32\cryptbase.dll'
2638.19f4: supR3HardenedScreenImage/LdrLoadDll: cache hit (VINF_SUCCESS) on \Device\HarddiskVolume4\Windows\System32\rsaenh.dll [lacks WinVerifyTrust]
2638.19f4: supR3HardenedMonitor_LdrLoadDll: returns rcNt=0x0 hMod=00007ffdd12a0000 'C:\WINDOWS\system32\rsaenh.dll'
2638.19f4: supR3HardenedScreenImage/LdrLoadDll: cache hit (VINF_SUCCESS) on \Device\HarddiskVolume4\Windows\System32\crypt32.dll
2638.19f4: supR3HardenedMonitor_LdrLoadDll: pName=C:\WINDOWS\System32\crypt32.dll (Input=crypt32.dll, rcNtResolve=0xc0150008) *pfFlags=0x0 pwszSearchPath=0000000000000001:<flags> [calling]
2638.19f4: supR3HardenedMonitor_LdrLoadDll: returns rcNt=0x0 hMod=00007ffdd2380000 'C:\WINDOWS\System32\crypt32.dll'
2638.19f4: supR3HardenedWinVerifyCacheProcessWvtTodos: 0 (was 0) fWinVerifyTrust=1 for '\Device\HarddiskVolume4\Windows\System32\rsaenh.dll'
2638.19f4: supR3HardenedScreenImage/LdrLoadDll: cache hit (VINF_SUCCESS) on \Device\HarddiskVolume4\Windows\System32\rsaenh.dll
2638.19f4: supR3HardenedMonitor_LdrLoadDll: pName=C:\WINDOWS\system32\rsaenh.dll (rcNtResolve=0xc0150008) *pfFlags=0x0 pwszSearchPath=0000000000000001:<flags> [calling]
2638.19f4: supR3HardenedMonitor_LdrLoadDll: returns rcNt=0x0 hMod=00007ffdd12a0000 'C:\WINDOWS\system32\rsaenh.dll'
2638.19f4: supR3HardenedMonitor_LdrLoadDll: returns rcNt=0x0 hMod=00007ffdd2380000 'C:\WINDOWS\System32\crypt32.dll'
2638.19f4: supR3HardenedWinVerifyCacheProcessWvtTodos: 0 (was 0) fWinVerifyTrust=1 for '\Device\HarddiskVolume4\Windows\System32\cryptsp.dll'
2638.19f4: supR3HardenedMonitor_LdrLoadDll: returns rcNt=0x0 hMod=00007ffdd12a0000 'C:\WINDOWS\system32\rsaenh.dll'
2638.19f4: supR3HardenedMonitor_LdrLoadDll: returns rcNt=0x0 hMod=00007ffdd2380000 'C:\WINDOWS\System32\crypt32.dll'
2638.19f4: supR3HardenedWinVerifyCacheProcessWvtTodos: 0 (was 0) fWinVerifyTrust=1 for '\Device\HarddiskVolume4\Windows\System32\bcryptprimitives.dll'
2638.19f4: supR3HardenedMonitor_LdrLoadDll: returns rcNt=0x0 hMod=00007ffdd12a0000 'C:\WINDOWS\system32\rsaenh.dll'
2638.19f4: supR3HardenedMonitor_LdrLoadDll: returns rcNt=0x0 hMod=00007ffdd2380000 'C:\WINDOWS\System32\crypt32.dll'
2638.19f4: supR3HardenedWinVerifyCacheProcessWvtTodos: 0 (was 0) fWinVerifyTrust=1 for '\Device\HarddiskVolume4\Windows\System32\bcrypt.dll'
2638.19f4: supR3HardenedMonitor_LdrLoadDll: returns rcNt=0x0 hMod=00007ffdd12a0000 'C:\WINDOWS\system32\rsaenh.dll'
2638.19f4: supR3HardenedMonitor_LdrLoadDll: returns rcNt=0x0 hMod=00007ffdd2380000 'C:\WINDOWS\System32\crypt32.dll'
2638.19f4: supR3HardenedWinVerifyCacheProcessWvtTodos: 0 (was 0) fWinVerifyTrust=1 for '\Device\HarddiskVolume4\Windows\System32\msasn1.dll'
2638.19f4: supR3HardenedMonitor_LdrLoadDll: returns rcNt=0x0 hMod=00007ffdd12a0000 'C:\WINDOWS\system32\rsaenh.dll'
2638.19f4: supR3HardenedMonitor_LdrLoadDll: returns rcNt=0x0 hMod=00007ffdd2380000 'C:\WINDOWS\System32\crypt32.dll'
2638.19f4: supR3HardenedWinVerifyCacheProcessWvtTodos: 0 (was 0) fWinVerifyTrust=1 for '\Device\HarddiskVolume4\Windows\System32\ucrtbase.dll'
2638.19f4: supR3HardenedMonitor_LdrLoadDll: returns rcNt=0x0 hMod=00007ffdd12a0000 'C:\WINDOWS\system32\rsaenh.dll'
2638.19f4: supR3HardenedMonitor_LdrLoadDll: returns rcNt=0x0 hMod=00007ffdd2380000 'C:\WINDOWS\System32\crypt32.dll'
2638.19f4: supR3HardenedWinVerifyCacheProcessWvtTodos: 0 (was 0) fWinVerifyTrust=1 for '\Device\HarddiskVolume4\Windows\System32\msvcrt.dll'
2638.19f4: supR3HardenedMonitor_LdrLoadDll: returns rcNt=0x0 hMod=00007ffdd12a0000 'C:\WINDOWS\system32\rsaenh.dll'
2638.19f4: supR3HardenedMonitor_LdrLoadDll: returns rcNt=0x0 hMod=00007ffdd2380000 'C:\WINDOWS\System32\crypt32.dll'
2638.19f4: supR3HardenedWinVerifyCacheProcessWvtTodos: 0 (was 0) fWinVerifyTrust=1 for '\Device\HarddiskVolume4\Windows\System32\rpcrt4.dll'
2638.19f4: supR3HardenedMonitor_LdrLoadDll: returns rcNt=0x0 hMod=00007ffdd12a0000 'C:\WINDOWS\system32\rsaenh.dll'
2638.19f4: supR3HardenedMonitor_LdrLoadDll: returns rcNt=0x0 hMod=00007ffdd2380000 'C:\WINDOWS\System32\crypt32.dll'
2638.19f4: supR3HardenedWinVerifyCacheProcessWvtTodos: 0 (was 24202) fWinVerifyTrust=1 for '\Device\HarddiskVolume4\Program Files\Oracle\VirtualBox\VBoxSupLib.dll'
2638.19f4: supR3HardenedMonitor_LdrLoadDll: returns rcNt=0x0 hMod=00007ffdd12a0000 'C:\WINDOWS\system32\rsaenh.dll'
2638.19f4: supR3HardenedMonitor_LdrLoadDll: returns rcNt=0x0 hMod=00007ffdd2380000 'C:\WINDOWS\System32\crypt32.dll'
2638.19f4: supR3HardenedWinVerifyCacheProcessWvtTodos: 0 (was 24202) fWinVerifyTrust=1 for '\Device\HarddiskVolume4\Program Files\Oracle\VirtualBox\VirtualBoxVM.exe'
2638.19f4: supR3HardenedMonitor_LdrLoadDll: returns rcNt=0x0 hMod=00007ffdd12a0000 'C:\WINDOWS\system32\rsaenh.dll'
2638.19f4: supR3HardenedMonitor_LdrLoadDll: returns rcNt=0x0 hMod=00007ffdd2380000 'C:\WINDOWS\System32\crypt32.dll'
2638.19f4: supR3HardenedWinVerifyCacheProcessWvtTodos: 0 (was 0) fWinVerifyTrust=1 for '\Device\HarddiskVolume4\Windows\System32\KernelBase.dll'
2638.19f4: supR3HardenedMonitor_LdrLoadDll: returns rcNt=0x0 hMod=00007ffdd12a0000 'C:\WINDOWS\system32\rsaenh.dll'
2638.19f4: supR3HardenedMonitor_LdrLoadDll: returns rcNt=0x0 hMod=00007ffdd2380000 'C:\WINDOWS\System32\crypt32.dll'
2638.19f4: supR3HardenedWinVerifyCacheProcessWvtTodos: 0 (was 0) fWinVerifyTrust=1 for '\Device\HarddiskVolume4\Windows\System32\kernel32.dll'
2638.19f4: supR3HardenedMonitor_LdrLoadDll: returns rcNt=0x0 hMod=00007ffdd2380000 'C:\WINDOWS\system32\crypt32.dll'
2638.19f4: supR3HardenedWinIsDesiredRootCA: Adding 0xffa0569fbcb2f800 C=US, ST=California, L=Irvine, O=Blizzard Entertainment, OU=Battle.net, CN=Blizzard Battle.net Local Cert
2638.19f4: supR3HardenedWinIsDesiredRootCA: Adding 0x5ad46780fa5df300 DC=com, DC=microsoft, CN=Microsoft Root Certificate Authority
2638.19f4: supR3HardenedWinIsDesiredRootCA: Adding 0xea5386456178582b C=ZA, ST=Western Cape, L=Durbanville, O=Thawte, OU=Thawte Certification, CN=Thawte Timestamping CA
2638.19f4: supR3HardenedWinIsDesiredRootCA: Adding 0x3be670c1bd02a900 OU=Copyright (c) 1997 Microsoft Corp., OU=Microsoft Corporation, CN=Microsoft Root Authority
2638.19f4: supR3HardenedWinIsDesiredRootCA: Adding 0xe991ee72b03db500 C=US, O=Symantec Corporation, CN=Symantec Enterprise Mobile Root for Microsoft
2638.19f4: supR3HardenedWinIsDesiredRootCA: Adding 0x4d3835aa4180b200 C=US, ST=Washington, L=Redmond, O=Microsoft Corporation, CN=Microsoft Root Certificate Authority 2011
2638.19f4: supR3HardenedWinIsDesiredRootCA: Adding 0x646e3fe3ba08df00 C=US, O=MSFT, CN=Microsoft Authenticode(tm) Root Authority
2638.19f4: supR3HardenedWinIsDesiredRootCA: Adding 0xece4e4289e08b900 C=US, ST=Washington, L=Redmond, O=Microsoft Corporation, CN=Microsoft Root Certificate Authority 2010
2638.19f4: supR3HardenedWinIsDesiredRootCA: Adding 0xf3bb4d7e894b420 C=US, ST=Washington, L=Redmond, O=Microsoft Corporation, CN=Microsoft ECC TS Root Certificate Authority 2018
2638.19f4: supR3HardenedWinIsDesiredRootCA: Adding 0x43a9cc371ff5385a O=Microsoft Trust Network, OU=Microsoft Corporation, OU=Microsoft Time Stamping Service Root, OU=Copyright (c) 1997 Microsoft Corp.
2638.19f4: supR3HardenedWinIsDesiredRootCA: Adding 0x2e2d2c7c68f0202e O=VeriSign Trust Network, OU=VeriSign, Inc., OU=VeriSign Time Stamping Service Root, OU=NO LIABILITY ACCEPTED, (c)97 VeriSign, Inc.
2638.19f4: supR3HardenedWinIsDesiredRootCA: Adding 0xcec3d46562b9be8e C=US, ST=Washington, L=Redmond, O=Microsoft Corporation, CN=Microsoft ECC Product Root Certificate Authority 2018
2638.19f4: supR3HardenedWinIsDesiredRootCA: Adding 0xca58a05dd401ae00 C=US, ST=Washington, L=Redmond, O=Microsoft Corporation, CN=Microsoft Time Stamp Root Certificate Authority 2014
2638.19f4: supR3HardenedWinIsDesiredRootCA: Adding 0x670683072a91b300 C=US, O=Microsoft Corporation, CN=Microsoft Identity Verification Root Certificate Authority 2020
2638.19f4: supR3HardenedWinIsDesiredRootCA: Adding 0x3d993fde1950a700 C=US, O=IdenTrust, CN=IdenTrust Commercial Root CA 1
2638.19f4: supR3HardenedWinIsDesiredRootCA: Adding 0x6b7bdc34cd37bb00 C=US, O=DigiCert Inc, OU=www.digicert.com, CN=DigiCert Global Root G2
2638.19f4: supR3HardenedWinIsDesiredRootCA: Adding 0x57ba5395b561bf00 C=BM, O=QuoVadis Limited, OU=Root Certification Authority, CN=QuoVadis Root Certification Authority
2638.19f4: supR3HardenedWinIsDesiredRootCA: Adding 0xbbde687390e6bf00 C=US, O=DigiCert Inc, OU=www.digicert.com, CN=DigiCert Trusted Root G4
2638.19f4: supR3HardenedWinIsDesiredRootCA: Adding 0x83085097e9afdf00 O=Digital Signature Trust Co., CN=DST Root CA X3
2638.19f4: supR3HardenedWinIsDesiredRootCA: Adding 0x780679907625cc00 OU=GlobalSign Root CA - R3, O=GlobalSign, CN=GlobalSign
2638.19f4: supR3HardenedWinIsDesiredRootCA: Adding 0x3d98ab22bb04a300 C=IE, O=Baltimore, OU=CyberTrust, CN=Baltimore CyberTrust Root
2638.19f4: supR3HardenedWinIsDesiredRootCA: Adding 0xeae16ef49d40be00 C=GB, ST=Greater Manchester, L=Salford, O=Comodo CA Limited, CN=AAA Certificate Services
2638.19f4: supR3HardenedWinIsDesiredRootCA: Adding 0x3714f47324e8ad00 C=US, O=Internet Security Research Group, CN=ISRG Root X1
2638.19f4: supR3HardenedWinIsDesiredRootCA: Adding 0xcb7d2ba3dd0ff900 C=US, ST=Texas, L=Houston, O=SSL Corporation, CN=SSL.com Root Certification Authority RSA
2638.19f4: supR3HardenedWinIsDesiredRootCA: Adding 0x8ff6fc03c1edbd00 C=US, ST=Arizona, L=Scottsdale, O=Starfield Technologies, Inc., CN=Starfield Root Certificate Authority - G2
2638.19f4: supR3HardenedWinIsDesiredRootCA: Adding 0xc6fa4243b695b600 C=US, O=Entrust, Inc., OU=www.entrust.net/CPS is incorporated by reference, OU=(c) 2006 Entrust, Inc., CN=Entrust Root Certification Authority
2638.19f4: supR3HardenedWinIsDesiredRootCA: Adding 0xa3ce8d99e60eda00 C=BE, O=GlobalSign nv-sa, OU=Root CA, CN=GlobalSign Root CA
2638.19f4: supR3HardenedWinIsDesiredRootCA: Adding 0x560ad29254e89100 C=GB, ST=Greater Manchester, L=Salford, O=COMODO CA Limited, CN=COMODO RSA Certification Authority
2638.19f4: supR3HardenedWinIsDesiredRootCA: Adding 0xa671e9fec832b700 C=US, O=Starfield Technologies, Inc., OU=Starfield Class 2 Certification Authority
2638.19f4: supR3HardenedWinIsDesiredRootCA: Adding 0xa8de7211e13be200 C=US, O=DigiCert Inc, OU=www.digicert.com, CN=DigiCert Global Root CA
2638.19f4: supR3HardenedWinIsDesiredRootCA: Adding 0xd45980fbf0a0ac00 C=US, O=thawte, Inc., OU=Certification Services Division, OU=(c) 2006 thawte, Inc. - For authorized use only, CN=thawte Primary Root CA
2638.19f4: supR3HardenedWinIsDesiredRootCA: Adding 0xc9edb72b684ba00 C=US, O=Entrust, Inc., OU=See www.entrust.net/legal-terms, OU=(c) 2009 Entrust, Inc. - for authorized use only, CN=Entrust Root Certification Authority - G2
2638.19f4: supR3HardenedWinIsDesiredRootCA: Adding 0xf5cd95e581a4ab00 C=US, O=SecureTrust Corporation, CN=SecureTrust CA
2638.19f4: supR3HardenedWinIsDesiredRootCA: Adding 0xf966ca73e8079500 OU=GlobalSign Root CA - R6, O=GlobalSign, CN=GlobalSign
2638.19f4: supR3HardenedWinIsDesiredRootCA: Adding 0xbebef0d2217f0bfb C=US, O=DigiCert Inc, OU=www.digicert.com, CN=DigiCert Global Root G3
2638.19f4: supR3HardenedWinIsDesiredRootCA: Adding 0x4dd6e14065368f00 C=US, ST=Texas, L=Houston, O=SSL Corporation, CN=SSL.com EV Root Certification Authority RSA R2
2638.19f4: supR3HardenedWinIsDesiredRootCA: Adding 0x14018a1bf29e595c C=US, O=VeriSign, Inc., OU=Class 3 Public Primary Certification Authority
2638.19f4: supR3HardenedWinIsDesiredRootCA: Adding 0xd4fbe673e5ccc600 C=US, O=DigiCert Inc, OU=www.digicert.com, CN=DigiCert High Assurance EV Root CA
2638.19f4: supR3HardenedWinIsDesiredRootCA: Adding 0x1b8578514b74ac00 C=US, O=WFA Hotspot 2.0, CN=Hotspot 2.0 Trust Root CA - 03
2638.19f4: supR3HardenedWinIsDesiredRootCA: Adding 0xb28612a94b4dad00 O=Entrust.net, OU=www.entrust.net/CPS_2048 incorp. by ref. (limits liab.), OU=(c) 1999 Entrust.net Limited, CN=Entrust.net Certification Authority (2048)
2638.19f4: supR3HardenedWinIsDesiredRootCA: Adding 0xe87add30c52db600 C=BE, O=GlobalSign nv-sa, CN=GlobalSign Code Signing Root R45
2638.19f4: supR3HardenedWinIsDesiredRootCA: Adding 0x357a29080824af00 C=US, O=VeriSign, Inc., OU=VeriSign Trust Network, OU=(c) 2006 VeriSign, Inc. - For authorized use only, CN=VeriSign Class 3 Public Primary Certification Authority - G5
2638.19f4: supR3HardenedWinIsDesiredRootCA: Adding 0x59faf1086271bf00 C=US, ST=Arizona, L=Scottsdale, O=GoDaddy.com, Inc., CN=Go Daddy Root Certificate Authority - G2
2638.19f4: supR3HardenedWinIsDesiredRootCA: Adding 0xb16dd37ffeb3b300 C=JP, O=SECOM Trust.net, OU=Security Communication RootCA1
2638.19f4: supR3HardenedWinIsDesiredRootCA: Adding 0x3401b15e3761c700 C=US, O=VeriSign, Inc., OU=VeriSign Trust Network, OU=(c) 2008 VeriSign, Inc. - For authorized use only, CN=VeriSign Universal Root Certification Authority
2638.19f4: supR3HardenedWinIsDesiredRootCA: Adding 0xc30e361765128000 C=US, ST=New Jersey, L=Jersey City, O=The USERTRUST Network, CN=USERTrust RSA Certification Authority
2638.19f4: supR3HardenedWinIsDesiredRootCA: Adding 0x7b3081c535b843ae C=US, O=Google Trust Services LLC, CN=GTS Root R4
2638.19f4: supR3HardenedWinIsDesiredRootCA: Adding 0x491857ead79dde00 C=US, O=The Go Daddy Group, Inc., OU=Go Daddy Class 2 Certification Authority
2638.19f4: supR3HardenedWinIsDesiredRootCA: Adding 0x665f55ebd06ce27b C=US, O=Entrust, Inc., OU=See www.entrust.net/legal-terms, OU=(c) 2012 Entrust, Inc. - for authorized use only, CN=Entrust Root Certification Authority - EC1
2638.19f4: supR3HardenedWinIsDesiredRootCA: Adding 0xc2ba72a37dfbe300 C=PL, O=Unizeto Technologies S.A., OU=Certum Certification Authority, CN=Certum Trusted Network CA
2638.19f4: supR3HardenedWinIsDesiredRootCA: Adding 0x8043e4ce150ead00 C=US, O=DigiCert Inc, OU=www.digicert.com, CN=DigiCert Assured ID Root CA
2638.19f4: supR3HardenedWinIsDesiredRootCA: Adding 0xfc891b3fa9f8c200 C=GR, L=Athens, O=Hellenic Academic and Research Institutions Cert. Authority, CN=Hellenic Academic and Research Institutions RootCA 2015
2638.19f4: supR3HardenedWinIsDesiredRootCA: Adding 0x39bb496d7f0fc200 C=US, ST=Washington, L=Redmond, O=Microsoft Corporation, CN=Microsoft Development Root Certificate Authority 2014
2638.19f4: supR3HardenedWinIsDesiredRootCA: Adding 0x90c7c28610d2ed15 C=US, ST=Washington, L=Redmond, O=Microsoft Corporation, CN=Microsoft ECC Development Root Certificate Authority 2018
2638.19f4: supR3HardenedWinRetrieveTrustedRootCAs: cAdded=54
2638.19f4: SUPR3HardenedMain: Load Runtime...
2638.19f4: \Device\HarddiskVolume4\Program Files\Oracle\VirtualBox\VBoxRT.dll: Signature #1/2: info status: 24202
2638.19f4: supR3HardenedMonitor_LdrLoadDll: returns rcNt=0x0 hMod=00007ffdd12a0000 'C:\WINDOWS\system32\rsaenh.dll'
2638.19f4: supR3HardenedMonitor_LdrLoadDll: returns rcNt=0x0 hMod=00007ffdd2380000 'C:\WINDOWS\System32\crypt32.dll'
2638.19f4: supR3HardenedWinVerifyCacheScheduleImports: Import todo: #0 'vcruntime140.dll'.
2638.19f4: supR3HardenedWinVerifyCacheScheduleImports: Import todo: #1 'vcruntime140_1.dll'.
2638.19f4: supR3HardenedWinVerifyCacheScheduleImports: Import todo: #2 'msvcp140.dll'.
2638.19f4: supR3HardenedWinVerifyCacheScheduleImports: Import todo: #4 'rpcrt4.dll'.
2638.19f4: supR3HardenedWinVerifyCacheScheduleImports: Import todo: #17 'ws2_32.dll'.
2638.19f4: supHardenedWinVerifyImageByHandle: -> 0 (\Device\HarddiskVolume4\Program Files\Oracle\VirtualBox\VBoxRT.dll) WinVerifyTrust
2638.19f4: supR3HardenedWinVerifyCacheInsert: \Device\HarddiskVolume4\Program Files\Oracle\VirtualBox\VBoxRT.dll
2638.19f4: supR3HardenedWinVerifyCacheProcessImportTodos: Processing 'ws2_32.dll'...
2638.19f4: supR3HardenedWinVerifyCacheProcessImportTodos: 'ws2_32.dll' -> '\Device\HarddiskVolume4\Windows\System32\ws2_32.dll' [rcNtRedir=0xc0150008]
2638.19f4: supR3HardenedMonitor_LdrLoadDll: returns rcNt=0x0 hMod=00007ffdd12a0000 'C:\WINDOWS\system32\rsaenh.dll'
2638.19f4: supR3HardenedMonitor_LdrLoadDll: returns rcNt=0x0 hMod=00007ffdd2380000 'C:\WINDOWS\System32\crypt32.dll'
2638.19f4: supR3HardenedWinVerifyCacheScheduleImports: Import todo: #26 'rpcrt4.dll'.
2638.19f4: supHardenedWinVerifyImageByHandle: -> 0 (\Device\HarddiskVolume4\Windows\System32\ws2_32.dll) WinVerifyTrust
2638.19f4: supR3HardenedWinVerifyCacheInsert: \Device\HarddiskVolume4\Windows\System32\ws2_32.dll
2638.19f4: supR3HardenedWinVerifyCacheProcessImportTodos: Processing 'rpcrt4.dll'...
2638.19f4: supR3HardenedWinVerifyCacheProcessImportTodos: 'rpcrt4.dll' -> '\Device\HarddiskVolume4\Windows\System32\rpcrt4.dll' [rcNtRedir=0xc0150008]
2638.19f4: supR3HardenedScreenImage/Imports: cache hit (VINF_SUCCESS) on \Device\HarddiskVolume4\Windows\System32\rpcrt4.dll
2638.19f4: supR3HardenedWinVerifyCacheProcessImportTodos: Processing 'msvcp140.dll'...
2638.19f4: supR3HardenedWinVerifyCacheProcessImportTodos: 'msvcp140.dll' -> '\Device\HarddiskVolume4\Windows\System32\msvcp140.dll' [rcNtRedir=0xc0150008]
2638.19f4: supR3HardenedWinVerifyCacheProcessImportTodos: Processing 'rpcrt4.dll'...
2638.19f4: supR3HardenedWinVerifyCacheProcessImportTodos: 'rpcrt4.dll' -> '\Device\HarddiskVolume4\Windows\System32\rpcrt4.dll' [rcNtRedir=0xc0150008]
2638.19f4: supR3HardenedScreenImage/Imports: cache hit (VINF_SUCCESS) on \Device\HarddiskVolume4\Windows\System32\rpcrt4.dll
2638.19f4: supR3HardenedMonitor_LdrLoadDll: returns rcNt=0x0 hMod=00007ffdd12a0000 'C:\WINDOWS\system32\rsaenh.dll'
2638.19f4: supR3HardenedMonitor_LdrLoadDll: returns rcNt=0x0 hMod=00007ffdd2380000 'C:\WINDOWS\System32\crypt32.dll'
2638.19f4: supR3HardenedWinVerifyCacheScheduleImports: Import todo: #0 'vcruntime140.dll'.
2638.19f4: supR3HardenedWinVerifyCacheScheduleImports: Import todo: #1 'vcruntime140_1.dll'.
2638.19f4: supR3HardenedWinVerifyCacheScheduleImports: Import todo: #14 'ole32.dll'.
2638.19f4: supHardenedWinVerifyImageByHandle: -> 0 (\Device\HarddiskVolume4\Windows\System32\msvcp140.dll) WinVerifyTrust
2638.19f4: supR3HardenedWinVerifyCacheInsert: \Device\HarddiskVolume4\Windows\System32\msvcp140.dll
2638.19f4: supR3HardenedWinVerifyCacheProcessImportTodos: Processing 'vcruntime140_1.dll'...
2638.19f4: supR3HardenedWinVerifyCacheProcessImportTodos: 'vcruntime140_1.dll' -> '\Device\HarddiskVolume4\Windows\System32\vcruntime140_1.dll' [rcNtRedir=0xc0150008]
2638.19f4: supR3HardenedWinVerifyCacheProcessImportTodos: Processing 'ole32.dll'...
2638.19f4: supR3HardenedWinVerifyCacheProcessImportTodos: 'ole32.dll' -> '\Device\HarddiskVolume4\Windows\System32\ole32.dll' [rcNtRedir=0xc0150008]
2638.19f4: Detected WinVerifyTrust recursion: rc=VINF_SUCCESS '\Device\HarddiskVolume4\Windows\System32\ole32.dll'.
2638.19f4: supR3HardenedWinVerifyCacheScheduleImports: Import todo: #0 'msvcp_win.dll'.
2638.19f4: supR3HardenedWinVerifyCacheScheduleImports: Import todo: #45 'gdi32.dll'.
2638.19f4: supR3HardenedWinVerifyCacheScheduleImports: Import todo: #46 'user32.dll'.
2638.19f4: supR3HardenedWinVerifyCacheScheduleImports: Import todo: #47 'combase.dll'.
2638.19f4: supHardenedWinVerifyImageByHandle: -> 0 (\Device\HarddiskVolume4\Windows\System32\ole32.dll)
2638.19f4: supR3HardenedWinVerifyCacheInsert: \Device\HarddiskVolume4\Windows\System32\ole32.dll
2638.19f4: supR3HardenedWinVerifyCacheProcessImportTodos: Processing 'vcruntime140_1.dll'...
2638.19f4: supR3HardenedWinVerifyCacheProcessImportTodos: 'vcruntime140_1.dll' -> '\Device\HarddiskVolume4\Windows\System32\vcruntime140_1.dll' [rcNtRedir=0xc0150008]
2638.19f4: Detected WinVerifyTrust recursion: rc=VINF_SUCCESS '\Device\HarddiskVolume4\Windows\System32\vcruntime140_1.dll'.
2638.19f4: supR3HardenedWinVerifyCacheScheduleImports: Import todo: #3 'vcruntime140.dll'.
2638.19f4: supHardenedWinVerifyImageByHandle: -> 0 (\Device\HarddiskVolume4\Windows\System32\vcruntime140_1.dll)
2638.19f4: supR3HardenedWinVerifyCacheInsert: \Device\HarddiskVolume4\Windows\System32\vcruntime140_1.dll
2638.19f4: supR3HardenedWinVerifyCacheProcessImportTodos: Processing 'vcruntime140.dll'...
2638.19f4: supR3HardenedWinVerifyCacheProcessImportTodos: 'vcruntime140.dll' -> '\Device\HarddiskVolume4\Windows\System32\vcruntime140.dll' [rcNtRedir=0xc0150008]
2638.19f4: Detected WinVerifyTrust recursion: rc=VINF_SUCCESS '\Device\HarddiskVolume4\Windows\System32\vcruntime140.dll'.
2638.19f4: supHardenedWinVerifyImageByHandle: -> 0 (\Device\HarddiskVolume4\Windows\System32\vcruntime140.dll)
2638.19f4: supR3HardenedWinVerifyCacheInsert: \Device\HarddiskVolume4\Windows\System32\vcruntime140.dll
2638.19f4: supR3HardenedWinVerifyCacheProcessImportTodos: Processing 'vcruntime140.dll'...
2638.19f4: supR3HardenedWinVerifyCacheProcessImportTodos: 'vcruntime140.dll' -> '\Device\HarddiskVolume4\Windows\System32\vcruntime140.dll' [rcNtRedir=0xc0150008]
2638.19f4: supR3HardenedScreenImage/Imports: cache hit (VINF_SUCCESS) on \Device\HarddiskVolume4\Windows\System32\vcruntime140.dll [lacks WinVerifyTrust]
2638.19f4: supR3HardenedWinVerifyCacheProcessImportTodos: Processing 'combase.dll'...
2638.19f4: supR3HardenedWinVerifyCacheProcessImportTodos: 'combase.dll' -> '\Device\HarddiskVolume4\Windows\System32\combase.dll' [rcNtRedir=0xc0150008]
2638.19f4: Detected WinVerifyTrust recursion: rc=VINF_SUCCESS '\Device\HarddiskVolume4\Windows\System32\combase.dll'.
2638.19f4: supR3HardenedWinVerifyCacheScheduleImports: Import todo: #3 'rpcrt4.dll'.
2638.19f4: supHardenedWinVerifyImageByHandle: -> 0 (\Device\HarddiskVolume4\Windows\System32\combase.dll)
2638.19f4: supR3HardenedWinVerifyCacheInsert: \Device\HarddiskVolume4\Windows\System32\combase.dll
2638.19f4: supR3HardenedWinVerifyCacheProcessImportTodos: Processing 'user32.dll'...
2638.19f4: supR3HardenedWinVerifyCacheProcessImportTodos: 'user32.dll' -> '\Device\HarddiskVolume4\Windows\System32\user32.dll' [rcNtRedir=0xc0150008]
2638.19f4: Detected WinVerifyTrust recursion: rc=VINF_SUCCESS '\Device\HarddiskVolume4\Windows\System32\user32.dll'.
2638.19f4: supR3HardenedWinVerifyCacheScheduleImports: Import todo: #0 'win32u.dll'.
2638.19f4: supR3HardenedWinVerifyCacheScheduleImports: Import todo: #38 'gdi32.dll'.
2638.19f4: supHardenedWinVerifyImageByHandle: -> 0 (\Device\HarddiskVolume4\Windows\System32\user32.dll)
2638.19f4: supR3HardenedWinVerifyCacheInsert: \Device\HarddiskVolume4\Windows\System32\user32.dll
2638.19f4: supR3HardenedWinVerifyCacheProcessImportTodos: Processing 'gdi32.dll'...
2638.19f4: supR3HardenedWinVerifyCacheProcessImportTodos: 'gdi32.dll' -> '\Device\HarddiskVolume4\Windows\System32\gdi32.dll' [rcNtRedir=0xc0150008]
2638.19f4: Detected WinVerifyTrust recursion: rc=VINF_SUCCESS '\Device\HarddiskVolume4\Windows\System32\gdi32.dll'.
2638.19f4: supR3HardenedWinVerifyCacheScheduleImports: Import todo: #9 'win32u.dll'.
2638.19f4: supHardenedWinVerifyImageByHandle: -> 0 (\Device\HarddiskVolume4\Windows\System32\gdi32.dll)
2638.19f4: supR3HardenedWinVerifyCacheInsert: \Device\HarddiskVolume4\Windows\System32\gdi32.dll
2638.19f4: supR3HardenedWinVerifyCacheProcessImportTodos: Processing 'msvcp_win.dll'...
2638.19f4: supR3HardenedWinVerifyCacheProcessImportTodos: 'msvcp_win.dll' -> '\Device\HarddiskVolume4\Windows\System32\msvcp_win.dll' [rcNtRedir=0xc0150008]
2638.19f4: Detected WinVerifyTrust recursion: rc=VINF_SUCCESS '\Device\HarddiskVolume4\Windows\System32\msvcp_win.dll'.
2638.19f4: supHardenedWinVerifyImageByHandle: -> 0 (\Device\HarddiskVolume4\Windows\System32\msvcp_win.dll)
2638.19f4: supR3HardenedWinVerifyCacheInsert: \Device\HarddiskVolume4\Windows\System32\msvcp_win.dll
2638.19f4: supR3HardenedWinVerifyCacheProcessImportTodos: Processing 'win32u.dll'...
2638.19f4: supR3HardenedWinVerifyCacheProcessImportTodos: 'win32u.dll' -> '\Device\HarddiskVolume4\Windows\System32\win32u.dll' [rcNtRedir=0xc0150008]
2638.19f4: Detected WinVerifyTrust recursion: rc=VINF_SUCCESS '\Device\HarddiskVolume4\Windows\System32\win32u.dll'.
2638.19f4: supHardenedWinVerifyImageByHandle: -> 0 (\Device\HarddiskVolume4\Windows\System32\win32u.dll)
2638.19f4: supR3HardenedWinVerifyCacheInsert: \Device\HarddiskVolume4\Windows\System32\win32u.dll
2638.19f4: supR3HardenedWinVerifyCacheProcessImportTodos: Processing 'gdi32.dll'...
2638.19f4: supR3HardenedWinVerifyCacheProcessImportTodos: 'gdi32.dll' -> '\Device\HarddiskVolume4\Windows\System32\gdi32.dll' [rcNtRedir=0xc0150008]
2638.19f4: supR3HardenedScreenImage/Imports: cache hit (VINF_SUCCESS) on \Device\HarddiskVolume4\Windows\System32\gdi32.dll [lacks WinVerifyTrust]
2638.19f4: supR3HardenedWinVerifyCacheProcessImportTodos: Processing 'win32u.dll'...
2638.19f4: supR3HardenedWinVerifyCacheProcessImportTodos: 'win32u.dll' -> '\Device\HarddiskVolume4\Windows\System32\win32u.dll' [rcNtRedir=0xc0150008]
2638.19f4: supR3HardenedScreenImage/Imports: cache hit (VINF_SUCCESS) on \Device\HarddiskVolume4\Windows\System32\win32u.dll [lacks WinVerifyTrust]
2638.19f4: supR3HardenedWinVerifyCacheProcessImportTodos: Processing 'rpcrt4.dll'...
2638.19f4: supR3HardenedWinVerifyCacheProcessImportTodos: 'rpcrt4.dll' -> '\Device\HarddiskVolume4\Windows\System32\rpcrt4.dll' [rcNtRedir=0xc0150008]
2638.19f4: supR3HardenedScreenImage/Imports: cache hit (VINF_SUCCESS) on \Device\HarddiskVolume4\Windows\System32\rpcrt4.dll
2638.19f4: supR3HardenedMonitor_LdrLoadDll: returns rcNt=0x0 hMod=00007ffdd12a0000 'C:\WINDOWS\system32\rsaenh.dll'
2638.19f4: supR3HardenedScreenImage/LdrLoadDll: cache hit (VINF_SUCCESS) on \Device\HarddiskVolume4\Windows\System32\crypt32.dll
2638.19f4: supR3HardenedMonitor_LdrLoadDll: pName=C:\WINDOWS\System32\crypt32.dll (Input=crypt32.dll, rcNtResolve=0xc0150008) *pfFlags=0x0 pwszSearchPath=0000000000000001:<flags> [calling]
2638.19f4: supR3HardenedMonitor_LdrLoadDll: returns rcNt=0x0 hMod=00007ffdd2380000 'C:\WINDOWS\System32\crypt32.dll'
2638.19f4: supR3HardenedWinVerifyCacheScheduleImports: Import todo: #3 'vcruntime140.dll'.
2638.19f4: supHardenedWinVerifyImageByHandle: -> 0 (\Device\HarddiskVolume4\Windows\System32\vcruntime140_1.dll) WinVerifyTrust
2638.19f4: supR3HardenedWinVerifyCacheProcessImportTodos: Processing 'vcruntime140.dll'...
2638.19f4: supR3HardenedWinVerifyCacheProcessImportTodos: 'vcruntime140.dll' -> '\Device\HarddiskVolume4\Windows\System32\vcruntime140.dll' [rcNtRedir=0xc0150008]
2638.19f4: supR3HardenedScreenImage/Imports: cache hit (VINF_SUCCESS) on \Device\HarddiskVolume4\Windows\System32\vcruntime140.dll [redoing WinVerifyTrust]
2638.19f4: supR3HardenedWinVerifyCacheProcessImportTodos: Processing 'vcruntime140.dll'...
2638.19f4: supR3HardenedWinVerifyCacheProcessImportTodos: 'vcruntime140.dll' -> '\Device\HarddiskVolume4\Windows\System32\vcruntime140.dll' [rcNtRedir=0xc0150008]
2638.19f4: supR3HardenedScreenImage/Imports: cache hit (VINF_SUCCESS) on \Device\HarddiskVolume4\Windows\System32\vcruntime140.dll [lacks WinVerifyTrust]
2638.19f4: supR3HardenedMonitor_LdrLoadDll: returns rcNt=0x0 hMod=00007ffdd12a0000 'C:\WINDOWS\system32\rsaenh.dll'
2638.19f4: supR3HardenedMonitor_LdrLoadDll: returns rcNt=0x0 hMod=00007ffdd2380000 'C:\WINDOWS\System32\crypt32.dll'
2638.19f4: supR3HardenedScreenImage/Imports: 0 (was 0) fWinVerifyTrust=1 for '\Device\HarddiskVolume4\Windows\System32\vcruntime140.dll'
2638.19f4: supR3HardenedMonitor_LdrLoadDll: pName=C:\Program Files\Oracle\VirtualBox\VBoxRT.dll (rcNtResolve=0xc0150008) *pfFlags=0x0 pwszSearchPath=0000000000000a01:<flags> [calling]
2638.19f4: supR3HardenedScreenImage/NtCreateSection: cache hit (VINF_SUCCESS) on \Device\HarddiskVolume4\Program Files\Oracle\VirtualBox\VBoxRT.dll
2638.19f4: supR3HardenedScreenImage/NtCreateSection: cache hit (VINF_SUCCESS) on \Device\HarddiskVolume4\Windows\System32\vcruntime140.dll
2638.19f4: supR3HardenedScreenImage/NtCreateSection: cache hit (VINF_SUCCESS) on \Device\HarddiskVolume4\Windows\System32\vcruntime140_1.dll [avoiding WinVerifyTrust]
2638.19f4: supR3HardenedScreenImage/NtCreateSection: cache hit (VINF_SUCCESS) on \Device\HarddiskVolume4\Windows\System32\msvcp140.dll
2638.19f4: supR3HardenedDllNotificationCallback: load   00007ffdb0ca0000 LB 0x0001b000 C:\WINDOWS\SYSTEM32\VCRUNTIME140.dll [fFlags=0x0]
2638.19f4: supR3HardenedScreenImage/LdrLoadDll: cache hit (VINF_SUCCESS) on \Device\HarddiskVolume4\Windows\System32\vcruntime140.dll
2638.19f4: supR3HardenedDllNotificationCallback: load   00007ffdb1600000 LB 0x0000c000 C:\WINDOWS\SYSTEM32\VCRUNTIME140_1.dll [fFlags=0x0]
2638.19f4: supR3HardenedScreenImage/LdrLoadDll: cache hit (VINF_SUCCESS) on \Device\HarddiskVolume4\Windows\System32\vcruntime140_1.dll [avoiding WinVerifyTrust]
2638.19f4: supR3HardenedDllNotificationCallback: load   00007ffdd2b70000 LB 0x0009a000 C:\WINDOWS\System32\msvcp_win.dll [fFlags=0x0]
2638.19f4: supR3HardenedScreenImage/LdrLoadDll: cache hit (VINF_SUCCESS) on \Device\HarddiskVolume4\Windows\System32\msvcp_win.dll [avoiding WinVerifyTrust]
2638.19f4: supR3HardenedDllNotificationCallback: load   00007ffdd2350000 LB 0x00026000 C:\WINDOWS\System32\win32u.dll [fFlags=0x0]
2638.19f4: supR3HardenedScreenImage/LdrLoadDll: cache hit (VINF_SUCCESS) on \Device\HarddiskVolume4\Windows\System32\win32u.dll [avoiding WinVerifyTrust]
2638.19f4: supR3HardenedDllNotificationCallback: load   00007ffdd3810000 LB 0x001ae000 C:\WINDOWS\System32\USER32.dll [fFlags=0x0]
2638.19f4: supR3HardenedScreenImage/LdrLoadDll: cache hit (VINF_SUCCESS) on \Device\HarddiskVolume4\Windows\System32\user32.dll [avoiding WinVerifyTrust]
2638.19f4: supR3HardenedDllNotificationCallback: load   00007ffdd2c10000 LB 0x00119000 C:\WINDOWS\System32\gdi32full.dll [fFlags=0x0]
2638.19f4: supR3HardenedWinVerifyCacheScheduleImports: Import todo: #0 'msvcp_win.dll'.
2638.19f4: supR3HardenedWinVerifyCacheScheduleImports: Import todo: #39 'gdi32.dll'.
2638.19f4: supR3HardenedWinVerifyCacheScheduleImports: Import todo: #42 'user32.dll'.
2638.19f4: supR3HardenedWinVerifyCacheScheduleImports: Import todo: #43 'win32u.dll'.
2638.19f4: supHardenedWinVerifyImageByHandle: -> 0 (\Device\HarddiskVolume4\Windows\System32\gdi32full.dll)
2638.19f4: supR3HardenedWinVerifyCacheInsert: \Device\HarddiskVolume4\Windows\System32\gdi32full.dll
2638.19f4: supR3HardenedDllNotificationCallback: load   00007ffdd4e30000 LB 0x00029000 C:\WINDOWS\System32\GDI32.dll [fFlags=0x0]
2638.19f4: supR3HardenedScreenImage/LdrLoadDll: cache hit (VINF_SUCCESS) on \Device\HarddiskVolume4\Windows\System32\gdi32.dll [avoiding WinVerifyTrust]
2638.19f4: supR3HardenedDllNotificationCallback: load   00007ffdd3160000 LB 0x0038a000 C:\WINDOWS\System32\combase.dll [fFlags=0x0]
2638.19f4: supR3HardenedScreenImage/LdrLoadDll: cache hit (VINF_SUCCESS) on \Device\HarddiskVolume4\Windows\System32\combase.dll [avoiding WinVerifyTrust]
2638.19f4: supR3HardenedDllNotificationCallback: load   00007ffdd3d30000 LB 0x0019f000 C:\WINDOWS\System32\ole32.dll [fFlags=0x0]
2638.19f4: supR3HardenedScreenImage/LdrLoadDll: cache hit (VINF_SUCCESS) on \Device\HarddiskVolume4\Windows\System32\ole32.dll [avoiding WinVerifyTrust]
2638.19f4: supR3HardenedDllNotificationCallback: load   00007ffdb0c10000 LB 0x0008e000 C:\WINDOWS\SYSTEM32\MSVCP140.dll [fFlags=0x0]
2638.19f4: supR3HardenedScreenImage/LdrLoadDll: cache hit (VINF_SUCCESS) on \Device\HarddiskVolume4\Windows\System32\msvcp140.dll
2638.19f4: supR3HardenedDllNotificationCallback: load   00007ffdd30e0000 LB 0x00071000 C:\WINDOWS\System32\WS2_32.dll [fFlags=0x0]
2638.19f4: supR3HardenedScreenImage/LdrLoadDll: cache hit (VINF_SUCCESS) on \Device\HarddiskVolume4\Windows\System32\ws2_32.dll
2638.19f4: supR3HardenedDllNotificationCallback: load   00007ffd366e0000 LB 0x006f6000 C:\Program Files\Oracle\VirtualBox\VBoxRT.dll [fFlags=0x0]
2638.19f4: supR3HardenedScreenImage/LdrLoadDll: cache hit (VINF_SUCCESS) on \Device\HarddiskVolume4\Program Files\Oracle\VirtualBox\VBoxRT.dll
2638.19f4: Detected loader lock ownership: rc=VINF_SUCCESS '\Device\HarddiskVolume4\Windows\System32\gdi32full.dll'.
2638.19f4: supR3HardenedWinVerifyCacheProcessWvtTodos: 0 (was 0) fWinVerifyTrust=0 for '\Device\HarddiskVolume4\Windows\System32\gdi32full.dll' [rescheduled]
2638.19f4: Detected loader lock ownership: rc=VINF_SUCCESS '\Device\HarddiskVolume4\Windows\System32\win32u.dll'.
2638.19f4: supR3HardenedWinVerifyCacheProcessWvtTodos: 0 (was 0) fWinVerifyTrust=0 for '\Device\HarddiskVolume4\Windows\System32\win32u.dll' [rescheduled]
2638.19f4: Detected loader lock ownership: rc=VINF_SUCCESS '\Device\HarddiskVolume4\Windows\System32\msvcp_win.dll'.
2638.19f4: supR3HardenedWinVerifyCacheProcessWvtTodos: 0 (was 0) fWinVerifyTrust=0 for '\Device\HarddiskVolume4\Windows\System32\msvcp_win.dll' [rescheduled]
2638.19f4: Detected loader lock ownership: rc=VINF_SUCCESS '\Device\HarddiskVolume4\Windows\System32\gdi32.dll'.
2638.19f4: supR3HardenedWinVerifyCacheProcessWvtTodos: 0 (was 0) fWinVerifyTrust=0 for '\Device\HarddiskVolume4\Windows\System32\gdi32.dll' [rescheduled]
2638.19f4: Detected loader lock ownership: rc=VINF_SUCCESS '\Device\HarddiskVolume4\Windows\System32\user32.dll'.
2638.19f4: supR3HardenedWinVerifyCacheProcessWvtTodos: 0 (was 0) fWinVerifyTrust=0 for '\Device\HarddiskVolume4\Windows\System32\user32.dll' [rescheduled]
2638.19f4: Detected loader lock ownership: rc=VINF_SUCCESS '\Device\HarddiskVolume4\Windows\System32\combase.dll'.
2638.19f4: supR3HardenedWinVerifyCacheProcessWvtTodos: 0 (was 0) fWinVerifyTrust=0 for '\Device\HarddiskVolume4\Windows\System32\combase.dll' [rescheduled]
2638.19f4: Detected loader lock ownership: rc=VINF_SUCCESS '\Device\HarddiskVolume4\Windows\System32\vcruntime140_1.dll'.
2638.19f4: supR3HardenedWinVerifyCacheProcessWvtTodos: 0 (was 0) fWinVerifyTrust=0 for '\Device\HarddiskVolume4\Windows\System32\vcruntime140_1.dll' [rescheduled]
2638.19f4: Detected loader lock ownership: rc=VINF_SUCCESS '\Device\HarddiskVolume4\Windows\System32\ole32.dll'.
2638.19f4: supR3HardenedWinVerifyCacheProcessWvtTodos: 0 (was 0) fWinVerifyTrust=0 for '\Device\HarddiskVolume4\Windows\System32\ole32.dll' [rescheduled]
2638.19f4: supR3HardenedIsApiSetDll: ApiSetQueryApiSetPresence(api-ms-win-core-synch-l1-2-0) -> 0x0, fPresent=1
2638.19f4: supR3HardenedMonitor_LdrLoadDll: pName=api-ms-win-core-synch-l1-2-0 (rcNtResolve=0x0) *pfFlags=0x0 pwszSearchPath=0000000000000801:<flags> [calling]
2638.19f4: supR3HardenedMonitor_LdrLoadDll: returns rcNt=0x0 hMod=00007ffdd27c0000 'api-ms-win-core-synch-l1-2-0'
2638.19f4: Detected loader lock ownership: rc=VINF_SUCCESS '\Device\HarddiskVolume4\Windows\System32\gdi32full.dll'.
2638.19f4: supR3HardenedWinVerifyCacheProcessWvtTodos: 0 (was 0) fWinVerifyTrust=0 for '\Device\HarddiskVolume4\Windows\System32\gdi32full.dll' [rescheduled]
2638.19f4: Detected loader lock ownership: rc=VINF_SUCCESS '\Device\HarddiskVolume4\Windows\System32\win32u.dll'.
2638.19f4: supR3HardenedWinVerifyCacheProcessWvtTodos: 0 (was 0) fWinVerifyTrust=0 for '\Device\HarddiskVolume4\Windows\System32\win32u.dll' [rescheduled]
2638.19f4: Detected loader lock ownership: rc=VINF_SUCCESS '\Device\HarddiskVolume4\Windows\System32\msvcp_win.dll'.
2638.19f4: supR3HardenedWinVerifyCacheProcessWvtTodos: 0 (was 0) fWinVerifyTrust=0 for '\Device\HarddiskVolume4\Windows\System32\msvcp_win.dll' [rescheduled]
2638.19f4: Detected loader lock ownership: rc=VINF_SUCCESS '\Device\HarddiskVolume4\Windows\System32\gdi32.dll'.
2638.19f4: supR3HardenedWinVerifyCacheProcessWvtTodos: 0 (was 0) fWinVerifyTrust=0 for '\Device\HarddiskVolume4\Windows\System32\gdi32.dll' [rescheduled]
2638.19f4: Detected loader lock ownership: rc=VINF_SUCCESS '\Device\HarddiskVolume4\Windows\System32\user32.dll'.
2638.19f4: supR3HardenedWinVerifyCacheProcessWvtTodos: 0 (was 0) fWinVerifyTrust=0 for '\Device\HarddiskVolume4\Windows\System32\user32.dll' [rescheduled]
2638.19f4: Detected loader lock ownership: rc=VINF_SUCCESS '\Device\HarddiskVolume4\Windows\System32\combase.dll'.
2638.19f4: supR3HardenedWinVerifyCacheProcessWvtTodos: 0 (was 0) fWinVerifyTrust=0 for '\Device\HarddiskVolume4\Windows\System32\combase.dll' [rescheduled]
2638.19f4: Detected loader lock ownership: rc=VINF_SUCCESS '\Device\HarddiskVolume4\Windows\System32\vcruntime140_1.dll'.
2638.19f4: supR3HardenedWinVerifyCacheProcessWvtTodos: 0 (was 0) fWinVerifyTrust=0 for '\Device\HarddiskVolume4\Windows\System32\vcruntime140_1.dll' [rescheduled]
2638.19f4: Detected loader lock ownership: rc=VINF_SUCCESS '\Device\HarddiskVolume4\Windows\System32\ole32.dll'.
2638.19f4: supR3HardenedWinVerifyCacheProcessWvtTodos: 0 (was 0) fWinVerifyTrust=0 for '\Device\HarddiskVolume4\Windows\System32\ole32.dll' [rescheduled]
2638.19f4: Detected loader lock ownership: rc=VINF_SUCCESS '\Device\HarddiskVolume4\Windows\System32\gdi32full.dll'.
2638.19f4: supR3HardenedWinVerifyCacheProcessWvtTodos: 0 (was 0) fWinVerifyTrust=0 for '\Device\HarddiskVolume4\Windows\System32\gdi32full.dll' [rescheduled]
2638.19f4: Detected loader lock ownership: rc=VINF_SUCCESS '\Device\HarddiskVolume4\Windows\System32\win32u.dll'.
2638.19f4: supR3HardenedWinVerifyCacheProcessWvtTodos: 0 (was 0) fWinVerifyTrust=0 for '\Device\HarddiskVolume4\Windows\System32\win32u.dll' [rescheduled]
2638.19f4: Detected loader lock ownership: rc=VINF_SUCCESS '\Device\HarddiskVolume4\Windows\System32\msvcp_win.dll'.
2638.19f4: supR3HardenedWinVerifyCacheProcessWvtTodos: 0 (was 0) fWinVerifyTrust=0 for '\Device\HarddiskVolume4\Windows\System32\msvcp_win.dll' [rescheduled]
2638.19f4: Detected loader lock ownership: rc=VINF_SUCCESS '\Device\HarddiskVolume4\Windows\System32\gdi32.dll'.
2638.19f4: supR3HardenedWinVerifyCacheProcessWvtTodos: 0 (was 0) fWinVerifyTrust=0 for '\Device\HarddiskVolume4\Windows\System32\gdi32.dll' [rescheduled]
2638.19f4: Detected loader lock ownership: rc=VINF_SUCCESS '\Device\HarddiskVolume4\Windows\System32\user32.dll'.
2638.19f4: supR3HardenedWinVerifyCacheProcessWvtTodos: 0 (was 0) fWinVerifyTrust=0 for '\Device\HarddiskVolume4\Windows\System32\user32.dll' [rescheduled]
2638.19f4: Detected loader lock ownership: rc=VINF_SUCCESS '\Device\HarddiskVolume4\Windows\System32\combase.dll'.
2638.19f4: supR3HardenedWinVerifyCacheProcessWvtTodos: 0 (was 0) fWinVerifyTrust=0 for '\Device\HarddiskVolume4\Windows\System32\combase.dll' [rescheduled]
2638.19f4: Detected loader lock ownership: rc=VINF_SUCCESS '\Device\HarddiskVolume4\Windows\System32\vcruntime140_1.dll'.
2638.19f4: supR3HardenedWinVerifyCacheProcessWvtTodos: 0 (was 0) fWinVerifyTrust=0 for '\Device\HarddiskVolume4\Windows\System32\vcruntime140_1.dll' [rescheduled]
2638.19f4: Detected loader lock ownership: rc=VINF_SUCCESS '\Device\HarddiskVolume4\Windows\System32\ole32.dll'.
2638.19f4: supR3HardenedWinVerifyCacheProcessWvtTodos: 0 (was 0) fWinVerifyTrust=0 for '\Device\HarddiskVolume4\Windows\System32\ole32.dll' [rescheduled]
2638.19f4: supR3HardenedIsApiSetDll: ApiSetQueryApiSetPresence(api-ms-win-core-fibers-l1-1-1) -> 0x0, fPresent=1
2638.19f4: supR3HardenedMonitor_LdrLoadDll: pName=api-ms-win-core-fibers-l1-1-1 (rcNtResolve=0x0) *pfFlags=0x0 pwszSearchPath=0000000000000801:<flags> [calling]
2638.19f4: supR3HardenedMonitor_LdrLoadDll: returns rcNt=0x0 hMod=00007ffdd27c0000 'api-ms-win-core-fibers-l1-1-1'
2638.19f4: Detected loader lock ownership: rc=VINF_SUCCESS '\Device\HarddiskVolume4\Windows\System32\gdi32full.dll'.
2638.19f4: supR3HardenedWinVerifyCacheProcessWvtTodos: 0 (was 0) fWinVerifyTrust=0 for '\Device\HarddiskVolume4\Windows\System32\gdi32full.dll' [rescheduled]
2638.19f4: Detected loader lock ownership: rc=VINF_SUCCESS '\Device\HarddiskVolume4\Windows\System32\win32u.dll'.
2638.19f4: supR3HardenedWinVerifyCacheProcessWvtTodos: 0 (was 0) fWinVerifyTrust=0 for '\Device\HarddiskVolume4\Windows\System32\win32u.dll' [rescheduled]
2638.19f4: Detected loader lock ownership: rc=VINF_SUCCESS '\Device\HarddiskVolume4\Windows\System32\msvcp_win.dll'.
2638.19f4: supR3HardenedWinVerifyCacheProcessWvtTodos: 0 (was 0) fWinVerifyTrust=0 for '\Device\HarddiskVolume4\Windows\System32\msvcp_win.dll' [rescheduled]
2638.19f4: Detected loader lock ownership: rc=VINF_SUCCESS '\Device\HarddiskVolume4\Windows\System32\gdi32.dll'.
2638.19f4: supR3HardenedWinVerifyCacheProcessWvtTodos: 0 (was 0) fWinVerifyTrust=0 for '\Device\HarddiskVolume4\Windows\System32\gdi32.dll' [rescheduled]
2638.19f4: Detected loader lock ownership: rc=VINF_SUCCESS '\Device\HarddiskVolume4\Windows\System32\user32.dll'.
2638.19f4: supR3HardenedWinVerifyCacheProcessWvtTodos: 0 (was 0) fWinVerifyTrust=0 for '\Device\HarddiskVolume4\Windows\System32\user32.dll' [rescheduled]
2638.19f4: Detected loader lock ownership: rc=VINF_SUCCESS '\Device\HarddiskVolume4\Windows\System32\combase.dll'.
2638.19f4: supR3HardenedWinVerifyCacheProcessWvtTodos: 0 (was 0) fWinVerifyTrust=0 for '\Device\HarddiskVolume4\Windows\System32\combase.dll' [rescheduled]
2638.19f4: Detected loader lock ownership: rc=VINF_SUCCESS '\Device\HarddiskVolume4\Windows\System32\vcruntime140_1.dll'.
2638.19f4: supR3HardenedWinVerifyCacheProcessWvtTodos: 0 (was 0) fWinVerifyTrust=0 for '\Device\HarddiskVolume4\Windows\System32\vcruntime140_1.dll' [rescheduled]
2638.19f4: Detected loader lock ownership: rc=VINF_SUCCESS '\Device\HarddiskVolume4\Windows\System32\ole32.dll'.
2638.19f4: supR3HardenedWinVerifyCacheProcessWvtTodos: 0 (was 0) fWinVerifyTrust=0 for '\Device\HarddiskVolume4\Windows\System32\ole32.dll' [rescheduled]
2638.19f4: Detected loader lock ownership: rc=VINF_SUCCESS '\Device\HarddiskVolume4\Windows\System32\gdi32full.dll'.
2638.19f4: supR3HardenedWinVerifyCacheProcessWvtTodos: 0 (was 0) fWinVerifyTrust=0 for '\Device\HarddiskVolume4\Windows\System32\gdi32full.dll' [rescheduled]
2638.19f4: Detected loader lock ownership: rc=VINF_SUCCESS '\Device\HarddiskVolume4\Windows\System32\win32u.dll'.
2638.19f4: supR3HardenedWinVerifyCacheProcessWvtTodos: 0 (was 0) fWinVerifyTrust=0 for '\Device\HarddiskVolume4\Windows\System32\win32u.dll' [rescheduled]
2638.19f4: Detected loader lock ownership: rc=VINF_SUCCESS '\Device\HarddiskVolume4\Windows\System32\msvcp_win.dll'.
2638.19f4: supR3HardenedWinVerifyCacheProcessWvtTodos: 0 (was 0) fWinVerifyTrust=0 for '\Device\HarddiskVolume4\Windows\System32\msvcp_win.dll' [rescheduled]
2638.19f4: Detected loader lock ownership: rc=VINF_SUCCESS '\Device\HarddiskVolume4\Windows\System32\gdi32.dll'.
2638.19f4: supR3HardenedWinVerifyCacheProcessWvtTodos: 0 (was 0) fWinVerifyTrust=0 for '\Device\HarddiskVolume4\Windows\System32\gdi32.dll' [rescheduled]
2638.19f4: Detected loader lock ownership: rc=VINF_SUCCESS '\Device\HarddiskVolume4\Windows\System32\user32.dll'.
2638.19f4: supR3HardenedWinVerifyCacheProcessWvtTodos: 0 (was 0) fWinVerifyTrust=0 for '\Device\HarddiskVolume4\Windows\System32\user32.dll' [rescheduled]
2638.19f4: Detected loader lock ownership: rc=VINF_SUCCESS '\Device\HarddiskVolume4\Windows\System32\combase.dll'.
2638.19f4: supR3HardenedWinVerifyCacheProcessWvtTodos: 0 (was 0) fWinVerifyTrust=0 for '\Device\HarddiskVolume4\Windows\System32\combase.dll' [rescheduled]
2638.19f4: Detected loader lock ownership: rc=VINF_SUCCESS '\Device\HarddiskVolume4\Windows\System32\vcruntime140_1.dll'.
2638.19f4: supR3HardenedWinVerifyCacheProcessWvtTodos: 0 (was 0) fWinVerifyTrust=0 for '\Device\HarddiskVolume4\Windows\System32\vcruntime140_1.dll' [rescheduled]
2638.19f4: Detected loader lock ownership: rc=VINF_SUCCESS '\Device\HarddiskVolume4\Windows\System32\ole32.dll'.
2638.19f4: supR3HardenedWinVerifyCacheProcessWvtTodos: 0 (was 0) fWinVerifyTrust=0 for '\Device\HarddiskVolume4\Windows\System32\ole32.dll' [rescheduled]
2638.19f4: supR3HardenedIsApiSetDll: ApiSetQueryApiSetPresence(api-ms-win-core-synch-l1-2-0) -> 0x0, fPresent=1
2638.19f4: supR3HardenedMonitor_LdrLoadDll: pName=api-ms-win-core-synch-l1-2-0 (rcNtResolve=0x0) *pfFlags=0x0 pwszSearchPath=0000000000000801:<flags> [calling]
2638.19f4: supR3HardenedMonitor_LdrLoadDll: returns rcNt=0x0 hMod=00007ffdd27c0000 'api-ms-win-core-synch-l1-2-0'
2638.19f4: Detected loader lock ownership: rc=VINF_SUCCESS '\Device\HarddiskVolume4\Windows\System32\gdi32full.dll'.
2638.19f4: supR3HardenedWinVerifyCacheProcessWvtTodos: 0 (was 0) fWinVerifyTrust=0 for '\Device\HarddiskVolume4\Windows\System32\gdi32full.dll' [rescheduled]
2638.19f4: Detected loader lock ownership: rc=VINF_SUCCESS '\Device\HarddiskVolume4\Windows\System32\win32u.dll'.
2638.19f4: supR3HardenedWinVerifyCacheProcessWvtTodos: 0 (was 0) fWinVerifyTrust=0 for '\Device\HarddiskVolume4\Windows\System32\win32u.dll' [rescheduled]
2638.19f4: Detected loader lock ownership: rc=VINF_SUCCESS '\Device\HarddiskVolume4\Windows\System32\msvcp_win.dll'.
2638.19f4: supR3HardenedWinVerifyCacheProcessWvtTodos: 0 (was 0) fWinVerifyTrust=0 for '\Device\HarddiskVolume4\Windows\System32\msvcp_win.dll' [rescheduled]
2638.19f4: Detected loader lock ownership: rc=VINF_SUCCESS '\Device\HarddiskVolume4\Windows\System32\gdi32.dll'.
2638.19f4: supR3HardenedWinVerifyCacheProcessWvtTodos: 0 (was 0) fWinVerifyTrust=0 for '\Device\HarddiskVolume4\Windows\System32\gdi32.dll' [rescheduled]
2638.19f4: Detected loader lock ownership: rc=VINF_SUCCESS '\Device\HarddiskVolume4\Windows\System32\user32.dll'.
2638.19f4: supR3HardenedWinVerifyCacheProcessWvtTodos: 0 (was 0) fWinVerifyTrust=0 for '\Device\HarddiskVolume4\Windows\System32\user32.dll' [rescheduled]
2638.19f4: Detected loader lock ownership: rc=VINF_SUCCESS '\Device\HarddiskVolume4\Windows\System32\combase.dll'.
2638.19f4: supR3HardenedWinVerifyCacheProcessWvtTodos: 0 (was 0) fWinVerifyTrust=0 for '\Device\HarddiskVolume4\Windows\System32\combase.dll' [rescheduled]
2638.19f4: Detected loader lock ownership: rc=VINF_SUCCESS '\Device\HarddiskVolume4\Windows\System32\vcruntime140_1.dll'.
2638.19f4: supR3HardenedWinVerifyCacheProcessWvtTodos: 0 (was 0) fWinVerifyTrust=0 for '\Device\HarddiskVolume4\Windows\System32\vcruntime140_1.dll' [rescheduled]
2638.19f4: Detected loader lock ownership: rc=VINF_SUCCESS '\Device\HarddiskVolume4\Windows\System32\ole32.dll'.
2638.19f4: supR3HardenedWinVerifyCacheProcessWvtTodos: 0 (was 0) fWinVerifyTrust=0 for '\Device\HarddiskVolume4\Windows\System32\ole32.dll' [rescheduled]
2638.19f4: Detected loader lock ownership: rc=VINF_SUCCESS '\Device\HarddiskVolume4\Windows\System32\gdi32full.dll'.
2638.19f4: supR3HardenedWinVerifyCacheProcessWvtTodos: 0 (was 0) fWinVerifyTrust=0 for '\Device\HarddiskVolume4\Windows\System32\gdi32full.dll' [rescheduled]
2638.19f4: Detected loader lock ownership: rc=VINF_SUCCESS '\Device\HarddiskVolume4\Windows\System32\win32u.dll'.
2638.19f4: supR3HardenedWinVerifyCacheProcessWvtTodos: 0 (was 0) fWinVerifyTrust=0 for '\Device\HarddiskVolume4\Windows\System32\win32u.dll' [rescheduled]
2638.19f4: Detected loader lock ownership: rc=VINF_SUCCESS '\Device\HarddiskVolume4\Windows\System32\msvcp_win.dll'.
2638.19f4: supR3HardenedWinVerifyCacheProcessWvtTodos: 0 (was 0) fWinVerifyTrust=0 for '\Device\HarddiskVolume4\Windows\System32\msvcp_win.dll' [rescheduled]
2638.19f4: Detected loader lock ownership: rc=VINF_SUCCESS '\Device\HarddiskVolume4\Windows\System32\gdi32.dll'.
2638.19f4: supR3HardenedWinVerifyCacheProcessWvtTodos: 0 (was 0) fWinVerifyTrust=0 for '\Device\HarddiskVolume4\Windows\System32\gdi32.dll' [rescheduled]
2638.19f4: Detected loader lock ownership: rc=VINF_SUCCESS '\Device\HarddiskVolume4\Windows\System32\user32.dll'.
2638.19f4: supR3HardenedWinVerifyCacheProcessWvtTodos: 0 (was 0) fWinVerifyTrust=0 for '\Device\HarddiskVolume4\Windows\System32\user32.dll' [rescheduled]
2638.19f4: Detected loader lock ownership: rc=VINF_SUCCESS '\Device\HarddiskVolume4\Windows\System32\combase.dll'.
2638.19f4: supR3HardenedWinVerifyCacheProcessWvtTodos: 0 (was 0) fWinVerifyTrust=0 for '\Device\HarddiskVolume4\Windows\System32\combase.dll' [rescheduled]
2638.19f4: Detected loader lock ownership: rc=VINF_SUCCESS '\Device\HarddiskVolume4\Windows\System32\vcruntime140_1.dll'.
2638.19f4: supR3HardenedWinVerifyCacheProcessWvtTodos: 0 (was 0) fWinVerifyTrust=0 for '\Device\HarddiskVolume4\Windows\System32\vcruntime140_1.dll' [rescheduled]
2638.19f4: Detected loader lock ownership: rc=VINF_SUCCESS '\Device\HarddiskVolume4\Windows\System32\ole32.dll'.
2638.19f4: supR3HardenedWinVerifyCacheProcessWvtTodos: 0 (was 0) fWinVerifyTrust=0 for '\Device\HarddiskVolume4\Windows\System32\ole32.dll' [rescheduled]
2638.19f4: supR3HardenedIsApiSetDll: ApiSetQueryApiSetPresence(api-ms-win-core-fibers-l1-1-1) -> 0x0, fPresent=1
2638.19f4: supR3HardenedMonitor_LdrLoadDll: pName=api-ms-win-core-fibers-l1-1-1 (rcNtResolve=0x0) *pfFlags=0x0 pwszSearchPath=0000000000000801:<flags> [calling]
2638.19f4: supR3HardenedMonitor_LdrLoadDll: returns rcNt=0x0 hMod=00007ffdd27c0000 'api-ms-win-core-fibers-l1-1-1'
2638.19f4: Detected loader lock ownership: rc=VINF_SUCCESS '\Device\HarddiskVolume4\Windows\System32\gdi32full.dll'.
2638.19f4: supR3HardenedWinVerifyCacheProcessWvtTodos: 0 (was 0) fWinVerifyTrust=0 for '\Device\HarddiskVolume4\Windows\System32\gdi32full.dll' [rescheduled]
2638.19f4: Detected loader lock ownership: rc=VINF_SUCCESS '\Device\HarddiskVolume4\Windows\System32\win32u.dll'.
2638.19f4: supR3HardenedWinVerifyCacheProcessWvtTodos: 0 (was 0) fWinVerifyTrust=0 for '\Device\HarddiskVolume4\Windows\System32\win32u.dll' [rescheduled]
2638.19f4: Detected loader lock ownership: rc=VINF_SUCCESS '\Device\HarddiskVolume4\Windows\System32\msvcp_win.dll'.
2638.19f4: supR3HardenedWinVerifyCacheProcessWvtTodos: 0 (was 0) fWinVerifyTrust=0 for '\Device\HarddiskVolume4\Windows\System32\msvcp_win.dll' [rescheduled]
2638.19f4: Detected loader lock ownership: rc=VINF_SUCCESS '\Device\HarddiskVolume4\Windows\System32\gdi32.dll'.
2638.19f4: supR3HardenedWinVerifyCacheProcessWvtTodos: 0 (was 0) fWinVerifyTrust=0 for '\Device\HarddiskVolume4\Windows\System32\gdi32.dll' [rescheduled]
2638.19f4: Detected loader lock ownership: rc=VINF_SUCCESS '\Device\HarddiskVolume4\Windows\System32\user32.dll'.
2638.19f4: supR3HardenedWinVerifyCacheProcessWvtTodos: 0 (was 0) fWinVerifyTrust=0 for '\Device\HarddiskVolume4\Windows\System32\user32.dll' [rescheduled]
2638.19f4: Detected loader lock ownership: rc=VINF_SUCCESS '\Device\HarddiskVolume4\Windows\System32\combase.dll'.
2638.19f4: supR3HardenedWinVerifyCacheProcessWvtTodos: 0 (was 0) fWinVerifyTrust=0 for '\Device\HarddiskVolume4\Windows\System32\combase.dll' [rescheduled]
2638.19f4: Detected loader lock ownership: rc=VINF_SUCCESS '\Device\HarddiskVolume4\Windows\System32\vcruntime140_1.dll'.
2638.19f4: supR3HardenedWinVerifyCacheProcessWvtTodos: 0 (was 0) fWinVerifyTrust=0 for '\Device\HarddiskVolume4\Windows\System32\vcruntime140_1.dll' [rescheduled]
2638.19f4: Detected loader lock ownership: rc=VINF_SUCCESS '\Device\HarddiskVolume4\Windows\System32\ole32.dll'.
2638.19f4: supR3HardenedWinVerifyCacheProcessWvtTodos: 0 (was 0) fWinVerifyTrust=0 for '\Device\HarddiskVolume4\Windows\System32\ole32.dll' [rescheduled]
2638.19f4: Detected loader lock ownership: rc=VINF_SUCCESS '\Device\HarddiskVolume4\Windows\System32\gdi32full.dll'.
2638.19f4: supR3HardenedWinVerifyCacheProcessWvtTodos: 0 (was 0) fWinVerifyTrust=0 for '\Device\HarddiskVolume4\Windows\System32\gdi32full.dll' [rescheduled]
2638.19f4: Detected loader lock ownership: rc=VINF_SUCCESS '\Device\HarddiskVolume4\Windows\System32\win32u.dll'.
2638.19f4: supR3HardenedWinVerifyCacheProcessWvtTodos: 0 (was 0) fWinVerifyTrust=0 for '\Device\HarddiskVolume4\Windows\System32\win32u.dll' [rescheduled]
2638.19f4: Detected loader lock ownership: rc=VINF_SUCCESS '\Device\HarddiskVolume4\Windows\System32\msvcp_win.dll'.
2638.19f4: supR3HardenedWinVerifyCacheProcessWvtTodos: 0 (was 0) fWinVerifyTrust=0 for '\Device\HarddiskVolume4\Windows\System32\msvcp_win.dll' [rescheduled]
2638.19f4: Detected loader lock ownership: rc=VINF_SUCCESS '\Device\HarddiskVolume4\Windows\System32\gdi32.dll'.
2638.19f4: supR3HardenedWinVerifyCacheProcessWvtTodos: 0 (was 0) fWinVerifyTrust=0 for '\Device\HarddiskVolume4\Windows\System32\gdi32.dll' [rescheduled]
2638.19f4: Detected loader lock ownership: rc=VINF_SUCCESS '\Device\HarddiskVolume4\Windows\System32\user32.dll'.
2638.19f4: supR3HardenedWinVerifyCacheProcessWvtTodos: 0 (was 0) fWinVerifyTrust=0 for '\Device\HarddiskVolume4\Windows\System32\user32.dll' [rescheduled]
2638.19f4: Detected loader lock ownership: rc=VINF_SUCCESS '\Device\HarddiskVolume4\Windows\System32\combase.dll'.
2638.19f4: supR3HardenedWinVerifyCacheProcessWvtTodos: 0 (was 0) fWinVerifyTrust=0 for '\Device\HarddiskVolume4\Windows\System32\combase.dll' [rescheduled]
2638.19f4: Detected loader lock ownership: rc=VINF_SUCCESS '\Device\HarddiskVolume4\Windows\System32\vcruntime140_1.dll'.
2638.19f4: supR3HardenedWinVerifyCacheProcessWvtTodos: 0 (was 0) fWinVerifyTrust=0 for '\Device\HarddiskVolume4\Windows\System32\vcruntime140_1.dll' [rescheduled]
2638.19f4: Detected loader lock ownership: rc=VINF_SUCCESS '\Device\HarddiskVolume4\Windows\System32\ole32.dll'.
2638.19f4: supR3HardenedWinVerifyCacheProcessWvtTodos: 0 (was 0) fWinVerifyTrust=0 for '\Device\HarddiskVolume4\Windows\System32\ole32.dll' [rescheduled]
2638.19f4: supR3HardenedScreenImage/LdrLoadDll: cache hit (VINF_SUCCESS) on \Device\HarddiskVolume4\Windows\System32\kernel32.dll
2638.19f4: supR3HardenedWinVerifyCacheProcessImportTodos: Processing 'win32u.dll'...
2638.19f4: supR3HardenedWinVerifyCacheProcessImportTodos: 'win32u.dll' -> '\Device\HarddiskVolume4\Windows\System32\win32u.dll' [rcNtRedir=0xc0150008]
2638.19f4: supR3HardenedScreenImage/Imports: cache hit (VINF_SUCCESS) on \Device\HarddiskVolume4\Windows\System32\win32u.dll [redoing WinVerifyTrust]
2638.19f4: Detected loader lock ownership: rc=VINF_SUCCESS '\Device\HarddiskVolume4\Windows\System32\win32u.dll'.
2638.19f4: supR3HardenedScreenImage/Imports: WinVerifyTrust not available, rescheduling \Device\HarddiskVolume4\Windows\System32\win32u.dll
2638.19f4: supR3HardenedWinVerifyCacheProcessImportTodos: Processing 'user32.dll'...
2638.19f4: supR3HardenedWinVerifyCacheProcessImportTodos: 'user32.dll' -> '\Device\HarddiskVolume4\Windows\System32\user32.dll' [rcNtRedir=0xc0150008]
2638.19f4: supR3HardenedScreenImage/Imports: cache hit (VINF_SUCCESS) on \Device\HarddiskVolume4\Windows\System32\user32.dll [redoing WinVerifyTrust]
2638.19f4: Detected loader lock ownership: rc=VINF_SUCCESS '\Device\HarddiskVolume4\Windows\System32\user32.dll'.
2638.19f4: supR3HardenedScreenImage/Imports: WinVerifyTrust not available, rescheduling \Device\HarddiskVolume4\Windows\System32\user32.dll
2638.19f4: supR3HardenedWinVerifyCacheProcessImportTodos: Processing 'gdi32.dll'...
2638.19f4: supR3HardenedWinVerifyCacheProcessImportTodos: 'gdi32.dll' -> '\Device\HarddiskVolume4\Windows\System32\gdi32.dll' [rcNtRedir=0xc0150008]
2638.19f4: supR3HardenedScreenImage/Imports: cache hit (VINF_SUCCESS) on \Device\HarddiskVolume4\Windows\System32\gdi32.dll [redoing WinVerifyTrust]
2638.19f4: Detected loader lock ownership: rc=VINF_SUCCESS '\Device\HarddiskVolume4\Windows\System32\gdi32.dll'.
2638.19f4: supR3HardenedScreenImage/Imports: WinVerifyTrust not available, rescheduling \Device\HarddiskVolume4\Windows\System32\gdi32.dll
2638.19f4: supR3HardenedWinVerifyCacheProcessImportTodos: Processing 'msvcp_win.dll'...
2638.19f4: supR3HardenedWinVerifyCacheProcessImportTodos: 'msvcp_win.dll' -> '\Device\HarddiskVolume4\Windows\System32\msvcp_win.dll' [rcNtRedir=0xc0150008]
2638.19f4: supR3HardenedScreenImage/Imports: cache hit (VINF_SUCCESS) on \Device\HarddiskVolume4\Windows\System32\msvcp_win.dll [redoing WinVerifyTrust]
2638.19f4: Detected loader lock ownership: rc=VINF_SUCCESS '\Device\HarddiskVolume4\Windows\System32\msvcp_win.dll'.
2638.19f4: supR3HardenedScreenImage/Imports: WinVerifyTrust not available, rescheduling \Device\HarddiskVolume4\Windows\System32\msvcp_win.dll
2638.19f4: supR3HardenedMonitor_LdrLoadDll: pName=C:\WINDOWS\System32\kernel32.dll (Input=kernel32, rcNtResolve=0xc0150008) *pfFlags=0x0 pwszSearchPath=0000000000000801:<flags> [calling]
2638.19f4: supR3HardenedMonitor_LdrLoadDll: returns rcNt=0x0 hMod=00007ffdd36c0000 'C:\WINDOWS\System32\kernel32.dll'
2638.19f4: Detected loader lock ownership: rc=VINF_SUCCESS '\Device\HarddiskVolume4\Windows\System32\gdi32full.dll'.
2638.19f4: supR3HardenedWinVerifyCacheProcessWvtTodos: 0 (was 0) fWinVerifyTrust=0 for '\Device\HarddiskVolume4\Windows\System32\gdi32full.dll' [rescheduled]
2638.19f4: Detected loader lock ownership: rc=VINF_SUCCESS '\Device\HarddiskVolume4\Windows\System32\win32u.dll'.
2638.19f4: supR3HardenedWinVerifyCacheProcessWvtTodos: 0 (was 0) fWinVerifyTrust=0 for '\Device\HarddiskVolume4\Windows\System32\win32u.dll' [rescheduled]
2638.19f4: Detected loader lock ownership: rc=VINF_SUCCESS '\Device\HarddiskVolume4\Windows\System32\msvcp_win.dll'.
2638.19f4: supR3HardenedWinVerifyCacheProcessWvtTodos: 0 (was 0) fWinVerifyTrust=0 for '\Device\HarddiskVolume4\Windows\System32\msvcp_win.dll' [rescheduled]
2638.19f4: Detected loader lock ownership: rc=VINF_SUCCESS '\Device\HarddiskVolume4\Windows\System32\gdi32.dll'.
2638.19f4: supR3HardenedWinVerifyCacheProcessWvtTodos: 0 (was 0) fWinVerifyTrust=0 for '\Device\HarddiskVolume4\Windows\System32\gdi32.dll' [rescheduled]
2638.19f4: Detected loader lock ownership: rc=VINF_SUCCESS '\Device\HarddiskVolume4\Windows\System32\user32.dll'.
2638.19f4: supR3HardenedWinVerifyCacheProcessWvtTodos: 0 (was 0) fWinVerifyTrust=0 for '\Device\HarddiskVolume4\Windows\System32\user32.dll' [rescheduled]
2638.19f4: Detected loader lock ownership: rc=VINF_SUCCESS '\Device\HarddiskVolume4\Windows\System32\combase.dll'.
2638.19f4: supR3HardenedWinVerifyCacheProcessWvtTodos: 0 (was 0) fWinVerifyTrust=0 for '\Device\HarddiskVolume4\Windows\System32\combase.dll' [rescheduled]
2638.19f4: Detected loader lock ownership: rc=VINF_SUCCESS '\Device\HarddiskVolume4\Windows\System32\vcruntime140_1.dll'.
2638.19f4: supR3HardenedWinVerifyCacheProcessWvtTodos: 0 (was 0) fWinVerifyTrust=0 for '\Device\HarddiskVolume4\Windows\System32\vcruntime140_1.dll' [rescheduled]
2638.19f4: Detected loader lock ownership: rc=VINF_SUCCESS '\Device\HarddiskVolume4\Windows\System32\ole32.dll'.
2638.19f4: supR3HardenedWinVerifyCacheProcessWvtTodos: 0 (was 0) fWinVerifyTrust=0 for '\Device\HarddiskVolume4\Windows\System32\ole32.dll' [rescheduled]
2638.19f4: Detected loader lock ownership: rc=VINF_SUCCESS '\Device\HarddiskVolume4\Windows\System32\gdi32full.dll'.
2638.19f4: supR3HardenedWinVerifyCacheProcessWvtTodos: 0 (was 0) fWinVerifyTrust=0 for '\Device\HarddiskVolume4\Windows\System32\gdi32full.dll' [rescheduled]
2638.19f4: Detected loader lock ownership: rc=VINF_SUCCESS '\Device\HarddiskVolume4\Windows\System32\win32u.dll'.
2638.19f4: supR3HardenedWinVerifyCacheProcessWvtTodos: 0 (was 0) fWinVerifyTrust=0 for '\Device\HarddiskVolume4\Windows\System32\win32u.dll' [rescheduled]
2638.19f4: Detected loader lock ownership: rc=VINF_SUCCESS '\Device\HarddiskVolume4\Windows\System32\msvcp_win.dll'.
2638.19f4: supR3HardenedWinVerifyCacheProcessWvtTodos: 0 (was 0) fWinVerifyTrust=0 for '\Device\HarddiskVolume4\Windows\System32\msvcp_win.dll' [rescheduled]
2638.19f4: Detected loader lock ownership: rc=VINF_SUCCESS '\Device\HarddiskVolume4\Windows\System32\gdi32.dll'.
2638.19f4: supR3HardenedWinVerifyCacheProcessWvtTodos: 0 (was 0) fWinVerifyTrust=0 for '\Device\HarddiskVolume4\Windows\System32\gdi32.dll' [rescheduled]
2638.19f4: Detected loader lock ownership: rc=VINF_SUCCESS '\Device\HarddiskVolume4\Windows\System32\user32.dll'.
2638.19f4: supR3HardenedWinVerifyCacheProcessWvtTodos: 0 (was 0) fWinVerifyTrust=0 for '\Device\HarddiskVolume4\Windows\System32\user32.dll' [rescheduled]
2638.19f4: Detected loader lock ownership: rc=VINF_SUCCESS '\Device\HarddiskVolume4\Windows\System32\combase.dll'.
2638.19f4: supR3HardenedWinVerifyCacheProcessWvtTodos: 0 (was 0) fWinVerifyTrust=0 for '\Device\HarddiskVolume4\Windows\System32\combase.dll' [rescheduled]
2638.19f4: Detected loader lock ownership: rc=VINF_SUCCESS '\Device\HarddiskVolume4\Windows\System32\vcruntime140_1.dll'.
2638.19f4: supR3HardenedWinVerifyCacheProcessWvtTodos: 0 (was 0) fWinVerifyTrust=0 for '\Device\HarddiskVolume4\Windows\System32\vcruntime140_1.dll' [rescheduled]
2638.19f4: Detected loader lock ownership: rc=VINF_SUCCESS '\Device\HarddiskVolume4\Windows\System32\ole32.dll'.
2638.19f4: supR3HardenedWinVerifyCacheProcessWvtTodos: 0 (was 0) fWinVerifyTrust=0 for '\Device\HarddiskVolume4\Windows\System32\ole32.dll' [rescheduled]
2638.19f4: supR3HardenedIsApiSetDll: ApiSetQueryApiSetPresence(api-ms-win-core-string-l1-1-0) -> 0x0, fPresent=1
2638.19f4: supR3HardenedMonitor_LdrLoadDll: pName=api-ms-win-core-string-l1-1-0 (rcNtResolve=0x0) *pfFlags=0x0 pwszSearchPath=0000000000000801:<flags> [calling]
2638.19f4: supR3HardenedMonitor_LdrLoadDll: returns rcNt=0x0 hMod=00007ffdd27c0000 'api-ms-win-core-string-l1-1-0'
2638.19f4: Detected loader lock ownership: rc=VINF_SUCCESS '\Device\HarddiskVolume4\Windows\System32\gdi32full.dll'.
2638.19f4: supR3HardenedWinVerifyCacheProcessWvtTodos: 0 (was 0) fWinVerifyTrust=0 for '\Device\HarddiskVolume4\Windows\System32\gdi32full.dll' [rescheduled]
2638.19f4: Detected loader lock ownership: rc=VINF_SUCCESS '\Device\HarddiskVolume4\Windows\System32\win32u.dll'.
2638.19f4: supR3HardenedWinVerifyCacheProcessWvtTodos: 0 (was 0) fWinVerifyTrust=0 for '\Device\HarddiskVolume4\Windows\System32\win32u.dll' [rescheduled]
2638.19f4: Detected loader lock ownership: rc=VINF_SUCCESS '\Device\HarddiskVolume4\Windows\System32\msvcp_win.dll'.
2638.19f4: supR3HardenedWinVerifyCacheProcessWvtTodos: 0 (was 0) fWinVerifyTrust=0 for '\Device\HarddiskVolume4\Windows\System32\msvcp_win.dll' [rescheduled]
2638.19f4: Detected loader lock ownership: rc=VINF_SUCCESS '\Device\HarddiskVolume4\Windows\System32\gdi32.dll'.
2638.19f4: supR3HardenedWinVerifyCacheProcessWvtTodos: 0 (was 0) fWinVerifyTrust=0 for '\Device\HarddiskVolume4\Windows\System32\gdi32.dll' [rescheduled]
2638.19f4: Detected loader lock ownership: rc=VINF_SUCCESS '\Device\HarddiskVolume4\Windows\System32\user32.dll'.
2638.19f4: supR3HardenedWinVerifyCacheProcessWvtTodos: 0 (was 0) fWinVerifyTrust=0 for '\Device\HarddiskVolume4\Windows\System32\user32.dll' [rescheduled]
2638.19f4: Detected loader lock ownership: rc=VINF_SUCCESS '\Device\HarddiskVolume4\Windows\System32\combase.dll'.
2638.19f4: supR3HardenedWinVerifyCacheProcessWvtTodos: 0 (was 0) fWinVerifyTrust=0 for '\Device\HarddiskVolume4\Windows\System32\combase.dll' [rescheduled]
2638.19f4: Detected loader lock ownership: rc=VINF_SUCCESS '\Device\HarddiskVolume4\Windows\System32\vcruntime140_1.dll'.
2638.19f4: supR3HardenedWinVerifyCacheProcessWvtTodos: 0 (was 0) fWinVerifyTrust=0 for '\Device\HarddiskVolume4\Windows\System32\vcruntime140_1.dll' [rescheduled]
2638.19f4: Detected loader lock ownership: rc=VINF_SUCCESS '\Device\HarddiskVolume4\Windows\System32\ole32.dll'.
2638.19f4: supR3HardenedWinVerifyCacheProcessWvtTodos: 0 (was 0) fWinVerifyTrust=0 for '\Device\HarddiskVolume4\Windows\System32\ole32.dll' [rescheduled]
2638.19f4: Detected loader lock ownership: rc=VINF_SUCCESS '\Device\HarddiskVolume4\Windows\System32\gdi32full.dll'.
2638.19f4: supR3HardenedWinVerifyCacheProcessWvtTodos: 0 (was 0) fWinVerifyTrust=0 for '\Device\HarddiskVolume4\Windows\System32\gdi32full.dll' [rescheduled]
2638.19f4: Detected loader lock ownership: rc=VINF_SUCCESS '\Device\HarddiskVolume4\Windows\System32\win32u.dll'.
2638.19f4: supR3HardenedWinVerifyCacheProcessWvtTodos: 0 (was 0) fWinVerifyTrust=0 for '\Device\HarddiskVolume4\Windows\System32\win32u.dll' [rescheduled]
2638.19f4: Detected loader lock ownership: rc=VINF_SUCCESS '\Device\HarddiskVolume4\Windows\System32\msvcp_win.dll'.
2638.19f4: supR3HardenedWinVerifyCacheProcessWvtTodos: 0 (was 0) fWinVerifyTrust=0 for '\Device\HarddiskVolume4\Windows\System32\msvcp_win.dll' [rescheduled]
2638.19f4: Detected loader lock ownership: rc=VINF_SUCCESS '\Device\HarddiskVolume4\Windows\System32\gdi32.dll'.
2638.19f4: supR3HardenedWinVerifyCacheProcessWvtTodos: 0 (was 0) fWinVerifyTrust=0 for '\Device\HarddiskVolume4\Windows\System32\gdi32.dll' [rescheduled]
2638.19f4: Detected loader lock ownership: rc=VINF_SUCCESS '\Device\HarddiskVolume4\Windows\System32\user32.dll'.
2638.19f4: supR3HardenedWinVerifyCacheProcessWvtTodos: 0 (was 0) fWinVerifyTrust=0 for '\Device\HarddiskVolume4\Windows\System32\user32.dll' [rescheduled]
2638.19f4: Detected loader lock ownership: rc=VINF_SUCCESS '\Device\HarddiskVolume4\Windows\System32\combase.dll'.
2638.19f4: supR3HardenedWinVerifyCacheProcessWvtTodos: 0 (was 0) fWinVerifyTrust=0 for '\Device\HarddiskVolume4\Windows\System32\combase.dll' [rescheduled]
2638.19f4: Detected loader lock ownership: rc=VINF_SUCCESS '\Device\HarddiskVolume4\Windows\System32\vcruntime140_1.dll'.
2638.19f4: supR3HardenedWinVerifyCacheProcessWvtTodos: 0 (was 0) fWinVerifyTrust=0 for '\Device\HarddiskVolume4\Windows\System32\vcruntime140_1.dll' [rescheduled]
2638.19f4: Detected loader lock ownership: rc=VINF_SUCCESS '\Device\HarddiskVolume4\Windows\System32\ole32.dll'.
2638.19f4: supR3HardenedWinVerifyCacheProcessWvtTodos: 0 (was 0) fWinVerifyTrust=0 for '\Device\HarddiskVolume4\Windows\System32\ole32.dll' [rescheduled]
2638.19f4: supR3HardenedIsApiSetDll: ApiSetQueryApiSetPresence(api-ms-win-core-localization-l1-2-1) -> 0x0, fPresent=1
2638.19f4: supR3HardenedMonitor_LdrLoadDll: pName=api-ms-win-core-localization-l1-2-1 (rcNtResolve=0x0) *pfFlags=0x0 pwszSearchPath=0000000000000801:<flags> [calling]
2638.19f4: supR3HardenedMonitor_LdrLoadDll: returns rcNt=0x0 hMod=00007ffdd27c0000 'api-ms-win-core-localization-l1-2-1'
2638.19f4: Detected loader lock ownership: rc=VINF_SUCCESS '\Device\HarddiskVolume4\Windows\System32\gdi32full.dll'.
2638.19f4: supR3HardenedWinVerifyCacheProcessWvtTodos: 0 (was 0) fWinVerifyTrust=0 for '\Device\HarddiskVolume4\Windows\System32\gdi32full.dll' [rescheduled]
2638.19f4: Detected loader lock ownership: rc=VINF_SUCCESS '\Device\HarddiskVolume4\Windows\System32\win32u.dll'.
2638.19f4: supR3HardenedWinVerifyCacheProcessWvtTodos: 0 (was 0) fWinVerifyTrust=0 for '\Device\HarddiskVolume4\Windows\System32\win32u.dll' [rescheduled]
2638.19f4: Detected loader lock ownership: rc=VINF_SUCCESS '\Device\HarddiskVolume4\Windows\System32\msvcp_win.dll'.
2638.19f4: supR3HardenedWinVerifyCacheProcessWvtTodos: 0 (was 0) fWinVerifyTrust=0 for '\Device\HarddiskVolume4\Windows\System32\msvcp_win.dll' [rescheduled]
2638.19f4: Detected loader lock ownership: rc=VINF_SUCCESS '\Device\HarddiskVolume4\Windows\System32\gdi32.dll'.
2638.19f4: supR3HardenedWinVerifyCacheProcessWvtTodos: 0 (was 0) fWinVerifyTrust=0 for '\Device\HarddiskVolume4\Windows\System32\gdi32.dll' [rescheduled]
2638.19f4: Detected loader lock ownership: rc=VINF_SUCCESS '\Device\HarddiskVolume4\Windows\System32\user32.dll'.
2638.19f4: supR3HardenedWinVerifyCacheProcessWvtTodos: 0 (was 0) fWinVerifyTrust=0 for '\Device\HarddiskVolume4\Windows\System32\user32.dll' [rescheduled]
2638.19f4: Detected loader lock ownership: rc=VINF_SUCCESS '\Device\HarddiskVolume4\Windows\System32\combase.dll'.
2638.19f4: supR3HardenedWinVerifyCacheProcessWvtTodos: 0 (was 0) fWinVerifyTrust=0 for '\Device\HarddiskVolume4\Windows\System32\combase.dll' [rescheduled]
2638.19f4: Detected loader lock ownership: rc=VINF_SUCCESS '\Device\HarddiskVolume4\Windows\System32\vcruntime140_1.dll'.
2638.19f4: supR3HardenedWinVerifyCacheProcessWvtTodos: 0 (was 0) fWinVerifyTrust=0 for '\Device\HarddiskVolume4\Windows\System32\vcruntime140_1.dll' [rescheduled]
2638.19f4: Detected loader lock ownership: rc=VINF_SUCCESS '\Device\HarddiskVolume4\Windows\System32\ole32.dll'.
2638.19f4: supR3HardenedWinVerifyCacheProcessWvtTodos: 0 (was 0) fWinVerifyTrust=0 for '\Device\HarddiskVolume4\Windows\System32\ole32.dll' [rescheduled]
2638.19f4: Detected loader lock ownership: rc=VINF_SUCCESS '\Device\HarddiskVolume4\Windows\System32\gdi32full.dll'.
2638.19f4: supR3HardenedWinVerifyCacheProcessWvtTodos: 0 (was 0) fWinVerifyTrust=0 for '\Device\HarddiskVolume4\Windows\System32\gdi32full.dll' [rescheduled]
2638.19f4: Detected loader lock ownership: rc=VINF_SUCCESS '\Device\HarddiskVolume4\Windows\System32\win32u.dll'.
2638.19f4: supR3HardenedWinVerifyCacheProcessWvtTodos: 0 (was 0) fWinVerifyTrust=0 for '\Device\HarddiskVolume4\Windows\System32\win32u.dll' [rescheduled]
2638.19f4: Detected loader lock ownership: rc=VINF_SUCCESS '\Device\HarddiskVolume4\Windows\System32\msvcp_win.dll'.
2638.19f4: supR3HardenedWinVerifyCacheProcessWvtTodos: 0 (was 0) fWinVerifyTrust=0 for '\Device\HarddiskVolume4\Windows\System32\msvcp_win.dll' [rescheduled]
2638.19f4: Detected loader lock ownership: rc=VINF_SUCCESS '\Device\HarddiskVolume4\Windows\System32\gdi32.dll'.
2638.19f4: supR3HardenedWinVerifyCacheProcessWvtTodos: 0 (was 0) fWinVerifyTrust=0 for '\Device\HarddiskVolume4\Windows\System32\gdi32.dll' [rescheduled]
2638.19f4: Detected loader lock ownership: rc=VINF_SUCCESS '\Device\HarddiskVolume4\Windows\System32\user32.dll'.
2638.19f4: supR3HardenedWinVerifyCacheProcessWvtTodos: 0 (was 0) fWinVerifyTrust=0 for '\Device\HarddiskVolume4\Windows\System32\user32.dll' [rescheduled]
2638.19f4: Detected loader lock ownership: rc=VINF_SUCCESS '\Device\HarddiskVolume4\Windows\System32\combase.dll'.
2638.19f4: supR3HardenedWinVerifyCacheProcessWvtTodos: 0 (was 0) fWinVerifyTrust=0 for '\Device\HarddiskVolume4\Windows\System32\combase.dll' [rescheduled]
2638.19f4: Detected loader lock ownership: rc=VINF_SUCCESS '\Device\HarddiskVolume4\Windows\System32\vcruntime140_1.dll'.
2638.19f4: supR3HardenedWinVerifyCacheProcessWvtTodos: 0 (was 0) fWinVerifyTrust=0 for '\Device\HarddiskVolume4\Windows\System32\vcruntime140_1.dll' [rescheduled]
2638.19f4: Detected loader lock ownership: rc=VINF_SUCCESS '\Device\HarddiskVolume4\Windows\System32\ole32.dll'.
2638.19f4: supR3HardenedWinVerifyCacheProcessWvtTodos: 0 (was 0) fWinVerifyTrust=0 for '\Device\HarddiskVolume4\Windows\System32\ole32.dll' [rescheduled]
2638.19f4: supR3HardenedIsApiSetDll: ApiSetQueryApiSetPresence(api-ms-win-core-datetime-l1-1-1) -> 0x0, fPresent=1
2638.19f4: supR3HardenedMonitor_LdrLoadDll: pName=api-ms-win-core-datetime-l1-1-1 (rcNtResolve=0x0) *pfFlags=0x0 pwszSearchPath=0000000000000801:<flags> [calling]
2638.19f4: supR3HardenedMonitor_LdrLoadDll: returns rcNt=0x0 hMod=00007ffdd27c0000 'api-ms-win-core-datetime-l1-1-1'
2638.19f4: Detected loader lock ownership: rc=VINF_SUCCESS '\Device\HarddiskVolume4\Windows\System32\gdi32full.dll'.
2638.19f4: supR3HardenedWinVerifyCacheProcessWvtTodos: 0 (was 0) fWinVerifyTrust=0 for '\Device\HarddiskVolume4\Windows\System32\gdi32full.dll' [rescheduled]
2638.19f4: Detected loader lock ownership: rc=VINF_SUCCESS '\Device\HarddiskVolume4\Windows\System32\win32u.dll'.
2638.19f4: supR3HardenedWinVerifyCacheProcessWvtTodos: 0 (was 0) fWinVerifyTrust=0 for '\Device\HarddiskVolume4\Windows\System32\win32u.dll' [rescheduled]
2638.19f4: Detected loader lock ownership: rc=VINF_SUCCESS '\Device\HarddiskVolume4\Windows\System32\msvcp_win.dll'.
2638.19f4: supR3HardenedWinVerifyCacheProcessWvtTodos: 0 (was 0) fWinVerifyTrust=0 for '\Device\HarddiskVolume4\Windows\System32\msvcp_win.dll' [rescheduled]
2638.19f4: Detected loader lock ownership: rc=VINF_SUCCESS '\Device\HarddiskVolume4\Windows\System32\gdi32.dll'.
2638.19f4: supR3HardenedWinVerifyCacheProcessWvtTodos: 0 (was 0) fWinVerifyTrust=0 for '\Device\HarddiskVolume4\Windows\System32\gdi32.dll' [rescheduled]
2638.19f4: Detected loader lock ownership: rc=VINF_SUCCESS '\Device\HarddiskVolume4\Windows\System32\user32.dll'.
2638.19f4: supR3HardenedWinVerifyCacheProcessWvtTodos: 0 (was 0) fWinVerifyTrust=0 for '\Device\HarddiskVolume4\Windows\System32\user32.dll' [rescheduled]
2638.19f4: Detected loader lock ownership: rc=VINF_SUCCESS '\Device\HarddiskVolume4\Windows\System32\combase.dll'.
2638.19f4: supR3HardenedWinVerifyCacheProcessWvtTodos: 0 (was 0) fWinVerifyTrust=0 for '\Device\HarddiskVolume4\Windows\System32\combase.dll' [rescheduled]
2638.19f4: Detected loader lock ownership: rc=VINF_SUCCESS '\Device\HarddiskVolume4\Windows\System32\vcruntime140_1.dll'.
2638.19f4: supR3HardenedWinVerifyCacheProcessWvtTodos: 0 (was 0) fWinVerifyTrust=0 for '\Device\HarddiskVolume4\Windows\System32\vcruntime140_1.dll' [rescheduled]
2638.19f4: Detected loader lock ownership: rc=VINF_SUCCESS '\Device\HarddiskVolume4\Windows\System32\ole32.dll'.
2638.19f4: supR3HardenedWinVerifyCacheProcessWvtTodos: 0 (was 0) fWinVerifyTrust=0 for '\Device\HarddiskVolume4\Windows\System32\ole32.dll' [rescheduled]
2638.19f4: Detected loader lock ownership: rc=VINF_SUCCESS '\Device\HarddiskVolume4\Windows\System32\gdi32full.dll'.
2638.19f4: supR3HardenedWinVerifyCacheProcessWvtTodos: 0 (was 0) fWinVerifyTrust=0 for '\Device\HarddiskVolume4\Windows\System32\gdi32full.dll' [rescheduled]
2638.19f4: Detected loader lock ownership: rc=VINF_SUCCESS '\Device\HarddiskVolume4\Windows\System32\win32u.dll'.
2638.19f4: supR3HardenedWinVerifyCacheProcessWvtTodos: 0 (was 0) fWinVerifyTrust=0 for '\Device\HarddiskVolume4\Windows\System32\win32u.dll' [rescheduled]
2638.19f4: Detected loader lock ownership: rc=VINF_SUCCESS '\Device\HarddiskVolume4\Windows\System32\msvcp_win.dll'.
2638.19f4: supR3HardenedWinVerifyCacheProcessWvtTodos: 0 (was 0) fWinVerifyTrust=0 for '\Device\HarddiskVolume4\Windows\System32\msvcp_win.dll' [rescheduled]
2638.19f4: Detected loader lock ownership: rc=VINF_SUCCESS '\Device\HarddiskVolume4\Windows\System32\gdi32.dll'.
2638.19f4: supR3HardenedWinVerifyCacheProcessWvtTodos: 0 (was 0) fWinVerifyTrust=0 for '\Device\HarddiskVolume4\Windows\System32\gdi32.dll' [rescheduled]
2638.19f4: Detected loader lock ownership: rc=VINF_SUCCESS '\Device\HarddiskVolume4\Windows\System32\user32.dll'.
2638.19f4: supR3HardenedWinVerifyCacheProcessWvtTodos: 0 (was 0) fWinVerifyTrust=0 for '\Device\HarddiskVolume4\Windows\System32\user32.dll' [rescheduled]
2638.19f4: Detected loader lock ownership: rc=VINF_SUCCESS '\Device\HarddiskVolume4\Windows\System32\combase.dll'.
2638.19f4: supR3HardenedWinVerifyCacheProcessWvtTodos: 0 (was 0) fWinVerifyTrust=0 for '\Device\HarddiskVolume4\Windows\System32\combase.dll' [rescheduled]
2638.19f4: Detected loader lock ownership: rc=VINF_SUCCESS '\Device\HarddiskVolume4\Windows\System32\vcruntime140_1.dll'.
2638.19f4: supR3HardenedWinVerifyCacheProcessWvtTodos: 0 (was 0) fWinVerifyTrust=0 for '\Device\HarddiskVolume4\Windows\System32\vcruntime140_1.dll' [rescheduled]
2638.19f4: Detected loader lock ownership: rc=VINF_SUCCESS '\Device\HarddiskVolume4\Windows\System32\ole32.dll'.
2638.19f4: supR3HardenedWinVerifyCacheProcessWvtTodos: 0 (was 0) fWinVerifyTrust=0 for '\Device\HarddiskVolume4\Windows\System32\ole32.dll' [rescheduled]
2638.19f4: supR3HardenedIsApiSetDll: ApiSetQueryApiSetPresence(api-ms-win-core-localization-obsolete-l1-2-0) -> 0x0, fPresent=1
2638.19f4: supR3HardenedMonitor_LdrLoadDll: pName=api-ms-win-core-localization-obsolete-l1-2-0 (rcNtResolve=0x0) *pfFlags=0x0 pwszSearchPath=0000000000000801:<flags> [calling]
2638.19f4: supR3HardenedMonitor_LdrLoadDll: returns rcNt=0x0 hMod=00007ffdd27c0000 'api-ms-win-core-localization-obsolete-l1-2-0'
2638.19f4: Detected loader lock ownership: rc=VINF_SUCCESS '\Device\HarddiskVolume4\Windows\System32\gdi32full.dll'.
2638.19f4: supR3HardenedWinVerifyCacheProcessWvtTodos: 0 (was 0) fWinVerifyTrust=0 for '\Device\HarddiskVolume4\Windows\System32\gdi32full.dll' [rescheduled]
2638.19f4: Detected loader lock ownership: rc=VINF_SUCCESS '\Device\HarddiskVolume4\Windows\System32\win32u.dll'.
2638.19f4: supR3HardenedWinVerifyCacheProcessWvtTodos: 0 (was 0) fWinVerifyTrust=0 for '\Device\HarddiskVolume4\Windows\System32\win32u.dll' [rescheduled]
2638.19f4: Detected loader lock ownership: rc=VINF_SUCCESS '\Device\HarddiskVolume4\Windows\System32\msvcp_win.dll'.
2638.19f4: supR3HardenedWinVerifyCacheProcessWvtTodos: 0 (was 0) fWinVerifyTrust=0 for '\Device\HarddiskVolume4\Windows\System32\msvcp_win.dll' [rescheduled]
2638.19f4: Detected loader lock ownership: rc=VINF_SUCCESS '\Device\HarddiskVolume4\Windows\System32\gdi32.dll'.
2638.19f4: supR3HardenedWinVerifyCacheProcessWvtTodos: 0 (was 0) fWinVerifyTrust=0 for '\Device\HarddiskVolume4\Windows\System32\gdi32.dll' [rescheduled]
2638.19f4: Detected loader lock ownership: rc=VINF_SUCCESS '\Device\HarddiskVolume4\Windows\System32\user32.dll'.
2638.19f4: supR3HardenedWinVerifyCacheProcessWvtTodos: 0 (was 0) fWinVerifyTrust=0 for '\Device\HarddiskVolume4\Windows\System32\user32.dll' [rescheduled]
2638.19f4: Detected loader lock ownership: rc=VINF_SUCCESS '\Device\HarddiskVolume4\Windows\System32\combase.dll'.
2638.19f4: supR3HardenedWinVerifyCacheProcessWvtTodos: 0 (was 0) fWinVerifyTrust=0 for '\Device\HarddiskVolume4\Windows\System32\combase.dll' [rescheduled]
2638.19f4: Detected loader lock ownership: rc=VINF_SUCCESS '\Device\HarddiskVolume4\Windows\System32\vcruntime140_1.dll'.
2638.19f4: supR3HardenedWinVerifyCacheProcessWvtTodos: 0 (was 0) fWinVerifyTrust=0 for '\Device\HarddiskVolume4\Windows\System32\vcruntime140_1.dll' [rescheduled]
2638.19f4: Detected loader lock ownership: rc=VINF_SUCCESS '\Device\HarddiskVolume4\Windows\System32\ole32.dll'.
2638.19f4: supR3HardenedWinVerifyCacheProcessWvtTodos: 0 (was 0) fWinVerifyTrust=0 for '\Device\HarddiskVolume4\Windows\System32\ole32.dll' [rescheduled]
2638.19f4: supR3HardenedWinVerifyCacheScheduleImports: Import todo: #26 'win32u.dll'.
2638.19f4: supHardenedWinVerifyImageByHandle: -> 0 (\Device\HarddiskVolume4\Windows\System32\imm32.dll)
2638.19f4: supR3HardenedWinVerifyCacheInsert: \Device\HarddiskVolume4\Windows\System32\imm32.dll
2638.19f4: supR3HardenedMonitor_NtCreateSection: NtMapViewOfSection failed on 0000000000000468 (hFile=0000000000000494) with 0xc0000022 -> STATUS_TRUST_FAILURE
2638.19f4: Detected loader lock ownership: rc=VINF_SUCCESS '\Device\HarddiskVolume4\Windows\System32\imm32.dll'.
2638.19f4: supR3HardenedWinVerifyCacheProcessWvtTodos: 0 (was 0) fWinVerifyTrust=0 for '\Device\HarddiskVolume4\Windows\System32\imm32.dll' [rescheduled]
2638.19f4: Detected loader lock ownership: rc=VINF_SUCCESS '\Device\HarddiskVolume4\Windows\System32\gdi32full.dll'.
2638.19f4: supR3HardenedWinVerifyCacheProcessWvtTodos: 0 (was 0) fWinVerifyTrust=0 for '\Device\HarddiskVolume4\Windows\System32\gdi32full.dll' [rescheduled]
2638.19f4: Detected loader lock ownership: rc=VINF_SUCCESS '\Device\HarddiskVolume4\Windows\System32\win32u.dll'.
2638.19f4: supR3HardenedWinVerifyCacheProcessWvtTodos: 0 (was 0) fWinVerifyTrust=0 for '\Device\HarddiskVolume4\Windows\System32\win32u.dll' [rescheduled]
2638.19f4: Detected loader lock ownership: rc=VINF_SUCCESS '\Device\HarddiskVolume4\Windows\System32\msvcp_win.dll'.
2638.19f4: supR3HardenedWinVerifyCacheProcessWvtTodos: 0 (was 0) fWinVerifyTrust=0 for '\Device\HarddiskVolume4\Windows\System32\msvcp_win.dll' [rescheduled]
2638.19f4: Detected loader lock ownership: rc=VINF_SUCCESS '\Device\HarddiskVolume4\Windows\System32\gdi32.dll'.
2638.19f4: supR3HardenedWinVerifyCacheProcessWvtTodos: 0 (was 0) fWinVerifyTrust=0 for '\Device\HarddiskVolume4\Windows\System32\gdi32.dll' [rescheduled]
2638.19f4: Detected loader lock ownership: rc=VINF_SUCCESS '\Device\HarddiskVolume4\Windows\System32\user32.dll'.
2638.19f4: supR3HardenedWinVerifyCacheProcessWvtTodos: 0 (was 0) fWinVerifyTrust=0 for '\Device\HarddiskVolume4\Windows\System32\user32.dll' [rescheduled]
2638.19f4: Detected loader lock ownership: rc=VINF_SUCCESS '\Device\HarddiskVolume4\Windows\System32\combase.dll'.
2638.19f4: supR3HardenedWinVerifyCacheProcessWvtTodos: 0 (was 0) fWinVerifyTrust=0 for '\Device\HarddiskVolume4\Windows\System32\combase.dll' [rescheduled]
2638.19f4: Detected loader lock ownership: rc=VINF_SUCCESS '\Device\HarddiskVolume4\Windows\System32\vcruntime140_1.dll'.
2638.19f4: supR3HardenedWinVerifyCacheProcessWvtTodos: 0 (was 0) fWinVerifyTrust=0 for '\Device\HarddiskVolume4\Windows\System32\vcruntime140_1.dll' [rescheduled]
2638.19f4: Detected loader lock ownership: rc=VINF_SUCCESS '\Device\HarddiskVolume4\Windows\System32\ole32.dll'.
2638.19f4: supR3HardenedWinVerifyCacheProcessWvtTodos: 0 (was 0) fWinVerifyTrust=0 for '\Device\HarddiskVolume4\Windows\System32\ole32.dll' [rescheduled]
2638.19f4: supR3HardenedScreenImage/LdrLoadDll: cache hit (VINF_SUCCESS) on \Device\HarddiskVolume4\Windows\System32\imm32.dll [redoing WinVerifyTrust]
2638.19f4: Detected loader lock ownership: rc=VINF_SUCCESS '\Device\HarddiskVolume4\Windows\System32\imm32.dll'.
2638.19f4: supR3HardenedScreenImage/LdrLoadDll: WinVerifyTrust not available, rescheduling \Device\HarddiskVolume4\Windows\System32\imm32.dll
2638.19f4: supR3HardenedWinVerifyCacheProcessImportTodos: Processing 'win32u.dll'...
2638.19f4: supR3HardenedWinVerifyCacheProcessImportTodos: 'win32u.dll' -> '\Device\HarddiskVolume4\Windows\System32\win32u.dll' [rcNtRedir=0xc0150008]
2638.19f4: supR3HardenedScreenImage/Imports: cache hit (VINF_SUCCESS) on \Device\HarddiskVolume4\Windows\System32\win32u.dll [redoing WinVerifyTrust]
2638.19f4: Detected loader lock ownership: rc=VINF_SUCCESS '\Device\HarddiskVolume4\Windows\System32\win32u.dll'.
2638.19f4: supR3HardenedScreenImage/Imports: WinVerifyTrust not available, rescheduling \Device\HarddiskVolume4\Windows\System32\win32u.dll
2638.19f4: supR3HardenedMonitor_LdrLoadDll: pName=C:\WINDOWS\system32\IMM32.DLL (rcNtResolve=0xc0150008) *pfFlags=0x0 pwszSearchPath=0000000000000009:<flags> [calling]
2638.19f4: supR3HardenedDllNotificationCallback: load   00007ffdd4df0000 LB 0x00031000 C:\WINDOWS\System32\IMM32.DLL [fFlags=0x0]
2638.19f4: supR3HardenedScreenImage/LdrLoadDll: cache hit (VINF_SUCCESS) on \Device\HarddiskVolume4\Windows\System32\imm32.dll [avoiding WinVerifyTrust]
2638.19f4: supR3HardenedMonitor_LdrLoadDll: returns rcNt=0x0 hMod=00007ffdd4df0000 'C:\WINDOWS\system32\IMM32.DLL'
2638.19f4: Detected loader lock ownership: rc=VINF_SUCCESS '\Device\HarddiskVolume4\Windows\System32\imm32.dll'.
2638.19f4: supR3HardenedWinVerifyCacheProcessWvtTodos: 0 (was 0) fWinVerifyTrust=0 for '\Device\HarddiskVolume4\Windows\System32\imm32.dll' [rescheduled]
2638.19f4: Detected loader lock ownership: rc=VINF_SUCCESS '\Device\HarddiskVolume4\Windows\System32\gdi32full.dll'.
2638.19f4: supR3HardenedWinVerifyCacheProcessWvtTodos: 0 (was 0) fWinVerifyTrust=0 for '\Device\HarddiskVolume4\Windows\System32\gdi32full.dll' [rescheduled]
2638.19f4: Detected loader lock ownership: rc=VINF_SUCCESS '\Device\HarddiskVolume4\Windows\System32\win32u.dll'.
2638.19f4: supR3HardenedWinVerifyCacheProcessWvtTodos: 0 (was 0) fWinVerifyTrust=0 for '\Device\HarddiskVolume4\Windows\System32\win32u.dll' [rescheduled]
2638.19f4: Detected loader lock ownership: rc=VINF_SUCCESS '\Device\HarddiskVolume4\Windows\System32\msvcp_win.dll'.
2638.19f4: supR3HardenedWinVerifyCacheProcessWvtTodos: 0 (was 0) fWinVerifyTrust=0 for '\Device\HarddiskVolume4\Windows\System32\msvcp_win.dll' [rescheduled]
2638.19f4: Detected loader lock ownership: rc=VINF_SUCCESS '\Device\HarddiskVolume4\Windows\System32\gdi32.dll'.
2638.19f4: supR3HardenedWinVerifyCacheProcessWvtTodos: 0 (was 0) fWinVerifyTrust=0 for '\Device\HarddiskVolume4\Windows\System32\gdi32.dll' [rescheduled]
2638.19f4: Detected loader lock ownership: rc=VINF_SUCCESS '\Device\HarddiskVolume4\Windows\System32\user32.dll'.
2638.19f4: supR3HardenedWinVerifyCacheProcessWvtTodos: 0 (was 0) fWinVerifyTrust=0 for '\Device\HarddiskVolume4\Windows\System32\user32.dll' [rescheduled]
2638.19f4: Detected loader lock ownership: rc=VINF_SUCCESS '\Device\HarddiskVolume4\Windows\System32\combase.dll'.
2638.19f4: supR3HardenedWinVerifyCacheProcessWvtTodos: 0 (was 0) fWinVerifyTrust=0 for '\Device\HarddiskVolume4\Windows\System32\combase.dll' [rescheduled]
2638.19f4: Detected loader lock ownership: rc=VINF_SUCCESS '\Device\HarddiskVolume4\Windows\System32\vcruntime140_1.dll'.
2638.19f4: supR3HardenedWinVerifyCacheProcessWvtTodos: 0 (was 0) fWinVerifyTrust=0 for '\Device\HarddiskVolume4\Windows\System32\vcruntime140_1.dll' [rescheduled]
2638.19f4: Detected loader lock ownership: rc=VINF_SUCCESS '\Device\HarddiskVolume4\Windows\System32\ole32.dll'.
2638.19f4: supR3HardenedWinVerifyCacheProcessWvtTodos: 0 (was 0) fWinVerifyTrust=0 for '\Device\HarddiskVolume4\Windows\System32\ole32.dll' [rescheduled]
2638.19f4: supR3HardenedWinVerifyCacheScheduleImports: Import todo: #0 'msvcp_win.dll'.
2638.19f4: supR3HardenedWinVerifyCacheScheduleImports: Import todo: #5 'combase.dll'.
2638.19f4: supR3HardenedWinVerifyCacheScheduleImports: Import todo: #25 'rpcrt4.dll'.
2638.19f4: supHardenedWinVerifyImageByHandle: -> 0 (\Device\HarddiskVolume4\Windows\System32\oleaut32.dll)
2638.19f4: supR3HardenedWinVerifyCacheInsert: \Device\HarddiskVolume4\Windows\System32\oleaut32.dll
2638.19f4: supR3HardenedMonitor_NtCreateSection: NtMapViewOfSection failed on 00000000000004dc (hFile=00000000000004d4) with 0xc0000022 -> STATUS_TRUST_FAILURE
2638.19f4: Detected loader lock ownership: rc=VINF_SUCCESS '\Device\HarddiskVolume4\Windows\System32\oleaut32.dll'.
2638.19f4: supR3HardenedWinVerifyCacheProcessWvtTodos: 0 (was 0) fWinVerifyTrust=0 for '\Device\HarddiskVolume4\Windows\System32\oleaut32.dll' [rescheduled]
2638.19f4: Detected loader lock ownership: rc=VINF_SUCCESS '\Device\HarddiskVolume4\Windows\System32\imm32.dll'.
2638.19f4: supR3HardenedWinVerifyCacheProcessWvtTodos: 0 (was 0) fWinVerifyTrust=0 for '\Device\HarddiskVolume4\Windows\System32\imm32.dll' [rescheduled]
2638.19f4: Detected loader lock ownership: rc=VINF_SUCCESS '\Device\HarddiskVolume4\Windows\System32\gdi32full.dll'.
2638.19f4: supR3HardenedWinVerifyCacheProcessWvtTodos: 0 (was 0) fWinVerifyTrust=0 for '\Device\HarddiskVolume4\Windows\System32\gdi32full.dll' [rescheduled]
2638.19f4: Detected loader lock ownership: rc=VINF_SUCCESS '\Device\HarddiskVolume4\Windows\System32\win32u.dll'.
2638.19f4: supR3HardenedWinVerifyCacheProcessWvtTodos: 0 (was 0) fWinVerifyTrust=0 for '\Device\HarddiskVolume4\Windows\System32\win32u.dll' [rescheduled]
2638.19f4: Detected loader lock ownership: rc=VINF_SUCCESS '\Device\HarddiskVolume4\Windows\System32\msvcp_win.dll'.
2638.19f4: supR3HardenedWinVerifyCacheProcessWvtTodos: 0 (was 0) fWinVerifyTrust=0 for '\Device\HarddiskVolume4\Windows\System32\msvcp_win.dll' [rescheduled]
2638.19f4: Detected loader lock ownership: rc=VINF_SUCCESS '\Device\HarddiskVolume4\Windows\System32\gdi32.dll'.
2638.19f4: supR3HardenedWinVerifyCacheProcessWvtTodos: 0 (was 0) fWinVerifyTrust=0 for '\Device\HarddiskVolume4\Windows\System32\gdi32.dll' [rescheduled]
2638.19f4: Detected loader lock ownership: rc=VINF_SUCCESS '\Device\HarddiskVolume4\Windows\System32\user32.dll'.
2638.19f4: supR3HardenedWinVerifyCacheProcessWvtTodos: 0 (was 0) fWinVerifyTrust=0 for '\Device\HarddiskVolume4\Windows\System32\user32.dll' [rescheduled]
2638.19f4: Detected loader lock ownership: rc=VINF_SUCCESS '\Device\HarddiskVolume4\Windows\System32\combase.dll'.
2638.19f4: supR3HardenedWinVerifyCacheProcessWvtTodos: 0 (was 0) fWinVerifyTrust=0 for '\Device\HarddiskVolume4\Windows\System32\combase.dll' [rescheduled]
2638.19f4: Detected loader lock ownership: rc=VINF_SUCCESS '\Device\HarddiskVolume4\Windows\System32\vcruntime140_1.dll'.
2638.19f4: supR3HardenedWinVerifyCacheProcessWvtTodos: 0 (was 0) fWinVerifyTrust=0 for '\Device\HarddiskVolume4\Windows\System32\vcruntime140_1.dll' [rescheduled]
2638.19f4: Detected loader lock ownership: rc=VINF_SUCCESS '\Device\HarddiskVolume4\Windows\System32\ole32.dll'.
2638.19f4: supR3HardenedWinVerifyCacheProcessWvtTodos: 0 (was 0) fWinVerifyTrust=0 for '\Device\HarddiskVolume4\Windows\System32\ole32.dll' [rescheduled]
2638.19f4: supR3HardenedScreenImage/LdrLoadDll: cache hit (VINF_SUCCESS) on \Device\HarddiskVolume4\Program Files\Oracle\VirtualBox\VBoxRT.dll
2638.19f4: supR3HardenedWinVerifyCacheProcessImportTodos: Processing 'rpcrt4.dll'...
2638.19f4: supR3HardenedWinVerifyCacheProcessImportTodos: 'rpcrt4.dll' -> '\Device\HarddiskVolume4\Windows\System32\rpcrt4.dll' [rcNtRedir=0xc0150008]
2638.19f4: supR3HardenedScreenImage/Imports: cache hit (VINF_SUCCESS) on \Device\HarddiskVolume4\Windows\System32\rpcrt4.dll
2638.19f4: supR3HardenedWinVerifyCacheProcessImportTodos: Processing 'combase.dll'...
2638.19f4: supR3HardenedWinVerifyCacheProcessImportTodos: 'combase.dll' -> '\Device\HarddiskVolume4\Windows\System32\combase.dll' [rcNtRedir=0xc0150008]
2638.19f4: supR3HardenedScreenImage/Imports: cache hit (VINF_SUCCESS) on \Device\HarddiskVolume4\Windows\System32\combase.dll [redoing WinVerifyTrust]
2638.19f4: Detected loader lock ownership: rc=VINF_SUCCESS '\Device\HarddiskVolume4\Windows\System32\combase.dll'.
2638.19f4: supR3HardenedScreenImage/Imports: WinVerifyTrust not available, rescheduling \Device\HarddiskVolume4\Windows\System32\combase.dll
2638.19f4: supR3HardenedWinVerifyCacheProcessImportTodos: Processing 'msvcp_win.dll'...
2638.19f4: supR3HardenedWinVerifyCacheProcessImportTodos: 'msvcp_win.dll' -> '\Device\HarddiskVolume4\Windows\System32\msvcp_win.dll' [rcNtRedir=0xc0150008]
2638.19f4: supR3HardenedScreenImage/Imports: cache hit (VINF_SUCCESS) on \Device\HarddiskVolume4\Windows\System32\msvcp_win.dll [redoing WinVerifyTrust]
2638.19f4: Detected loader lock ownership: rc=VINF_SUCCESS '\Device\HarddiskVolume4\Windows\System32\msvcp_win.dll'.
2638.19f4: supR3HardenedScreenImage/Imports: WinVerifyTrust not available, rescheduling \Device\HarddiskVolume4\Windows\System32\msvcp_win.dll
2638.19f4: supR3HardenedMonitor_LdrLoadDll: pName=C:\Program Files\Oracle\VirtualBox\VBoxRT.dll (rcNtResolve=0xc0150008) *pfFlags=0x0 pwszSearchPath=0000000000000001:<flags> [calling]
2638.19f4: supR3HardenedMonitor_LdrLoadDll: returns rcNt=0x0 hMod=00007ffd366e0000 'C:\Program Files\Oracle\VirtualBox\VBoxRT.dll'
2638.19f4: Detected loader lock ownership: rc=VINF_SUCCESS '\Device\HarddiskVolume4\Windows\System32\oleaut32.dll'.
2638.19f4: supR3HardenedWinVerifyCacheProcessWvtTodos: 0 (was 0) fWinVerifyTrust=0 for '\Device\HarddiskVolume4\Windows\System32\oleaut32.dll' [rescheduled]
2638.19f4: Detected loader lock ownership: rc=VINF_SUCCESS '\Device\HarddiskVolume4\Windows\System32\imm32.dll'.
2638.19f4: supR3HardenedWinVerifyCacheProcessWvtTodos: 0 (was 0) fWinVerifyTrust=0 for '\Device\HarddiskVolume4\Windows\System32\imm32.dll' [rescheduled]
2638.19f4: Detected loader lock ownership: rc=VINF_SUCCESS '\Device\HarddiskVolume4\Windows\System32\gdi32full.dll'.
2638.19f4: supR3HardenedWinVerifyCacheProcessWvtTodos: 0 (was 0) fWinVerifyTrust=0 for '\Device\HarddiskVolume4\Windows\System32\gdi32full.dll' [rescheduled]
2638.19f4: Detected loader lock ownership: rc=VINF_SUCCESS '\Device\HarddiskVolume4\Windows\System32\win32u.dll'.
2638.19f4: supR3HardenedWinVerifyCacheProcessWvtTodos: 0 (was 0) fWinVerifyTrust=0 for '\Device\HarddiskVolume4\Windows\System32\win32u.dll' [rescheduled]
2638.19f4: Detected loader lock ownership: rc=VINF_SUCCESS '\Device\HarddiskVolume4\Windows\System32\msvcp_win.dll'.
2638.19f4: supR3HardenedWinVerifyCacheProcessWvtTodos: 0 (was 0) fWinVerifyTrust=0 for '\Device\HarddiskVolume4\Windows\System32\msvcp_win.dll' [rescheduled]
2638.19f4: Detected loader lock ownership: rc=VINF_SUCCESS '\Device\HarddiskVolume4\Windows\System32\gdi32.dll'.
2638.19f4: supR3HardenedWinVerifyCacheProcessWvtTodos: 0 (was 0) fWinVerifyTrust=0 for '\Device\HarddiskVolume4\Windows\System32\gdi32.dll' [rescheduled]
2638.19f4: Detected loader lock ownership: rc=VINF_SUCCESS '\Device\HarddiskVolume4\Windows\System32\user32.dll'.
2638.19f4: supR3HardenedWinVerifyCacheProcessWvtTodos: 0 (was 0) fWinVerifyTrust=0 for '\Device\HarddiskVolume4\Windows\System32\user32.dll' [rescheduled]
2638.19f4: Detected loader lock ownership: rc=VINF_SUCCESS '\Device\HarddiskVolume4\Windows\System32\combase.dll'.
2638.19f4: supR3HardenedWinVerifyCacheProcessWvtTodos: 0 (was 0) fWinVerifyTrust=0 for '\Device\HarddiskVolume4\Windows\System32\combase.dll' [rescheduled]
2638.19f4: Detected loader lock ownership: rc=VINF_SUCCESS '\Device\HarddiskVolume4\Windows\System32\vcruntime140_1.dll'.
2638.19f4: supR3HardenedWinVerifyCacheProcessWvtTodos: 0 (was 0) fWinVerifyTrust=0 for '\Device\HarddiskVolume4\Windows\System32\vcruntime140_1.dll' [rescheduled]
2638.19f4: Detected loader lock ownership: rc=VINF_SUCCESS '\Device\HarddiskVolume4\Windows\System32\ole32.dll'.
2638.19f4: supR3HardenedWinVerifyCacheProcessWvtTodos: 0 (was 0) fWinVerifyTrust=0 for '\Device\HarddiskVolume4\Windows\System32\ole32.dll' [rescheduled]
2638.19f4: Detected loader lock ownership: rc=VINF_SUCCESS '\Device\HarddiskVolume4\Windows\System32\oleaut32.dll'.
2638.19f4: supR3HardenedWinVerifyCacheProcessWvtTodos: 0 (was 0) fWinVerifyTrust=0 for '\Device\HarddiskVolume4\Windows\System32\oleaut32.dll' [rescheduled]
2638.19f4: Detected loader lock ownership: rc=VINF_SUCCESS '\Device\HarddiskVolume4\Windows\System32\imm32.dll'.
2638.19f4: supR3HardenedWinVerifyCacheProcessWvtTodos: 0 (was 0) fWinVerifyTrust=0 for '\Device\HarddiskVolume4\Windows\System32\imm32.dll' [rescheduled]
2638.19f4: Detected loader lock ownership: rc=VINF_SUCCESS '\Device\HarddiskVolume4\Windows\System32\gdi32full.dll'.
2638.19f4: supR3HardenedWinVerifyCacheProcessWvtTodos: 0 (was 0) fWinVerifyTrust=0 for '\Device\HarddiskVolume4\Windows\System32\gdi32full.dll' [rescheduled]
2638.19f4: Detected loader lock ownership: rc=VINF_SUCCESS '\Device\HarddiskVolume4\Windows\System32\win32u.dll'.
2638.19f4: supR3HardenedWinVerifyCacheProcessWvtTodos: 0 (was 0) fWinVerifyTrust=0 for '\Device\HarddiskVolume4\Windows\System32\win32u.dll' [rescheduled]
2638.19f4: Detected loader lock ownership: rc=VINF_SUCCESS '\Device\HarddiskVolume4\Windows\System32\msvcp_win.dll'.
2638.19f4: supR3HardenedWinVerifyCacheProcessWvtTodos: 0 (was 0) fWinVerifyTrust=0 for '\Device\HarddiskVolume4\Windows\System32\msvcp_win.dll' [rescheduled]
2638.19f4: Detected loader lock ownership: rc=VINF_SUCCESS '\Device\HarddiskVolume4\Windows\System32\gdi32.dll'.
2638.19f4: supR3HardenedWinVerifyCacheProcessWvtTodos: 0 (was 0) fWinVerifyTrust=0 for '\Device\HarddiskVolume4\Windows\System32\gdi32.dll' [rescheduled]
2638.19f4: Detected loader lock ownership: rc=VINF_SUCCESS '\Device\HarddiskVolume4\Windows\System32\user32.dll'.
2638.19f4: supR3HardenedWinVerifyCacheProcessWvtTodos: 0 (was 0) fWinVerifyTrust=0 for '\Device\HarddiskVolume4\Windows\System32\user32.dll' [rescheduled]
2638.19f4: Detected loader lock ownership: rc=VINF_SUCCESS '\Device\HarddiskVolume4\Windows\System32\combase.dll'.
2638.19f4: supR3HardenedWinVerifyCacheProcessWvtTodos: 0 (was 0) fWinVerifyTrust=0 for '\Device\HarddiskVolume4\Windows\System32\combase.dll' [rescheduled]
2638.19f4: Detected loader lock ownership: rc=VINF_SUCCESS '\Device\HarddiskVolume4\Windows\System32\vcruntime140_1.dll'.
2638.19f4: supR3HardenedWinVerifyCacheProcessWvtTodos: 0 (was 0) fWinVerifyTrust=0 for '\Device\HarddiskVolume4\Windows\System32\vcruntime140_1.dll' [rescheduled]
2638.19f4: Detected loader lock ownership: rc=VINF_SUCCESS '\Device\HarddiskVolume4\Windows\System32\ole32.dll'.
2638.19f4: supR3HardenedWinVerifyCacheProcessWvtTodos: 0 (was 0) fWinVerifyTrust=0 for '\Device\HarddiskVolume4\Windows\System32\ole32.dll' [rescheduled]
2638.19f4: supR3HardenedScreenImage/LdrLoadDll: cache hit (VINF_SUCCESS) on \Device\HarddiskVolume4\Program Files\Oracle\VirtualBox\VBoxRT.dll
2638.19f4: supR3HardenedMonitor_LdrLoadDll: pName=C:\Program Files\Oracle\VirtualBox\VBoxRT.dll (rcNtResolve=0xc0150008) *pfFlags=0x0 pwszSearchPath=0000000000000001:<flags> [calling]
2638.19f4: supR3HardenedMonitor_LdrLoadDll: returns rcNt=0x0 hMod=00007ffd366e0000 'C:\Program Files\Oracle\VirtualBox\VBoxRT.dll'
2638.19f4: Detected loader lock ownership: rc=VINF_SUCCESS '\Device\HarddiskVolume4\Windows\System32\oleaut32.dll'.
2638.19f4: supR3HardenedWinVerifyCacheProcessWvtTodos: 0 (was 0) fWinVerifyTrust=0 for '\Device\HarddiskVolume4\Windows\System32\oleaut32.dll' [rescheduled]
2638.19f4: Detected loader lock ownership: rc=VINF_SUCCESS '\Device\HarddiskVolume4\Windows\System32\imm32.dll'.
2638.19f4: supR3HardenedWinVerifyCacheProcessWvtTodos: 0 (was 0) fWinVerifyTrust=0 for '\Device\HarddiskVolume4\Windows\System32\imm32.dll' [rescheduled]
2638.19f4: Detected loader lock ownership: rc=VINF_SUCCESS '\Device\HarddiskVolume4\Windows\System32\gdi32full.dll'.
2638.19f4: supR3HardenedWinVerifyCacheProcessWvtTodos: 0 (was 0) fWinVerifyTrust=0 for '\Device\HarddiskVolume4\Windows\System32\gdi32full.dll' [rescheduled]
2638.19f4: Detected loader lock ownership: rc=VINF_SUCCESS '\Device\HarddiskVolume4\Windows\System32\win32u.dll'.
2638.19f4: supR3HardenedWinVerifyCacheProcessWvtTodos: 0 (was 0) fWinVerifyTrust=0 for '\Device\HarddiskVolume4\Windows\System32\win32u.dll' [rescheduled]
2638.19f4: Detected loader lock ownership: rc=VINF_SUCCESS '\Device\HarddiskVolume4\Windows\System32\msvcp_win.dll'.
2638.19f4: supR3HardenedWinVerifyCacheProcessWvtTodos: 0 (was 0) fWinVerifyTrust=0 for '\Device\HarddiskVolume4\Windows\System32\msvcp_win.dll' [rescheduled]
2638.19f4: Detected loader lock ownership: rc=VINF_SUCCESS '\Device\HarddiskVolume4\Windows\System32\gdi32.dll'.
2638.19f4: supR3HardenedWinVerifyCacheProcessWvtTodos: 0 (was 0) fWinVerifyTrust=0 for '\Device\HarddiskVolume4\Windows\System32\gdi32.dll' [rescheduled]
2638.19f4: Detected loader lock ownership: rc=VINF_SUCCESS '\Device\HarddiskVolume4\Windows\System32\user32.dll'.
2638.19f4: supR3HardenedWinVerifyCacheProcessWvtTodos: 0 (was 0) fWinVerifyTrust=0 for '\Device\HarddiskVolume4\Windows\System32\user32.dll' [rescheduled]
2638.19f4: Detected loader lock ownership: rc=VINF_SUCCESS '\Device\HarddiskVolume4\Windows\System32\combase.dll'.
2638.19f4: supR3HardenedWinVerifyCacheProcessWvtTodos: 0 (was 0) fWinVerifyTrust=0 for '\Device\HarddiskVolume4\Windows\System32\combase.dll' [rescheduled]
2638.19f4: Detected loader lock ownership: rc=VINF_SUCCESS '\Device\HarddiskVolume4\Windows\System32\vcruntime140_1.dll'.
2638.19f4: supR3HardenedWinVerifyCacheProcessWvtTodos: 0 (was 0) fWinVerifyTrust=0 for '\Device\HarddiskVolume4\Windows\System32\vcruntime140_1.dll' [rescheduled]
2638.19f4: Detected loader lock ownership: rc=VINF_SUCCESS '\Device\HarddiskVolume4\Windows\System32\ole32.dll'.
2638.19f4: supR3HardenedWinVerifyCacheProcessWvtTodos: 0 (was 0) fWinVerifyTrust=0 for '\Device\HarddiskVolume4\Windows\System32\ole32.dll' [rescheduled]
2638.19f4: Detected loader lock ownership: rc=VINF_SUCCESS '\Device\HarddiskVolume4\Windows\System32\oleaut32.dll'.
2638.19f4: supR3HardenedWinVerifyCacheProcessWvtTodos: 0 (was 0) fWinVerifyTrust=0 for '\Device\HarddiskVolume4\Windows\System32\oleaut32.dll' [rescheduled]
2638.19f4: Detected loader lock ownership: rc=VINF_SUCCESS '\Device\HarddiskVolume4\Windows\System32\imm32.dll'.
2638.19f4: supR3HardenedWinVerifyCacheProcessWvtTodos: 0 (was 0) fWinVerifyTrust=0 for '\Device\HarddiskVolume4\Windows\System32\imm32.dll' [rescheduled]
2638.19f4: Detected loader lock ownership: rc=VINF_SUCCESS '\Device\HarddiskVolume4\Windows\System32\gdi32full.dll'.
2638.19f4: supR3HardenedWinVerifyCacheProcessWvtTodos: 0 (was 0) fWinVerifyTrust=0 for '\Device\HarddiskVolume4\Windows\System32\gdi32full.dll' [rescheduled]
2638.19f4: Detected loader lock ownership: rc=VINF_SUCCESS '\Device\HarddiskVolume4\Windows\System32\win32u.dll'.
2638.19f4: supR3HardenedWinVerifyCacheProcessWvtTodos: 0 (was 0) fWinVerifyTrust=0 for '\Device\HarddiskVolume4\Windows\System32\win32u.dll' [rescheduled]
2638.19f4: Detected loader lock ownership: rc=VINF_SUCCESS '\Device\HarddiskVolume4\Windows\System32\msvcp_win.dll'.
2638.19f4: supR3HardenedWinVerifyCacheProcessWvtTodos: 0 (was 0) fWinVerifyTrust=0 for '\Device\HarddiskVolume4\Windows\System32\msvcp_win.dll' [rescheduled]
2638.19f4: Detected loader lock ownership: rc=VINF_SUCCESS '\Device\HarddiskVolume4\Windows\System32\gdi32.dll'.
2638.19f4: supR3HardenedWinVerifyCacheProcessWvtTodos: 0 (was 0) fWinVerifyTrust=0 for '\Device\HarddiskVolume4\Windows\System32\gdi32.dll' [rescheduled]
2638.19f4: Detected loader lock ownership: rc=VINF_SUCCESS '\Device\HarddiskVolume4\Windows\System32\user32.dll'.
2638.19f4: supR3HardenedWinVerifyCacheProcessWvtTodos: 0 (was 0) fWinVerifyTrust=0 for '\Device\HarddiskVolume4\Windows\System32\user32.dll' [rescheduled]
2638.19f4: Detected loader lock ownership: rc=VINF_SUCCESS '\Device\HarddiskVolume4\Windows\System32\combase.dll'.
2638.19f4: supR3HardenedWinVerifyCacheProcessWvtTodos: 0 (was 0) fWinVerifyTrust=0 for '\Device\HarddiskVolume4\Windows\System32\combase.dll' [rescheduled]
2638.19f4: Detected loader lock ownership: rc=VINF_SUCCESS '\Device\HarddiskVolume4\Windows\System32\vcruntime140_1.dll'.
2638.19f4: supR3HardenedWinVerifyCacheProcessWvtTodos: 0 (was 0) fWinVerifyTrust=0 for '\Device\HarddiskVolume4\Windows\System32\vcruntime140_1.dll' [rescheduled]
2638.19f4: Detected loader lock ownership: rc=VINF_SUCCESS '\Device\HarddiskVolume4\Windows\System32\ole32.dll'.
2638.19f4: supR3HardenedWinVerifyCacheProcessWvtTodos: 0 (was 0) fWinVerifyTrust=0 for '\Device\HarddiskVolume4\Windows\System32\ole32.dll' [rescheduled]
2638.19f4: supR3HardenedScreenImage/LdrLoadDll: cache hit (VINF_SUCCESS) on \Device\HarddiskVolume4\Program Files\Oracle\VirtualBox\VBoxRT.dll
2638.19f4: supR3HardenedMonitor_LdrLoadDll: pName=C:\Program Files\Oracle\VirtualBox\VBoxRT.dll (rcNtResolve=0xc0150008) *pfFlags=0x0 pwszSearchPath=0000000000000001:<flags> [calling]
2638.19f4: supR3HardenedMonitor_LdrLoadDll: returns rcNt=0x0 hMod=00007ffd366e0000 'C:\Program Files\Oracle\VirtualBox\VBoxRT.dll'
2638.19f4: Detected loader lock ownership: rc=VINF_SUCCESS '\Device\HarddiskVolume4\Windows\System32\oleaut32.dll'.
2638.19f4: supR3HardenedWinVerifyCacheProcessWvtTodos: 0 (was 0) fWinVerifyTrust=0 for '\Device\HarddiskVolume4\Windows\System32\oleaut32.dll' [rescheduled]
2638.19f4: Detected loader lock ownership: rc=VINF_SUCCESS '\Device\HarddiskVolume4\Windows\System32\imm32.dll'.
2638.19f4: supR3HardenedWinVerifyCacheProcessWvtTodos: 0 (was 0) fWinVerifyTrust=0 for '\Device\HarddiskVolume4\Windows\System32\imm32.dll' [rescheduled]
2638.19f4: Detected loader lock ownership: rc=VINF_SUCCESS '\Device\HarddiskVolume4\Windows\System32\gdi32full.dll'.
2638.19f4: supR3HardenedWinVerifyCacheProcessWvtTodos: 0 (was 0) fWinVerifyTrust=0 for '\Device\HarddiskVolume4\Windows\System32\gdi32full.dll' [rescheduled]
2638.19f4: Detected loader lock ownership: rc=VINF_SUCCESS '\Device\HarddiskVolume4\Windows\System32\win32u.dll'.
2638.19f4: supR3HardenedWinVerifyCacheProcessWvtTodos: 0 (was 0) fWinVerifyTrust=0 for '\Device\HarddiskVolume4\Windows\System32\win32u.dll' [rescheduled]
2638.19f4: Detected loader lock ownership: rc=VINF_SUCCESS '\Device\HarddiskVolume4\Windows\System32\msvcp_win.dll'.
2638.19f4: supR3HardenedWinVerifyCacheProcessWvtTodos: 0 (was 0) fWinVerifyTrust=0 for '\Device\HarddiskVolume4\Windows\System32\msvcp_win.dll' [rescheduled]
2638.19f4: Detected loader lock ownership: rc=VINF_SUCCESS '\Device\HarddiskVolume4\Windows\System32\gdi32.dll'.
2638.19f4: supR3HardenedWinVerifyCacheProcessWvtTodos: 0 (was 0) fWinVerifyTrust=0 for '\Device\HarddiskVolume4\Windows\System32\gdi32.dll' [rescheduled]
2638.19f4: Detected loader lock ownership: rc=VINF_SUCCESS '\Device\HarddiskVolume4\Windows\System32\user32.dll'.
2638.19f4: supR3HardenedWinVerifyCacheProcessWvtTodos: 0 (was 0) fWinVerifyTrust=0 for '\Device\HarddiskVolume4\Windows\System32\user32.dll' [rescheduled]
2638.19f4: Detected loader lock ownership: rc=VINF_SUCCESS '\Device\HarddiskVolume4\Windows\System32\combase.dll'.
2638.19f4: supR3HardenedWinVerifyCacheProcessWvtTodos: 0 (was 0) fWinVerifyTrust=0 for '\Device\HarddiskVolume4\Windows\System32\combase.dll' [rescheduled]
2638.19f4: Detected loader lock ownership: rc=VINF_SUCCESS '\Device\HarddiskVolume4\Windows\System32\vcruntime140_1.dll'.
2638.19f4: supR3HardenedWinVerifyCacheProcessWvtTodos: 0 (was 0) fWinVerifyTrust=0 for '\Device\HarddiskVolume4\Windows\System32\vcruntime140_1.dll' [rescheduled]
2638.19f4: Detected loader lock ownership: rc=VINF_SUCCESS '\Device\HarddiskVolume4\Windows\System32\ole32.dll'.
2638.19f4: supR3HardenedWinVerifyCacheProcessWvtTodos: 0 (was 0) fWinVerifyTrust=0 for '\Device\HarddiskVolume4\Windows\System32\ole32.dll' [rescheduled]
2638.19f4: Detected loader lock ownership: rc=VINF_SUCCESS '\Device\HarddiskVolume4\Windows\System32\oleaut32.dll'.
2638.19f4: supR3HardenedWinVerifyCacheProcessWvtTodos: 0 (was 0) fWinVerifyTrust=0 for '\Device\HarddiskVolume4\Windows\System32\oleaut32.dll' [rescheduled]
2638.19f4: Detected loader lock ownership: rc=VINF_SUCCESS '\Device\HarddiskVolume4\Windows\System32\imm32.dll'.
2638.19f4: supR3HardenedWinVerifyCacheProcessWvtTodos: 0 (was 0) fWinVerifyTrust=0 for '\Device\HarddiskVolume4\Windows\System32\imm32.dll' [rescheduled]
2638.19f4: Detected loader lock ownership: rc=VINF_SUCCESS '\Device\HarddiskVolume4\Windows\System32\gdi32full.dll'.
2638.19f4: supR3HardenedWinVerifyCacheProcessWvtTodos: 0 (was 0) fWinVerifyTrust=0 for '\Device\HarddiskVolume4\Windows\System32\gdi32full.dll' [rescheduled]
2638.19f4: Detected loader lock ownership: rc=VINF_SUCCESS '\Device\HarddiskVolume4\Windows\System32\win32u.dll'.
2638.19f4: supR3HardenedWinVerifyCacheProcessWvtTodos: 0 (was 0) fWinVerifyTrust=0 for '\Device\HarddiskVolume4\Windows\System32\win32u.dll' [rescheduled]
2638.19f4: Detected loader lock ownership: rc=VINF_SUCCESS '\Device\HarddiskVolume4\Windows\System32\msvcp_win.dll'.
2638.19f4: supR3HardenedWinVerifyCacheProcessWvtTodos: 0 (was 0) fWinVerifyTrust=0 for '\Device\HarddiskVolume4\Windows\System32\msvcp_win.dll' [rescheduled]
2638.19f4: Detected loader lock ownership: rc=VINF_SUCCESS '\Device\HarddiskVolume4\Windows\System32\gdi32.dll'.
2638.19f4: supR3HardenedWinVerifyCacheProcessWvtTodos: 0 (was 0) fWinVerifyTrust=0 for '\Device\HarddiskVolume4\Windows\System32\gdi32.dll' [rescheduled]
2638.19f4: Detected loader lock ownership: rc=VINF_SUCCESS '\Device\HarddiskVolume4\Windows\System32\user32.dll'.
2638.19f4: supR3HardenedWinVerifyCacheProcessWvtTodos: 0 (was 0) fWinVerifyTrust=0 for '\Device\HarddiskVolume4\Windows\System32\user32.dll' [rescheduled]
2638.19f4: Detected loader lock ownership: rc=VINF_SUCCESS '\Device\HarddiskVolume4\Windows\System32\combase.dll'.
2638.19f4: supR3HardenedWinVerifyCacheProcessWvtTodos: 0 (was 0) fWinVerifyTrust=0 for '\Device\HarddiskVolume4\Windows\System32\combase.dll' [rescheduled]
2638.19f4: Detected loader lock ownership: rc=VINF_SUCCESS '\Device\HarddiskVolume4\Windows\System32\vcruntime140_1.dll'.
2638.19f4: supR3HardenedWinVerifyCacheProcessWvtTodos: 0 (was 0) fWinVerifyTrust=0 for '\Device\HarddiskVolume4\Windows\System32\vcruntime140_1.dll' [rescheduled]
2638.19f4: Detected loader lock ownership: rc=VINF_SUCCESS '\Device\HarddiskVolume4\Windows\System32\ole32.dll'.
2638.19f4: supR3HardenedWinVerifyCacheProcessWvtTodos: 0 (was 0) fWinVerifyTrust=0 for '\Device\HarddiskVolume4\Windows\System32\ole32.dll' [rescheduled]
2638.19f4: supR3HardenedScreenImage/LdrLoadDll: cache hit (VINF_SUCCESS) on \Device\HarddiskVolume4\Program Files\Oracle\VirtualBox\VBoxRT.dll
2638.19f4: supR3HardenedMonitor_LdrLoadDll: pName=C:\Program Files\Oracle\VirtualBox\VBoxRT.dll (rcNtResolve=0xc0150008) *pfFlags=0x0 pwszSearchPath=0000000000000001:<flags> [calling]
2638.19f4: supR3HardenedMonitor_LdrLoadDll: returns rcNt=0x0 hMod=00007ffd366e0000 'C:\Program Files\Oracle\VirtualBox\VBoxRT.dll'
2638.19f4: Detected loader lock ownership: rc=VINF_SUCCESS '\Device\HarddiskVolume4\Windows\System32\oleaut32.dll'.
2638.19f4: supR3HardenedWinVerifyCacheProcessWvtTodos: 0 (was 0) fWinVerifyTrust=0 for '\Device\HarddiskVolume4\Windows\System32\oleaut32.dll' [rescheduled]
2638.19f4: Detected loader lock ownership: rc=VINF_SUCCESS '\Device\HarddiskVolume4\Windows\System32\imm32.dll'.
2638.19f4: supR3HardenedWinVerifyCacheProcessWvtTodos: 0 (was 0) fWinVerifyTrust=0 for '\Device\HarddiskVolume4\Windows\System32\imm32.dll' [rescheduled]
2638.19f4: Detected loader lock ownership: rc=VINF_SUCCESS '\Device\HarddiskVolume4\Windows\System32\gdi32full.dll'.
2638.19f4: supR3HardenedWinVerifyCacheProcessWvtTodos: 0 (was 0) fWinVerifyTrust=0 for '\Device\HarddiskVolume4\Windows\System32\gdi32full.dll' [rescheduled]
2638.19f4: Detected loader lock ownership: rc=VINF_SUCCESS '\Device\HarddiskVolume4\Windows\System32\win32u.dll'.
2638.19f4: supR3HardenedWinVerifyCacheProcessWvtTodos: 0 (was 0) fWinVerifyTrust=0 for '\Device\HarddiskVolume4\Windows\System32\win32u.dll' [rescheduled]
2638.19f4: Detected loader lock ownership: rc=VINF_SUCCESS '\Device\HarddiskVolume4\Windows\System32\msvcp_win.dll'.
2638.19f4: supR3HardenedWinVerifyCacheProcessWvtTodos: 0 (was 0) fWinVerifyTrust=0 for '\Device\HarddiskVolume4\Windows\System32\msvcp_win.dll' [rescheduled]
2638.19f4: Detected loader lock ownership: rc=VINF_SUCCESS '\Device\HarddiskVolume4\Windows\System32\gdi32.dll'.
2638.19f4: supR3HardenedWinVerifyCacheProcessWvtTodos: 0 (was 0) fWinVerifyTrust=0 for '\Device\HarddiskVolume4\Windows\System32\gdi32.dll' [rescheduled]
2638.19f4: Detected loader lock ownership: rc=VINF_SUCCESS '\Device\HarddiskVolume4\Windows\System32\user32.dll'.
2638.19f4: supR3HardenedWinVerifyCacheProcessWvtTodos: 0 (was 0) fWinVerifyTrust=0 for '\Device\HarddiskVolume4\Windows\System32\user32.dll' [rescheduled]
2638.19f4: Detected loader lock ownership: rc=VINF_SUCCESS '\Device\HarddiskVolume4\Windows\System32\combase.dll'.
2638.19f4: supR3HardenedWinVerifyCacheProcessWvtTodos: 0 (was 0) fWinVerifyTrust=0 for '\Device\HarddiskVolume4\Windows\System32\combase.dll' [rescheduled]
2638.19f4: Detected loader lock ownership: rc=VINF_SUCCESS '\Device\HarddiskVolume4\Windows\System32\vcruntime140_1.dll'.
2638.19f4: supR3HardenedWinVerifyCacheProcessWvtTodos: 0 (was 0) fWinVerifyTrust=0 for '\Device\HarddiskVolume4\Windows\System32\vcruntime140_1.dll' [rescheduled]
2638.19f4: Detected loader lock ownership: rc=VINF_SUCCESS '\Device\HarddiskVolume4\Windows\System32\ole32.dll'.
2638.19f4: supR3HardenedWinVerifyCacheProcessWvtTodos: 0 (was 0) fWinVerifyTrust=0 for '\Device\HarddiskVolume4\Windows\System32\ole32.dll' [rescheduled]
2638.19f4: Detected loader lock ownership: rc=VINF_SUCCESS '\Device\HarddiskVolume4\Windows\System32\oleaut32.dll'.
2638.19f4: supR3HardenedWinVerifyCacheProcessWvtTodos: 0 (was 0) fWinVerifyTrust=0 for '\Device\HarddiskVolume4\Windows\System32\oleaut32.dll' [rescheduled]
2638.19f4: Detected loader lock ownership: rc=VINF_SUCCESS '\Device\HarddiskVolume4\Windows\System32\imm32.dll'.
2638.19f4: supR3HardenedWinVerifyCacheProcessWvtTodos: 0 (was 0) fWinVerifyTrust=0 for '\Device\HarddiskVolume4\Windows\System32\imm32.dll' [rescheduled]
2638.19f4: Detected loader lock ownership: rc=VINF_SUCCESS '\Device\HarddiskVolume4\Windows\System32\gdi32full.dll'.
2638.19f4: supR3HardenedWinVerifyCacheProcessWvtTodos: 0 (was 0) fWinVerifyTrust=0 for '\Device\HarddiskVolume4\Windows\System32\gdi32full.dll' [rescheduled]
2638.19f4: Detected loader lock ownership: rc=VINF_SUCCESS '\Device\HarddiskVolume4\Windows\System32\win32u.dll'.
2638.19f4: supR3HardenedWinVerifyCacheProcessWvtTodos: 0 (was 0) fWinVerifyTrust=0 for '\Device\HarddiskVolume4\Windows\System32\win32u.dll' [rescheduled]
2638.19f4: Detected loader lock ownership: rc=VINF_SUCCESS '\Device\HarddiskVolume4\Windows\System32\msvcp_win.dll'.
2638.19f4: supR3HardenedWinVerifyCacheProcessWvtTodos: 0 (was 0) fWinVerifyTrust=0 for '\Device\HarddiskVolume4\Windows\System32\msvcp_win.dll' [rescheduled]
2638.19f4: Detected loader lock ownership: rc=VINF_SUCCESS '\Device\HarddiskVolume4\Windows\System32\gdi32.dll'.
2638.19f4: supR3HardenedWinVerifyCacheProcessWvtTodos: 0 (was 0) fWinVerifyTrust=0 for '\Device\HarddiskVolume4\Windows\System32\gdi32.dll' [rescheduled]
2638.19f4: Detected loader lock ownership: rc=VINF_SUCCESS '\Device\HarddiskVolume4\Windows\System32\user32.dll'.
2638.19f4: supR3HardenedWinVerifyCacheProcessWvtTodos: 0 (was 0) fWinVerifyTrust=0 for '\Device\HarddiskVolume4\Windows\System32\user32.dll' [rescheduled]
2638.19f4: Detected loader lock ownership: rc=VINF_SUCCESS '\Device\HarddiskVolume4\Windows\System32\combase.dll'.
2638.19f4: supR3HardenedWinVerifyCacheProcessWvtTodos: 0 (was 0) fWinVerifyTrust=0 for '\Device\HarddiskVolume4\Windows\System32\combase.dll' [rescheduled]
2638.19f4: Detected loader lock ownership: rc=VINF_SUCCESS '\Device\HarddiskVolume4\Windows\System32\vcruntime140_1.dll'.
2638.19f4: supR3HardenedWinVerifyCacheProcessWvtTodos: 0 (was 0) fWinVerifyTrust=0 for '\Device\HarddiskVolume4\Windows\System32\vcruntime140_1.dll' [rescheduled]
2638.19f4: Detected loader lock ownership: rc=VINF_SUCCESS '\Device\HarddiskVolume4\Windows\System32\ole32.dll'.
2638.19f4: supR3HardenedWinVerifyCacheProcessWvtTodos: 0 (was 0) fWinVerifyTrust=0 for '\Device\HarddiskVolume4\Windows\System32\ole32.dll' [rescheduled]
2638.19f4: supR3HardenedScreenImage/LdrLoadDll: cache hit (VINF_SUCCESS) on \Device\HarddiskVolume4\Program Files\Oracle\VirtualBox\VBoxRT.dll
2638.19f4: supR3HardenedMonitor_LdrLoadDll: pName=C:\Program Files\Oracle\VirtualBox\VBoxRT.dll (rcNtResolve=0xc0150008) *pfFlags=0x0 pwszSearchPath=0000000000000001:<flags> [calling]
2638.19f4: supR3HardenedMonitor_LdrLoadDll: returns rcNt=0x0 hMod=00007ffd366e0000 'C:\Program Files\Oracle\VirtualBox\VBoxRT.dll'
2638.19f4: Detected loader lock ownership: rc=VINF_SUCCESS '\Device\HarddiskVolume4\Windows\System32\oleaut32.dll'.
2638.19f4: supR3HardenedWinVerifyCacheProcessWvtTodos: 0 (was 0) fWinVerifyTrust=0 for '\Device\HarddiskVolume4\Windows\System32\oleaut32.dll' [rescheduled]
2638.19f4: Detected loader lock ownership: rc=VINF_SUCCESS '\Device\HarddiskVolume4\Windows\System32\imm32.dll'.
2638.19f4: supR3HardenedWinVerifyCacheProcessWvtTodos: 0 (was 0) fWinVerifyTrust=0 for '\Device\HarddiskVolume4\Windows\System32\imm32.dll' [rescheduled]
2638.19f4: Detected loader lock ownership: rc=VINF_SUCCESS '\Device\HarddiskVolume4\Windows\System32\gdi32full.dll'.
2638.19f4: supR3HardenedWinVerifyCacheProcessWvtTodos: 0 (was 0) fWinVerifyTrust=0 for '\Device\HarddiskVolume4\Windows\System32\gdi32full.dll' [rescheduled]
2638.19f4: Detected loader lock ownership: rc=VINF_SUCCESS '\Device\HarddiskVolume4\Windows\System32\win32u.dll'.
2638.19f4: supR3HardenedWinVerifyCacheProcessWvtTodos: 0 (was 0) fWinVerifyTrust=0 for '\Device\HarddiskVolume4\Windows\System32\win32u.dll' [rescheduled]
2638.19f4: Detected loader lock ownership: rc=VINF_SUCCESS '\Device\HarddiskVolume4\Windows\System32\msvcp_win.dll'.
2638.19f4: supR3HardenedWinVerifyCacheProcessWvtTodos: 0 (was 0) fWinVerifyTrust=0 for '\Device\HarddiskVolume4\Windows\System32\msvcp_win.dll' [rescheduled]
2638.19f4: Detected loader lock ownership: rc=VINF_SUCCESS '\Device\HarddiskVolume4\Windows\System32\gdi32.dll'.
2638.19f4: supR3HardenedWinVerifyCacheProcessWvtTodos: 0 (was 0) fWinVerifyTrust=0 for '\Device\HarddiskVolume4\Windows\System32\gdi32.dll' [rescheduled]
2638.19f4: Detected loader lock ownership: rc=VINF_SUCCESS '\Device\HarddiskVolume4\Windows\System32\user32.dll'.
2638.19f4: supR3HardenedWinVerifyCacheProcessWvtTodos: 0 (was 0) fWinVerifyTrust=0 for '\Device\HarddiskVolume4\Windows\System32\user32.dll' [rescheduled]
2638.19f4: Detected loader lock ownership: rc=VINF_SUCCESS '\Device\HarddiskVolume4\Windows\System32\combase.dll'.
2638.19f4: supR3HardenedWinVerifyCacheProcessWvtTodos: 0 (was 0) fWinVerifyTrust=0 for '\Device\HarddiskVolume4\Windows\System32\combase.dll' [rescheduled]
2638.19f4: Detected loader lock ownership: rc=VINF_SUCCESS '\Device\HarddiskVolume4\Windows\System32\vcruntime140_1.dll'.
2638.19f4: supR3HardenedWinVerifyCacheProcessWvtTodos: 0 (was 0) fWinVerifyTrust=0 for '\Device\HarddiskVolume4\Windows\System32\vcruntime140_1.dll' [rescheduled]
2638.19f4: Detected loader lock ownership: rc=VINF_SUCCESS '\Device\HarddiskVolume4\Windows\System32\ole32.dll'.
2638.19f4: supR3HardenedWinVerifyCacheProcessWvtTodos: 0 (was 0) fWinVerifyTrust=0 for '\Device\HarddiskVolume4\Windows\System32\ole32.dll' [rescheduled]
2638.19f4: Detected loader lock ownership: rc=VINF_SUCCESS '\Device\HarddiskVolume4\Windows\System32\oleaut32.dll'.
2638.19f4: supR3HardenedWinVerifyCacheProcessWvtTodos: 0 (was 0) fWinVerifyTrust=0 for '\Device\HarddiskVolume4\Windows\System32\oleaut32.dll' [rescheduled]
2638.19f4: Detected loader lock ownership: rc=VINF_SUCCESS '\Device\HarddiskVolume4\Windows\System32\imm32.dll'.
2638.19f4: supR3HardenedWinVerifyCacheProcessWvtTodos: 0 (was 0) fWinVerifyTrust=0 for '\Device\HarddiskVolume4\Windows\System32\imm32.dll' [rescheduled]
2638.19f4: Detected loader lock ownership: rc=VINF_SUCCESS '\Device\HarddiskVolume4\Windows\System32\gdi32full.dll'.
2638.19f4: supR3HardenedWinVerifyCacheProcessWvtTodos: 0 (was 0) fWinVerifyTrust=0 for '\Device\HarddiskVolume4\Windows\System32\gdi32full.dll' [rescheduled]
2638.19f4: Detected loader lock ownership: rc=VINF_SUCCESS '\Device\HarddiskVolume4\Windows\System32\win32u.dll'.
2638.19f4: supR3HardenedWinVerifyCacheProcessWvtTodos: 0 (was 0) fWinVerifyTrust=0 for '\Device\HarddiskVolume4\Windows\System32\win32u.dll' [rescheduled]
2638.19f4: Detected loader lock ownership: rc=VINF_SUCCESS '\Device\HarddiskVolume4\Windows\System32\msvcp_win.dll'.
2638.19f4: supR3HardenedWinVerifyCacheProcessWvtTodos: 0 (was 0) fWinVerifyTrust=0 for '\Device\HarddiskVolume4\Windows\System32\msvcp_win.dll' [rescheduled]
2638.19f4: Detected loader lock ownership: rc=VINF_SUCCESS '\Device\HarddiskVolume4\Windows\System32\gdi32.dll'.
2638.19f4: supR3HardenedWinVerifyCacheProcessWvtTodos: 0 (was 0) fWinVerifyTrust=0 for '\Device\HarddiskVolume4\Windows\System32\gdi32.dll' [rescheduled]
2638.19f4: Detected loader lock ownership: rc=VINF_SUCCESS '\Device\HarddiskVolume4\Windows\System32\user32.dll'.
2638.19f4: supR3HardenedWinVerifyCacheProcessWvtTodos: 0 (was 0) fWinVerifyTrust=0 for '\Device\HarddiskVolume4\Windows\System32\user32.dll' [rescheduled]
2638.19f4: Detected loader lock ownership: rc=VINF_SUCCESS '\Device\HarddiskVolume4\Windows\System32\combase.dll'.
2638.19f4: supR3HardenedWinVerifyCacheProcessWvtTodos: 0 (was 0) fWinVerifyTrust=0 for '\Device\HarddiskVolume4\Windows\System32\combase.dll' [rescheduled]
2638.19f4: Detected loader lock ownership: rc=VINF_SUCCESS '\Device\HarddiskVolume4\Windows\System32\vcruntime140_1.dll'.
2638.19f4: supR3HardenedWinVerifyCacheProcessWvtTodos: 0 (was 0) fWinVerifyTrust=0 for '\Device\HarddiskVolume4\Windows\System32\vcruntime140_1.dll' [rescheduled]
2638.19f4: Detected loader lock ownership: rc=VINF_SUCCESS '\Device\HarddiskVolume4\Windows\System32\ole32.dll'.
2638.19f4: supR3HardenedWinVerifyCacheProcessWvtTodos: 0 (was 0) fWinVerifyTrust=0 for '\Device\HarddiskVolume4\Windows\System32\ole32.dll' [rescheduled]
2638.19f4: supR3HardenedScreenImage/LdrLoadDll: cache hit (VINF_SUCCESS) on \Device\HarddiskVolume4\Program Files\Oracle\VirtualBox\VBoxRT.dll
2638.19f4: supR3HardenedMonitor_LdrLoadDll: pName=C:\Program Files\Oracle\VirtualBox\VBoxRT.dll (rcNtResolve=0xc0150008) *pfFlags=0x0 pwszSearchPath=0000000000000001:<flags> [calling]
2638.19f4: supR3HardenedMonitor_LdrLoadDll: returns rcNt=0x0 hMod=00007ffd366e0000 'C:\Program Files\Oracle\VirtualBox\VBoxRT.dll'
2638.19f4: Detected loader lock ownership: rc=VINF_SUCCESS '\Device\HarddiskVolume4\Windows\System32\oleaut32.dll'.
2638.19f4: supR3HardenedWinVerifyCacheProcessWvtTodos: 0 (was 0) fWinVerifyTrust=0 for '\Device\HarddiskVolume4\Windows\System32\oleaut32.dll' [rescheduled]
2638.19f4: Detected loader lock ownership: rc=VINF_SUCCESS '\Device\HarddiskVolume4\Windows\System32\imm32.dll'.
2638.19f4: supR3HardenedWinVerifyCacheProcessWvtTodos: 0 (was 0) fWinVerifyTrust=0 for '\Device\HarddiskVolume4\Windows\System32\imm32.dll' [rescheduled]
2638.19f4: Detected loader lock ownership: rc=VINF_SUCCESS '\Device\HarddiskVolume4\Windows\System32\gdi32full.dll'.
2638.19f4: supR3HardenedWinVerifyCacheProcessWvtTodos: 0 (was 0) fWinVerifyTrust=0 for '\Device\HarddiskVolume4\Windows\System32\gdi32full.dll' [rescheduled]
2638.19f4: Detected loader lock ownership: rc=VINF_SUCCESS '\Device\HarddiskVolume4\Windows\System32\win32u.dll'.
2638.19f4: supR3HardenedWinVerifyCacheProcessWvtTodos: 0 (was 0) fWinVerifyTrust=0 for '\Device\HarddiskVolume4\Windows\System32\win32u.dll' [rescheduled]
2638.19f4: Detected loader lock ownership: rc=VINF_SUCCESS '\Device\HarddiskVolume4\Windows\System32\msvcp_win.dll'.
2638.19f4: supR3HardenedWinVerifyCacheProcessWvtTodos: 0 (was 0) fWinVerifyTrust=0 for '\Device\HarddiskVolume4\Windows\System32\msvcp_win.dll' [rescheduled]
2638.19f4: Detected loader lock ownership: rc=VINF_SUCCESS '\Device\HarddiskVolume4\Windows\System32\gdi32.dll'.
2638.19f4: supR3HardenedWinVerifyCacheProcessWvtTodos: 0 (was 0) fWinVerifyTrust=0 for '\Device\HarddiskVolume4\Windows\System32\gdi32.dll' [rescheduled]
2638.19f4: Detected loader lock ownership: rc=VINF_SUCCESS '\Device\HarddiskVolume4\Windows\System32\user32.dll'.
2638.19f4: supR3HardenedWinVerifyCacheProcessWvtTodos: 0 (was 0) fWinVerifyTrust=0 for '\Device\HarddiskVolume4\Windows\System32\user32.dll' [rescheduled]
2638.19f4: Detected loader lock ownership: rc=VINF_SUCCESS '\Device\HarddiskVolume4\Windows\System32\combase.dll'.
2638.19f4: supR3HardenedWinVerifyCacheProcessWvtTodos: 0 (was 0) fWinVerifyTrust=0 for '\Device\HarddiskVolume4\Windows\System32\combase.dll' [rescheduled]
2638.19f4: Detected loader lock ownership: rc=VINF_SUCCESS '\Device\HarddiskVolume4\Windows\System32\vcruntime140_1.dll'.
2638.19f4: supR3HardenedWinVerifyCacheProcessWvtTodos: 0 (was 0) fWinVerifyTrust=0 for '\Device\HarddiskVolume4\Windows\System32\vcruntime140_1.dll' [rescheduled]
2638.19f4: Detected loader lock ownership: rc=VINF_SUCCESS '\Device\HarddiskVolume4\Windows\System32\ole32.dll'.
2638.19f4: supR3HardenedWinVerifyCacheProcessWvtTodos: 0 (was 0) fWinVerifyTrust=0 for '\Device\HarddiskVolume4\Windows\System32\ole32.dll' [rescheduled]
2638.19f4: Detected loader lock ownership: rc=VINF_SUCCESS '\Device\HarddiskVolume4\Windows\System32\oleaut32.dll'.
2638.19f4: supR3HardenedWinVerifyCacheProcessWvtTodos: 0 (was 0) fWinVerifyTrust=0 for '\Device\HarddiskVolume4\Windows\System32\oleaut32.dll' [rescheduled]
2638.19f4: Detected loader lock ownership: rc=VINF_SUCCESS '\Device\HarddiskVolume4\Windows\System32\imm32.dll'.
2638.19f4: supR3HardenedWinVerifyCacheProcessWvtTodos: 0 (was 0) fWinVerifyTrust=0 for '\Device\HarddiskVolume4\Windows\System32\imm32.dll' [rescheduled]
2638.19f4: Detected loader lock ownership: rc=VINF_SUCCESS '\Device\HarddiskVolume4\Windows\System32\gdi32full.dll'.
2638.19f4: supR3HardenedWinVerifyCacheProcessWvtTodos: 0 (was 0) fWinVerifyTrust=0 for '\Device\HarddiskVolume4\Windows\System32\gdi32full.dll' [rescheduled]
2638.19f4: Detected loader lock ownership: rc=VINF_SUCCESS '\Device\HarddiskVolume4\Windows\System32\win32u.dll'.
2638.19f4: supR3HardenedWinVerifyCacheProcessWvtTodos: 0 (was 0) fWinVerifyTrust=0 for '\Device\HarddiskVolume4\Windows\System32\win32u.dll' [rescheduled]
2638.19f4: Detected loader lock ownership: rc=VINF_SUCCESS '\Device\HarddiskVolume4\Windows\System32\msvcp_win.dll'.
2638.19f4: supR3HardenedWinVerifyCacheProcessWvtTodos: 0 (was 0) fWinVerifyTrust=0 for '\Device\HarddiskVolume4\Windows\System32\msvcp_win.dll' [rescheduled]
2638.19f4: Detected loader lock ownership: rc=VINF_SUCCESS '\Device\HarddiskVolume4\Windows\System32\gdi32.dll'.
2638.19f4: supR3HardenedWinVerifyCacheProcessWvtTodos: 0 (was 0) fWinVerifyTrust=0 for '\Device\HarddiskVolume4\Windows\System32\gdi32.dll' [rescheduled]
2638.19f4: Detected loader lock ownership: rc=VINF_SUCCESS '\Device\HarddiskVolume4\Windows\System32\user32.dll'.
2638.19f4: supR3HardenedWinVerifyCacheProcessWvtTodos: 0 (was 0) fWinVerifyTrust=0 for '\Device\HarddiskVolume4\Windows\System32\user32.dll' [rescheduled]
2638.19f4: Detected loader lock ownership: rc=VINF_SUCCESS '\Device\HarddiskVolume4\Windows\System32\combase.dll'.
2638.19f4: supR3HardenedWinVerifyCacheProcessWvtTodos: 0 (was 0) fWinVerifyTrust=0 for '\Device\HarddiskVolume4\Windows\System32\combase.dll' [rescheduled]
2638.19f4: Detected loader lock ownership: rc=VINF_SUCCESS '\Device\HarddiskVolume4\Windows\System32\vcruntime140_1.dll'.
2638.19f4: supR3HardenedWinVerifyCacheProcessWvtTodos: 0 (was 0) fWinVerifyTrust=0 for '\Device\HarddiskVolume4\Windows\System32\vcruntime140_1.dll' [rescheduled]
2638.19f4: Detected loader lock ownership: rc=VINF_SUCCESS '\Device\HarddiskVolume4\Windows\System32\ole32.dll'.
2638.19f4: supR3HardenedWinVerifyCacheProcessWvtTodos: 0 (was 0) fWinVerifyTrust=0 for '\Device\HarddiskVolume4\Windows\System32\ole32.dll' [rescheduled]
2638.19f4: supR3HardenedMonitor_LdrLoadDll: returns rcNt=0x0 hMod=00007ffd366e0000 'C:\Program Files\Oracle\VirtualBox\VBoxRT.dll'
2638.19f4: Detected loader lock ownership: rc=VINF_SUCCESS '\Device\HarddiskVolume4\Windows\System32\oleaut32.dll'.
2638.19f4: supR3HardenedWinVerifyCacheProcessWvtTodos: 0 (was 0) fWinVerifyTrust=0 for '\Device\HarddiskVolume4\Windows\System32\oleaut32.dll' [rescheduled]
2638.19f4: Detected loader lock ownership: rc=VINF_SUCCESS '\Device\HarddiskVolume4\Windows\System32\imm32.dll'.
2638.19f4: supR3HardenedWinVerifyCacheProcessWvtTodos: 0 (was 0) fWinVerifyTrust=0 for '\Device\HarddiskVolume4\Windows\System32\imm32.dll' [rescheduled]
2638.19f4: Detected loader lock ownership: rc=VINF_SUCCESS '\Device\HarddiskVolume4\Windows\System32\gdi32full.dll'.
2638.19f4: supR3HardenedWinVerifyCacheProcessWvtTodos: 0 (was 0) fWinVerifyTrust=0 for '\Device\HarddiskVolume4\Windows\System32\gdi32full.dll' [rescheduled]
2638.19f4: Detected loader lock ownership: rc=VINF_SUCCESS '\Device\HarddiskVolume4\Windows\System32\win32u.dll'.
2638.19f4: supR3HardenedWinVerifyCacheProcessWvtTodos: 0 (was 0) fWinVerifyTrust=0 for '\Device\HarddiskVolume4\Windows\System32\win32u.dll' [rescheduled]
2638.19f4: Detected loader lock ownership: rc=VINF_SUCCESS '\Device\HarddiskVolume4\Windows\System32\msvcp_win.dll'.
2638.19f4: supR3HardenedWinVerifyCacheProcessWvtTodos: 0 (was 0) fWinVerifyTrust=0 for '\Device\HarddiskVolume4\Windows\System32\msvcp_win.dll' [rescheduled]
2638.19f4: Detected loader lock ownership: rc=VINF_SUCCESS '\Device\HarddiskVolume4\Windows\System32\gdi32.dll'.
2638.19f4: supR3HardenedWinVerifyCacheProcessWvtTodos: 0 (was 0) fWinVerifyTrust=0 for '\Device\HarddiskVolume4\Windows\System32\gdi32.dll' [rescheduled]
2638.19f4: Detected loader lock ownership: rc=VINF_SUCCESS '\Device\HarddiskVolume4\Windows\System32\user32.dll'.
2638.19f4: supR3HardenedWinVerifyCacheProcessWvtTodos: 0 (was 0) fWinVerifyTrust=0 for '\Device\HarddiskVolume4\Windows\System32\user32.dll' [rescheduled]
2638.19f4: Detected loader lock ownership: rc=VINF_SUCCESS '\Device\HarddiskVolume4\Windows\System32\combase.dll'.
2638.19f4: supR3HardenedWinVerifyCacheProcessWvtTodos: 0 (was 0) fWinVerifyTrust=0 for '\Device\HarddiskVolume4\Windows\System32\combase.dll' [rescheduled]
2638.19f4: Detected loader lock ownership: rc=VINF_SUCCESS '\Device\HarddiskVolume4\Windows\System32\vcruntime140_1.dll'.
2638.19f4: supR3HardenedWinVerifyCacheProcessWvtTodos: 0 (was 0) fWinVerifyTrust=0 for '\Device\HarddiskVolume4\Windows\System32\vcruntime140_1.dll' [rescheduled]
2638.19f4: Detected loader lock ownership: rc=VINF_SUCCESS '\Device\HarddiskVolume4\Windows\System32\ole32.dll'.
2638.19f4: supR3HardenedWinVerifyCacheProcessWvtTodos: 0 (was 0) fWinVerifyTrust=0 for '\Device\HarddiskVolume4\Windows\System32\ole32.dll' [rescheduled]
2638.19f4: Detected loader lock ownership: rc=VINF_SUCCESS '\Device\HarddiskVolume4\Windows\System32\oleaut32.dll'.
2638.19f4: supR3HardenedWinVerifyCacheProcessWvtTodos: 0 (was 0) fWinVerifyTrust=0 for '\Device\HarddiskVolume4\Windows\System32\oleaut32.dll' [rescheduled]
2638.19f4: Detected loader lock ownership: rc=VINF_SUCCESS '\Device\HarddiskVolume4\Windows\System32\imm32.dll'.
2638.19f4: supR3HardenedWinVerifyCacheProcessWvtTodos: 0 (was 0) fWinVerifyTrust=0 for '\Device\HarddiskVolume4\Windows\System32\imm32.dll' [rescheduled]
2638.19f4: Detected loader lock ownership: rc=VINF_SUCCESS '\Device\HarddiskVolume4\Windows\System32\gdi32full.dll'.
2638.19f4: supR3HardenedWinVerifyCacheProcessWvtTodos: 0 (was 0) fWinVerifyTrust=0 for '\Device\HarddiskVolume4\Windows\System32\gdi32full.dll' [rescheduled]
2638.19f4: Detected loader lock ownership: rc=VINF_SUCCESS '\Device\HarddiskVolume4\Windows\System32\win32u.dll'.
2638.19f4: supR3HardenedWinVerifyCacheProcessWvtTodos: 0 (was 0) fWinVerifyTrust=0 for '\Device\HarddiskVolume4\Windows\System32\win32u.dll' [rescheduled]
2638.19f4: Detected loader lock ownership: rc=VINF_SUCCESS '\Device\HarddiskVolume4\Windows\System32\msvcp_win.dll'.
2638.19f4: supR3HardenedWinVerifyCacheProcessWvtTodos: 0 (was 0) fWinVerifyTrust=0 for '\Device\HarddiskVolume4\Windows\System32\msvcp_win.dll' [rescheduled]
2638.19f4: Detected loader lock ownership: rc=VINF_SUCCESS '\Device\HarddiskVolume4\Windows\System32\gdi32.dll'.
2638.19f4: supR3HardenedWinVerifyCacheProcessWvtTodos: 0 (was 0) fWinVerifyTrust=0 for '\Device\HarddiskVolume4\Windows\System32\gdi32.dll' [rescheduled]
2638.19f4: Detected loader lock ownership: rc=VINF_SUCCESS '\Device\HarddiskVolume4\Windows\System32\user32.dll'.
2638.19f4: supR3HardenedWinVerifyCacheProcessWvtTodos: 0 (was 0) fWinVerifyTrust=0 for '\Device\HarddiskVolume4\Windows\System32\user32.dll' [rescheduled]
2638.19f4: Detected loader lock ownership: rc=VINF_SUCCESS '\Device\HarddiskVolume4\Windows\System32\combase.dll'.
2638.19f4: supR3HardenedWinVerifyCacheProcessWvtTodos: 0 (was 0) fWinVerifyTrust=0 for '\Device\HarddiskVolume4\Windows\System32\combase.dll' [rescheduled]
2638.19f4: Detected loader lock ownership: rc=VINF_SUCCESS '\Device\HarddiskVolume4\Windows\System32\vcruntime140_1.dll'.
2638.19f4: supR3HardenedWinVerifyCacheProcessWvtTodos: 0 (was 0) fWinVerifyTrust=0 for '\Device\HarddiskVolume4\Windows\System32\vcruntime140_1.dll' [rescheduled]
2638.19f4: Detected loader lock ownership: rc=VINF_SUCCESS '\Device\HarddiskVolume4\Windows\System32\ole32.dll'.
2638.19f4: supR3HardenedWinVerifyCacheProcessWvtTodos: 0 (was 0) fWinVerifyTrust=0 for '\Device\HarddiskVolume4\Windows\System32\ole32.dll' [rescheduled]
2638.19f4: supR3HardenedMonitor_LdrLoadDll: returns rcNt=0x0 hMod=00007ffd366e0000 'C:\Program Files\Oracle\VirtualBox\VBoxRT.dll'
2638.19f4: Detected loader lock ownership: rc=VINF_SUCCESS '\Device\HarddiskVolume4\Windows\System32\oleaut32.dll'.
2638.19f4: supR3HardenedWinVerifyCacheProcessWvtTodos: 0 (was 0) fWinVerifyTrust=0 for '\Device\HarddiskVolume4\Windows\System32\oleaut32.dll' [rescheduled]
2638.19f4: Detected loader lock ownership: rc=VINF_SUCCESS '\Device\HarddiskVolume4\Windows\System32\imm32.dll'.
2638.19f4: supR3HardenedWinVerifyCacheProcessWvtTodos: 0 (was 0) fWinVerifyTrust=0 for '\Device\HarddiskVolume4\Windows\System32\imm32.dll' [rescheduled]
2638.19f4: Detected loader lock ownership: rc=VINF_SUCCESS '\Device\HarddiskVolume4\Windows\System32\gdi32full.dll'.
2638.19f4: supR3HardenedWinVerifyCacheProcessWvtTodos: 0 (was 0) fWinVerifyTrust=0 for '\Device\HarddiskVolume4\Windows\System32\gdi32full.dll' [rescheduled]
2638.19f4: Detected loader lock ownership: rc=VINF_SUCCESS '\Device\HarddiskVolume4\Windows\System32\win32u.dll'.
2638.19f4: supR3HardenedWinVerifyCacheProcessWvtTodos: 0 (was 0) fWinVerifyTrust=0 for '\Device\HarddiskVolume4\Windows\System32\win32u.dll' [rescheduled]
2638.19f4: Detected loader lock ownership: rc=VINF_SUCCESS '\Device\HarddiskVolume4\Windows\System32\msvcp_win.dll'.
2638.19f4: supR3HardenedWinVerifyCacheProcessWvtTodos: 0 (was 0) fWinVerifyTrust=0 for '\Device\HarddiskVolume4\Windows\System32\msvcp_win.dll' [rescheduled]
2638.19f4: Detected loader lock ownership: rc=VINF_SUCCESS '\Device\HarddiskVolume4\Windows\System32\gdi32.dll'.
2638.19f4: supR3HardenedWinVerifyCacheProcessWvtTodos: 0 (was 0) fWinVerifyTrust=0 for '\Device\HarddiskVolume4\Windows\System32\gdi32.dll' [rescheduled]
2638.19f4: Detected loader lock ownership: rc=VINF_SUCCESS '\Device\HarddiskVolume4\Windows\System32\user32.dll'.
2638.19f4: supR3HardenedWinVerifyCacheProcessWvtTodos: 0 (was 0) fWinVerifyTrust=0 for '\Device\HarddiskVolume4\Windows\System32\user32.dll' [rescheduled]
2638.19f4: Detected loader lock ownership: rc=VINF_SUCCESS '\Device\HarddiskVolume4\Windows\System32\combase.dll'.
2638.19f4: supR3HardenedWinVerifyCacheProcessWvtTodos: 0 (was 0) fWinVerifyTrust=0 for '\Device\HarddiskVolume4\Windows\System32\combase.dll' [rescheduled]
2638.19f4: Detected loader lock ownership: rc=VINF_SUCCESS '\Device\HarddiskVolume4\Windows\System32\vcruntime140_1.dll'.
2638.19f4: supR3HardenedWinVerifyCacheProcessWvtTodos: 0 (was 0) fWinVerifyTrust=0 for '\Device\HarddiskVolume4\Windows\System32\vcruntime140_1.dll' [rescheduled]
2638.19f4: Detected loader lock ownership: rc=VINF_SUCCESS '\Device\HarddiskVolume4\Windows\System32\ole32.dll'.
2638.19f4: supR3HardenedWinVerifyCacheProcessWvtTodos: 0 (was 0) fWinVerifyTrust=0 for '\Device\HarddiskVolume4\Windows\System32\ole32.dll' [rescheduled]
2638.19f4: Detected loader lock ownership: rc=VINF_SUCCESS '\Device\HarddiskVolume4\Windows\System32\oleaut32.dll'.
2638.19f4: supR3HardenedWinVerifyCacheProcessWvtTodos: 0 (was 0) fWinVerifyTrust=0 for '\Device\HarddiskVolume4\Windows\System32\oleaut32.dll' [rescheduled]
2638.19f4: Detected loader lock ownership: rc=VINF_SUCCESS '\Device\HarddiskVolume4\Windows\System32\imm32.dll'.
2638.19f4: supR3HardenedWinVerifyCacheProcessWvtTodos: 0 (was 0) fWinVerifyTrust=0 for '\Device\HarddiskVolume4\Windows\System32\imm32.dll' [rescheduled]
2638.19f4: Detected loader lock ownership: rc=VINF_SUCCESS '\Device\HarddiskVolume4\Windows\System32\gdi32full.dll'.
2638.19f4: supR3HardenedWinVerifyCacheProcessWvtTodos: 0 (was 0) fWinVerifyTrust=0 for '\Device\HarddiskVolume4\Windows\System32\gdi32full.dll' [rescheduled]
2638.19f4: Detected loader lock ownership: rc=VINF_SUCCESS '\Device\HarddiskVolume4\Windows\System32\win32u.dll'.
2638.19f4: supR3HardenedWinVerifyCacheProcessWvtTodos: 0 (was 0) fWinVerifyTrust=0 for '\Device\HarddiskVolume4\Windows\System32\win32u.dll' [rescheduled]
2638.19f4: Detected loader lock ownership: rc=VINF_SUCCESS '\Device\HarddiskVolume4\Windows\System32\msvcp_win.dll'.
2638.19f4: supR3HardenedWinVerifyCacheProcessWvtTodos: 0 (was 0) fWinVerifyTrust=0 for '\Device\HarddiskVolume4\Windows\System32\msvcp_win.dll' [rescheduled]
2638.19f4: Detected loader lock ownership: rc=VINF_SUCCESS '\Device\HarddiskVolume4\Windows\System32\gdi32.dll'.
2638.19f4: supR3HardenedWinVerifyCacheProcessWvtTodos: 0 (was 0) fWinVerifyTrust=0 for '\Device\HarddiskVolume4\Windows\System32\gdi32.dll' [rescheduled]
2638.19f4: Detected loader lock ownership: rc=VINF_SUCCESS '\Device\HarddiskVolume4\Windows\System32\user32.dll'.
2638.19f4: supR3HardenedWinVerifyCacheProcessWvtTodos: 0 (was 0) fWinVerifyTrust=0 for '\Device\HarddiskVolume4\Windows\System32\user32.dll' [rescheduled]
2638.19f4: Detected loader lock ownership: rc=VINF_SUCCESS '\Device\HarddiskVolume4\Windows\System32\combase.dll'.
2638.19f4: supR3HardenedWinVerifyCacheProcessWvtTodos: 0 (was 0) fWinVerifyTrust=0 for '\Device\HarddiskVolume4\Windows\System32\combase.dll' [rescheduled]
2638.19f4: Detected loader lock ownership: rc=VINF_SUCCESS '\Device\HarddiskVolume4\Windows\System32\vcruntime140_1.dll'.
2638.19f4: supR3HardenedWinVerifyCacheProcessWvtTodos: 0 (was 0) fWinVerifyTrust=0 for '\Device\HarddiskVolume4\Windows\System32\vcruntime140_1.dll' [rescheduled]
2638.19f4: Detected loader lock ownership: rc=VINF_SUCCESS '\Device\HarddiskVolume4\Windows\System32\ole32.dll'.
2638.19f4: supR3HardenedWinVerifyCacheProcessWvtTodos: 0 (was 0) fWinVerifyTrust=0 for '\Device\HarddiskVolume4\Windows\System32\ole32.dll' [rescheduled]
2638.19f4: supR3HardenedMonitor_LdrLoadDll: returns rcNt=0x0 hMod=00007ffd366e0000 'C:\Program Files\Oracle\VirtualBox\VBoxRT.dll'
2638.19f4: Detected loader lock ownership: rc=VINF_SUCCESS '\Device\HarddiskVolume4\Windows\System32\oleaut32.dll'.
2638.19f4: supR3HardenedWinVerifyCacheProcessWvtTodos: 0 (was 0) fWinVerifyTrust=0 for '\Device\HarddiskVolume4\Windows\System32\oleaut32.dll' [rescheduled]
2638.19f4: Detected loader lock ownership: rc=VINF_SUCCESS '\Device\HarddiskVolume4\Windows\System32\imm32.dll'.
2638.19f4: supR3HardenedWinVerifyCacheProcessWvtTodos: 0 (was 0) fWinVerifyTrust=0 for '\Device\HarddiskVolume4\Windows\System32\imm32.dll' [rescheduled]
2638.19f4: Detected loader lock ownership: rc=VINF_SUCCESS '\Device\HarddiskVolume4\Windows\System32\gdi32full.dll'.
2638.19f4: supR3HardenedWinVerifyCacheProcessWvtTodos: 0 (was 0) fWinVerifyTrust=0 for '\Device\HarddiskVolume4\Windows\System32\gdi32full.dll' [rescheduled]
2638.19f4: Detected loader lock ownership: rc=VINF_SUCCESS '\Device\HarddiskVolume4\Windows\System32\win32u.dll'.
2638.19f4: supR3HardenedWinVerifyCacheProcessWvtTodos: 0 (was 0) fWinVerifyTrust=0 for '\Device\HarddiskVolume4\Windows\System32\win32u.dll' [rescheduled]
2638.19f4: Detected loader lock ownership: rc=VINF_SUCCESS '\Device\HarddiskVolume4\Windows\System32\msvcp_win.dll'.
2638.19f4: supR3HardenedWinVerifyCacheProcessWvtTodos: 0 (was 0) fWinVerifyTrust=0 for '\Device\HarddiskVolume4\Windows\System32\msvcp_win.dll' [rescheduled]
2638.19f4: Detected loader lock ownership: rc=VINF_SUCCESS '\Device\HarddiskVolume4\Windows\System32\gdi32.dll'.
2638.19f4: supR3HardenedWinVerifyCacheProcessWvtTodos: 0 (was 0) fWinVerifyTrust=0 for '\Device\HarddiskVolume4\Windows\System32\gdi32.dll' [rescheduled]
2638.19f4: Detected loader lock ownership: rc=VINF_SUCCESS '\Device\HarddiskVolume4\Windows\System32\user32.dll'.
2638.19f4: supR3HardenedWinVerifyCacheProcessWvtTodos: 0 (was 0) fWinVerifyTrust=0 for '\Device\HarddiskVolume4\Windows\System32\user32.dll' [rescheduled]
2638.19f4: Detected loader lock ownership: rc=VINF_SUCCESS '\Device\HarddiskVolume4\Windows\System32\combase.dll'.
2638.19f4: supR3HardenedWinVerifyCacheProcessWvtTodos: 0 (was 0) fWinVerifyTrust=0 for '\Device\HarddiskVolume4\Windows\System32\combase.dll' [rescheduled]
2638.19f4: Detected loader lock ownership: rc=VINF_SUCCESS '\Device\HarddiskVolume4\Windows\System32\vcruntime140_1.dll'.
2638.19f4: supR3HardenedWinVerifyCacheProcessWvtTodos: 0 (was 0) fWinVerifyTrust=0 for '\Device\HarddiskVolume4\Windows\System32\vcruntime140_1.dll' [rescheduled]
2638.19f4: Detected loader lock ownership: rc=VINF_SUCCESS '\Device\HarddiskVolume4\Windows\System32\ole32.dll'.
2638.19f4: supR3HardenedWinVerifyCacheProcessWvtTodos: 0 (was 0) fWinVerifyTrust=0 for '\Device\HarddiskVolume4\Windows\System32\ole32.dll' [rescheduled]
2638.19f4: Detected loader lock ownership: rc=VINF_SUCCESS '\Device\HarddiskVolume4\Windows\System32\oleaut32.dll'.
2638.19f4: supR3HardenedWinVerifyCacheProcessWvtTodos: 0 (was 0) fWinVerifyTrust=0 for '\Device\HarddiskVolume4\Windows\System32\oleaut32.dll' [rescheduled]
2638.19f4: Detected loader lock ownership: rc=VINF_SUCCESS '\Device\HarddiskVolume4\Windows\System32\imm32.dll'.
2638.19f4: supR3HardenedWinVerifyCacheProcessWvtTodos: 0 (was 0) fWinVerifyTrust=0 for '\Device\HarddiskVolume4\Windows\System32\imm32.dll' [rescheduled]
2638.19f4: Detected loader lock ownership: rc=VINF_SUCCESS '\Device\HarddiskVolume4\Windows\System32\gdi32full.dll'.
2638.19f4: supR3HardenedWinVerifyCacheProcessWvtTodos: 0 (was 0) fWinVerifyTrust=0 for '\Device\HarddiskVolume4\Windows\System32\gdi32full.dll' [rescheduled]
2638.19f4: Detected loader lock ownership: rc=VINF_SUCCESS '\Device\HarddiskVolume4\Windows\System32\win32u.dll'.
2638.19f4: supR3HardenedWinVerifyCacheProcessWvtTodos: 0 (was 0) fWinVerifyTrust=0 for '\Device\HarddiskVolume4\Windows\System32\win32u.dll' [rescheduled]
2638.19f4: Detected loader lock ownership: rc=VINF_SUCCESS '\Device\HarddiskVolume4\Windows\System32\msvcp_win.dll'.
2638.19f4: supR3HardenedWinVerifyCacheProcessWvtTodos: 0 (was 0) fWinVerifyTrust=0 for '\Device\HarddiskVolume4\Windows\System32\msvcp_win.dll' [rescheduled]
2638.19f4: Detected loader lock ownership: rc=VINF_SUCCESS '\Device\HarddiskVolume4\Windows\System32\gdi32.dll'.
2638.19f4: supR3HardenedWinVerifyCacheProcessWvtTodos: 0 (was 0) fWinVerifyTrust=0 for '\Device\HarddiskVolume4\Windows\System32\gdi32.dll' [rescheduled]
2638.19f4: Detected loader lock ownership: rc=VINF_SUCCESS '\Device\HarddiskVolume4\Windows\System32\user32.dll'.
2638.19f4: supR3HardenedWinVerifyCacheProcessWvtTodos: 0 (was 0) fWinVerifyTrust=0 for '\Device\HarddiskVolume4\Windows\System32\user32.dll' [rescheduled]
2638.19f4: Detected loader lock ownership: rc=VINF_SUCCESS '\Device\HarddiskVolume4\Windows\System32\combase.dll'.
2638.19f4: supR3HardenedWinVerifyCacheProcessWvtTodos: 0 (was 0) fWinVerifyTrust=0 for '\Device\HarddiskVolume4\Windows\System32\combase.dll' [rescheduled]
2638.19f4: Detected loader lock ownership: rc=VINF_SUCCESS '\Device\HarddiskVolume4\Windows\System32\vcruntime140_1.dll'.
2638.19f4: supR3HardenedWinVerifyCacheProcessWvtTodos: 0 (was 0) fWinVerifyTrust=0 for '\Device\HarddiskVolume4\Windows\System32\vcruntime140_1.dll' [rescheduled]
2638.19f4: Detected loader lock ownership: rc=VINF_SUCCESS '\Device\HarddiskVolume4\Windows\System32\ole32.dll'.
2638.19f4: supR3HardenedWinVerifyCacheProcessWvtTodos: 0 (was 0) fWinVerifyTrust=0 for '\Device\HarddiskVolume4\Windows\System32\ole32.dll' [rescheduled]
2638.19f4: supR3HardenedMonitor_LdrLoadDll: returns rcNt=0x0 hMod=00007ffd366e0000 'C:\Program Files\Oracle\VirtualBox\VBoxRT.dll'
2638.19f4: Detected loader lock ownership: rc=VINF_SUCCESS '\Device\HarddiskVolume4\Windows\System32\oleaut32.dll'.
2638.19f4: supR3HardenedWinVerifyCacheProcessWvtTodos: 0 (was 0) fWinVerifyTrust=0 for '\Device\HarddiskVolume4\Windows\System32\oleaut32.dll' [rescheduled]
2638.19f4: Detected loader lock ownership: rc=VINF_SUCCESS '\Device\HarddiskVolume4\Windows\System32\imm32.dll'.
2638.19f4: supR3HardenedWinVerifyCacheProcessWvtTodos: 0 (was 0) fWinVerifyTrust=0 for '\Device\HarddiskVolume4\Windows\System32\imm32.dll' [rescheduled]
2638.19f4: Detected loader lock ownership: rc=VINF_SUCCESS '\Device\HarddiskVolume4\Windows\System32\gdi32full.dll'.
2638.19f4: supR3HardenedWinVerifyCacheProcessWvtTodos: 0 (was 0) fWinVerifyTrust=0 for '\Device\HarddiskVolume4\Windows\System32\gdi32full.dll' [rescheduled]
2638.19f4: Detected loader lock ownership: rc=VINF_SUCCESS '\Device\HarddiskVolume4\Windows\System32\win32u.dll'.
2638.19f4: supR3HardenedWinVerifyCacheProcessWvtTodos: 0 (was 0) fWinVerifyTrust=0 for '\Device\HarddiskVolume4\Windows\System32\win32u.dll' [rescheduled]
2638.19f4: Detected loader lock ownership: rc=VINF_SUCCESS '\Device\HarddiskVolume4\Windows\System32\msvcp_win.dll'.
2638.19f4: supR3HardenedWinVerifyCacheProcessWvtTodos: 0 (was 0) fWinVerifyTrust=0 for '\Device\HarddiskVolume4\Windows\System32\msvcp_win.dll' [rescheduled]
2638.19f4: Detected loader lock ownership: rc=VINF_SUCCESS '\Device\HarddiskVolume4\Windows\System32\gdi32.dll'.
2638.19f4: supR3HardenedWinVerifyCacheProcessWvtTodos: 0 (was 0) fWinVerifyTrust=0 for '\Device\HarddiskVolume4\Windows\System32\gdi32.dll' [rescheduled]
2638.19f4: Detected loader lock ownership: rc=VINF_SUCCESS '\Device\HarddiskVolume4\Windows\System32\user32.dll'.
2638.19f4: supR3HardenedWinVerifyCacheProcessWvtTodos: 0 (was 0) fWinVerifyTrust=0 for '\Device\HarddiskVolume4\Windows\System32\user32.dll' [rescheduled]
2638.19f4: Detected loader lock ownership: rc=VINF_SUCCESS '\Device\HarddiskVolume4\Windows\System32\combase.dll'.
2638.19f4: supR3HardenedWinVerifyCacheProcessWvtTodos: 0 (was 0) fWinVerifyTrust=0 for '\Device\HarddiskVolume4\Windows\System32\combase.dll' [rescheduled]
2638.19f4: Detected loader lock ownership: rc=VINF_SUCCESS '\Device\HarddiskVolume4\Windows\System32\vcruntime140_1.dll'.
2638.19f4: supR3HardenedWinVerifyCacheProcessWvtTodos: 0 (was 0) fWinVerifyTrust=0 for '\Device\HarddiskVolume4\Windows\System32\vcruntime140_1.dll' [rescheduled]
2638.19f4: Detected loader lock ownership: rc=VINF_SUCCESS '\Device\HarddiskVolume4\Windows\System32\ole32.dll'.
2638.19f4: supR3HardenedWinVerifyCacheProcessWvtTodos: 0 (was 0) fWinVerifyTrust=0 for '\Device\HarddiskVolume4\Windows\System32\ole32.dll' [rescheduled]
2638.19f4: Detected loader lock ownership: rc=VINF_SUCCESS '\Device\HarddiskVolume4\Windows\System32\oleaut32.dll'.
2638.19f4: supR3HardenedWinVerifyCacheProcessWvtTodos: 0 (was 0) fWinVerifyTrust=0 for '\Device\HarddiskVolume4\Windows\System32\oleaut32.dll' [rescheduled]
2638.19f4: Detected loader lock ownership: rc=VINF_SUCCESS '\Device\HarddiskVolume4\Windows\System32\imm32.dll'.
2638.19f4: supR3HardenedWinVerifyCacheProcessWvtTodos: 0 (was 0) fWinVerifyTrust=0 for '\Device\HarddiskVolume4\Windows\System32\imm32.dll' [rescheduled]
2638.19f4: Detected loader lock ownership: rc=VINF_SUCCESS '\Device\HarddiskVolume4\Windows\System32\gdi32full.dll'.
2638.19f4: supR3HardenedWinVerifyCacheProcessWvtTodos: 0 (was 0) fWinVerifyTrust=0 for '\Device\HarddiskVolume4\Windows\System32\gdi32full.dll' [rescheduled]
2638.19f4: Detected loader lock ownership: rc=VINF_SUCCESS '\Device\HarddiskVolume4\Windows\System32\win32u.dll'.
2638.19f4: supR3HardenedWinVerifyCacheProcessWvtTodos: 0 (was 0) fWinVerifyTrust=0 for '\Device\HarddiskVolume4\Windows\System32\win32u.dll' [rescheduled]
2638.19f4: Detected loader lock ownership: rc=VINF_SUCCESS '\Device\HarddiskVolume4\Windows\System32\msvcp_win.dll'.
2638.19f4: supR3HardenedWinVerifyCacheProcessWvtTodos: 0 (was 0) fWinVerifyTrust=0 for '\Device\HarddiskVolume4\Windows\System32\msvcp_win.dll' [rescheduled]
2638.19f4: Detected loader lock ownership: rc=VINF_SUCCESS '\Device\HarddiskVolume4\Windows\System32\gdi32.dll'.
2638.19f4: supR3HardenedWinVerifyCacheProcessWvtTodos: 0 (was 0) fWinVerifyTrust=0 for '\Device\HarddiskVolume4\Windows\System32\gdi32.dll' [rescheduled]
2638.19f4: Detected loader lock ownership: rc=VINF_SUCCESS '\Device\HarddiskVolume4\Windows\System32\user32.dll'.
2638.19f4: supR3HardenedWinVerifyCacheProcessWvtTodos: 0 (was 0) fWinVerifyTrust=0 for '\Device\HarddiskVolume4\Windows\System32\user32.dll' [rescheduled]
2638.19f4: Detected loader lock ownership: rc=VINF_SUCCESS '\Device\HarddiskVolume4\Windows\System32\combase.dll'.
2638.19f4: supR3HardenedWinVerifyCacheProcessWvtTodos: 0 (was 0) fWinVerifyTrust=0 for '\Device\HarddiskVolume4\Windows\System32\combase.dll' [rescheduled]
2638.19f4: Detected loader lock ownership: rc=VINF_SUCCESS '\Device\HarddiskVolume4\Windows\System32\vcruntime140_1.dll'.
2638.19f4: supR3HardenedWinVerifyCacheProcessWvtTodos: 0 (was 0) fWinVerifyTrust=0 for '\Device\HarddiskVolume4\Windows\System32\vcruntime140_1.dll' [rescheduled]
2638.19f4: Detected loader lock ownership: rc=VINF_SUCCESS '\Device\HarddiskVolume4\Windows\System32\ole32.dll'.
2638.19f4: supR3HardenedWinVerifyCacheProcessWvtTodos: 0 (was 0) fWinVerifyTrust=0 for '\Device\HarddiskVolume4\Windows\System32\ole32.dll' [rescheduled]
2638.19f4: supR3HardenedMonitor_LdrLoadDll: returns rcNt=0x0 hMod=00007ffd366e0000 'C:\Program Files\Oracle\VirtualBox\VBoxRT.dll'
2638.19f4: Detected loader lock ownership: rc=VINF_SUCCESS '\Device\HarddiskVolume4\Windows\System32\oleaut32.dll'.
2638.19f4: supR3HardenedWinVerifyCacheProcessWvtTodos: 0 (was 0) fWinVerifyTrust=0 for '\Device\HarddiskVolume4\Windows\System32\oleaut32.dll' [rescheduled]
2638.19f4: Detected loader lock ownership: rc=VINF_SUCCESS '\Device\HarddiskVolume4\Windows\System32\imm32.dll'.
2638.19f4: supR3HardenedWinVerifyCacheProcessWvtTodos: 0 (was 0) fWinVerifyTrust=0 for '\Device\HarddiskVolume4\Windows\System32\imm32.dll' [rescheduled]
2638.19f4: Detected loader lock ownership: rc=VINF_SUCCESS '\Device\HarddiskVolume4\Windows\System32\gdi32full.dll'.
2638.19f4: supR3HardenedWinVerifyCacheProcessWvtTodos: 0 (was 0) fWinVerifyTrust=0 for '\Device\HarddiskVolume4\Windows\System32\gdi32full.dll' [rescheduled]
2638.19f4: Detected loader lock ownership: rc=VINF_SUCCESS '\Device\HarddiskVolume4\Windows\System32\win32u.dll'.
2638.19f4: supR3HardenedWinVerifyCacheProcessWvtTodos: 0 (was 0) fWinVerifyTrust=0 for '\Device\HarddiskVolume4\Windows\System32\win32u.dll' [rescheduled]
2638.19f4: Detected loader lock ownership: rc=VINF_SUCCESS '\Device\HarddiskVolume4\Windows\System32\msvcp_win.dll'.
2638.19f4: supR3HardenedWinVerifyCacheProcessWvtTodos: 0 (was 0) fWinVerifyTrust=0 for '\Device\HarddiskVolume4\Windows\System32\msvcp_win.dll' [rescheduled]
2638.19f4: Detected loader lock ownership: rc=VINF_SUCCESS '\Device\HarddiskVolume4\Windows\System32\gdi32.dll'.
2638.19f4: supR3HardenedWinVerifyCacheProcessWvtTodos: 0 (was 0) fWinVerifyTrust=0 for '\Device\HarddiskVolume4\Windows\System32\gdi32.dll' [rescheduled]
2638.19f4: Detected loader lock ownership: rc=VINF_SUCCESS '\Device\HarddiskVolume4\Windows\System32\user32.dll'.
2638.19f4: supR3HardenedWinVerifyCacheProcessWvtTodos: 0 (was 0) fWinVerifyTrust=0 for '\Device\HarddiskVolume4\Windows\System32\user32.dll' [rescheduled]
2638.19f4: Detected loader lock ownership: rc=VINF_SUCCESS '\Device\HarddiskVolume4\Windows\System32\combase.dll'.
2638.19f4: supR3HardenedWinVerifyCacheProcessWvtTodos: 0 (was 0) fWinVerifyTrust=0 for '\Device\HarddiskVolume4\Windows\System32\combase.dll' [rescheduled]
2638.19f4: Detected loader lock ownership: rc=VINF_SUCCESS '\Device\HarddiskVolume4\Windows\System32\vcruntime140_1.dll'.
2638.19f4: supR3HardenedWinVerifyCacheProcessWvtTodos: 0 (was 0) fWinVerifyTrust=0 for '\Device\HarddiskVolume4\Windows\System32\vcruntime140_1.dll' [rescheduled]
2638.19f4: Detected loader lock ownership: rc=VINF_SUCCESS '\Device\HarddiskVolume4\Windows\System32\ole32.dll'.
2638.19f4: supR3HardenedWinVerifyCacheProcessWvtTodos: 0 (was 0) fWinVerifyTrust=0 for '\Device\HarddiskVolume4\Windows\System32\ole32.dll' [rescheduled]
2638.19f4: Detected loader lock ownership: rc=VINF_SUCCESS '\Device\HarddiskVolume4\Windows\System32\oleaut32.dll'.
2638.19f4: supR3HardenedWinVerifyCacheProcessWvtTodos: 0 (was 0) fWinVerifyTrust=0 for '\Device\HarddiskVolume4\Windows\System32\oleaut32.dll' [rescheduled]
2638.19f4: Detected loader lock ownership: rc=VINF_SUCCESS '\Device\HarddiskVolume4\Windows\System32\imm32.dll'.
2638.19f4: supR3HardenedWinVerifyCacheProcessWvtTodos: 0 (was 0) fWinVerifyTrust=0 for '\Device\HarddiskVolume4\Windows\System32\imm32.dll' [rescheduled]
2638.19f4: Detected loader lock ownership: rc=VINF_SUCCESS '\Device\HarddiskVolume4\Windows\System32\gdi32full.dll'.
2638.19f4: supR3HardenedWinVerifyCacheProcessWvtTodos: 0 (was 0) fWinVerifyTrust=0 for '\Device\HarddiskVolume4\Windows\System32\gdi32full.dll' [rescheduled]
2638.19f4: Detected loader lock ownership: rc=VINF_SUCCESS '\Device\HarddiskVolume4\Windows\System32\win32u.dll'.
2638.19f4: supR3HardenedWinVerifyCacheProcessWvtTodos: 0 (was 0) fWinVerifyTrust=0 for '\Device\HarddiskVolume4\Windows\System32\win32u.dll' [rescheduled]
2638.19f4: Detected loader lock ownership: rc=VINF_SUCCESS '\Device\HarddiskVolume4\Windows\System32\msvcp_win.dll'.
2638.19f4: supR3HardenedWinVerifyCacheProcessWvtTodos: 0 (was 0) fWinVerifyTrust=0 for '\Device\HarddiskVolume4\Windows\System32\msvcp_win.dll' [rescheduled]
2638.19f4: Detected loader lock ownership: rc=VINF_SUCCESS '\Device\HarddiskVolume4\Windows\System32\gdi32.dll'.
2638.19f4: supR3HardenedWinVerifyCacheProcessWvtTodos: 0 (was 0) fWinVerifyTrust=0 for '\Device\HarddiskVolume4\Windows\System32\gdi32.dll' [rescheduled]
2638.19f4: Detected loader lock ownership: rc=VINF_SUCCESS '\Device\HarddiskVolume4\Windows\System32\user32.dll'.
2638.19f4: supR3HardenedWinVerifyCacheProcessWvtTodos: 0 (was 0) fWinVerifyTrust=0 for '\Device\HarddiskVolume4\Windows\System32\user32.dll' [rescheduled]
2638.19f4: Detected loader lock ownership: rc=VINF_SUCCESS '\Device\HarddiskVolume4\Windows\System32\combase.dll'.
2638.19f4: supR3HardenedWinVerifyCacheProcessWvtTodos: 0 (was 0) fWinVerifyTrust=0 for '\Device\HarddiskVolume4\Windows\System32\combase.dll' [rescheduled]
2638.19f4: Detected loader lock ownership: rc=VINF_SUCCESS '\Device\HarddiskVolume4\Windows\System32\vcruntime140_1.dll'.
2638.19f4: supR3HardenedWinVerifyCacheProcessWvtTodos: 0 (was 0) fWinVerifyTrust=0 for '\Device\HarddiskVolume4\Windows\System32\vcruntime140_1.dll' [rescheduled]
2638.19f4: Detected loader lock ownership: rc=VINF_SUCCESS '\Device\HarddiskVolume4\Windows\System32\ole32.dll'.
2638.19f4: supR3HardenedWinVerifyCacheProcessWvtTodos: 0 (was 0) fWinVerifyTrust=0 for '\Device\HarddiskVolume4\Windows\System32\ole32.dll' [rescheduled]
2638.19f4: supR3HardenedMonitor_LdrLoadDll: returns rcNt=0x0 hMod=00007ffd366e0000 'C:\Program Files\Oracle\VirtualBox\VBoxRT.dll'
2638.19f4: Detected loader lock ownership: rc=VINF_SUCCESS '\Device\HarddiskVolume4\Windows\System32\oleaut32.dll'.
2638.19f4: supR3HardenedWinVerifyCacheProcessWvtTodos: 0 (was 0) fWinVerifyTrust=0 for '\Device\HarddiskVolume4\Windows\System32\oleaut32.dll' [rescheduled]
2638.19f4: Detected loader lock ownership: rc=VINF_SUCCESS '\Device\HarddiskVolume4\Windows\System32\imm32.dll'.
2638.19f4: supR3HardenedWinVerifyCacheProcessWvtTodos: 0 (was 0) fWinVerifyTrust=0 for '\Device\HarddiskVolume4\Windows\System32\imm32.dll' [rescheduled]
2638.19f4: Detected loader lock ownership: rc=VINF_SUCCESS '\Device\HarddiskVolume4\Windows\System32\gdi32full.dll'.
2638.19f4: supR3HardenedWinVerifyCacheProcessWvtTodos: 0 (was 0) fWinVerifyTrust=0 for '\Device\HarddiskVolume4\Windows\System32\gdi32full.dll' [rescheduled]
2638.19f4: Detected loader lock ownership: rc=VINF_SUCCESS '\Device\HarddiskVolume4\Windows\System32\win32u.dll'.
2638.19f4: supR3HardenedWinVerifyCacheProcessWvtTodos: 0 (was 0) fWinVerifyTrust=0 for '\Device\HarddiskVolume4\Windows\System32\win32u.dll' [rescheduled]
2638.19f4: Detected loader lock ownership: rc=VINF_SUCCESS '\Device\HarddiskVolume4\Windows\System32\msvcp_win.dll'.
2638.19f4: supR3HardenedWinVerifyCacheProcessWvtTodos: 0 (was 0) fWinVerifyTrust=0 for '\Device\HarddiskVolume4\Windows\System32\msvcp_win.dll' [rescheduled]
2638.19f4: Detected loader lock ownership: rc=VINF_SUCCESS '\Device\HarddiskVolume4\Windows\System32\gdi32.dll'.
2638.19f4: supR3HardenedWinVerifyCacheProcessWvtTodos: 0 (was 0) fWinVerifyTrust=0 for '\Device\HarddiskVolume4\Windows\System32\gdi32.dll' [rescheduled]
2638.19f4: Detected loader lock ownership: rc=VINF_SUCCESS '\Device\HarddiskVolume4\Windows\System32\user32.dll'.
2638.19f4: supR3HardenedWinVerifyCacheProcessWvtTodos: 0 (was 0) fWinVerifyTrust=0 for '\Device\HarddiskVolume4\Windows\System32\user32.dll' [rescheduled]
2638.19f4: Detected loader lock ownership: rc=VINF_SUCCESS '\Device\HarddiskVolume4\Windows\System32\combase.dll'.
2638.19f4: supR3HardenedWinVerifyCacheProcessWvtTodos: 0 (was 0) fWinVerifyTrust=0 for '\Device\HarddiskVolume4\Windows\System32\combase.dll' [rescheduled]
2638.19f4: Detected loader lock ownership: rc=VINF_SUCCESS '\Device\HarddiskVolume4\Windows\System32\vcruntime140_1.dll'.
2638.19f4: supR3HardenedWinVerifyCacheProcessWvtTodos: 0 (was 0) fWinVerifyTrust=0 for '\Device\HarddiskVolume4\Windows\System32\vcruntime140_1.dll' [rescheduled]
2638.19f4: Detected loader lock ownership: rc=VINF_SUCCESS '\Device\HarddiskVolume4\Windows\System32\ole32.dll'.
2638.19f4: supR3HardenedWinVerifyCacheProcessWvtTodos: 0 (was 0) fWinVerifyTrust=0 for '\Device\HarddiskVolume4\Windows\System32\ole32.dll' [rescheduled]
2638.19f4: Detected loader lock ownership: rc=VINF_SUCCESS '\Device\HarddiskVolume4\Windows\System32\oleaut32.dll'.
2638.19f4: supR3HardenedWinVerifyCacheProcessWvtTodos: 0 (was 0) fWinVerifyTrust=0 for '\Device\HarddiskVolume4\Windows\System32\oleaut32.dll' [rescheduled]
2638.19f4: Detected loader lock ownership: rc=VINF_SUCCESS '\Device\HarddiskVolume4\Windows\System32\imm32.dll'.
2638.19f4: supR3HardenedWinVerifyCacheProcessWvtTodos: 0 (was 0) fWinVerifyTrust=0 for '\Device\HarddiskVolume4\Windows\System32\imm32.dll' [rescheduled]
2638.19f4: Detected loader lock ownership: rc=VINF_SUCCESS '\Device\HarddiskVolume4\Windows\System32\gdi32full.dll'.
2638.19f4: supR3HardenedWinVerifyCacheProcessWvtTodos: 0 (was 0) fWinVerifyTrust=0 for '\Device\HarddiskVolume4\Windows\System32\gdi32full.dll' [rescheduled]
2638.19f4: Detected loader lock ownership: rc=VINF_SUCCESS '\Device\HarddiskVolume4\Windows\System32\win32u.dll'.
2638.19f4: supR3HardenedWinVerifyCacheProcessWvtTodos: 0 (was 0) fWinVerifyTrust=0 for '\Device\HarddiskVolume4\Windows\System32\win32u.dll' [rescheduled]
2638.19f4: Detected loader lock ownership: rc=VINF_SUCCESS '\Device\HarddiskVolume4\Windows\System32\msvcp_win.dll'.
2638.19f4: supR3HardenedWinVerifyCacheProcessWvtTodos: 0 (was 0) fWinVerifyTrust=0 for '\Device\HarddiskVolume4\Windows\System32\msvcp_win.dll' [rescheduled]
2638.19f4: Detected loader lock ownership: rc=VINF_SUCCESS '\Device\HarddiskVolume4\Windows\System32\gdi32.dll'.
2638.19f4: supR3HardenedWinVerifyCacheProcessWvtTodos: 0 (was 0) fWinVerifyTrust=0 for '\Device\HarddiskVolume4\Windows\System32\gdi32.dll' [rescheduled]
2638.19f4: Detected loader lock ownership: rc=VINF_SUCCESS '\Device\HarddiskVolume4\Windows\System32\user32.dll'.
2638.19f4: supR3HardenedWinVerifyCacheProcessWvtTodos: 0 (was 0) fWinVerifyTrust=0 for '\Device\HarddiskVolume4\Windows\System32\user32.dll' [rescheduled]
2638.19f4: Detected loader lock ownership: rc=VINF_SUCCESS '\Device\HarddiskVolume4\Windows\System32\combase.dll'.
2638.19f4: supR3HardenedWinVerifyCacheProcessWvtTodos: 0 (was 0) fWinVerifyTrust=0 for '\Device\HarddiskVolume4\Windows\System32\combase.dll' [rescheduled]
2638.19f4: Detected loader lock ownership: rc=VINF_SUCCESS '\Device\HarddiskVolume4\Windows\System32\vcruntime140_1.dll'.
2638.19f4: supR3HardenedWinVerifyCacheProcessWvtTodos: 0 (was 0) fWinVerifyTrust=0 for '\Device\HarddiskVolume4\Windows\System32\vcruntime140_1.dll' [rescheduled]
2638.19f4: Detected loader lock ownership: rc=VINF_SUCCESS '\Device\HarddiskVolume4\Windows\System32\ole32.dll'.
2638.19f4: supR3HardenedWinVerifyCacheProcessWvtTodos: 0 (was 0) fWinVerifyTrust=0 for '\Device\HarddiskVolume4\Windows\System32\ole32.dll' [rescheduled]
2638.19f4: supR3HardenedMonitor_LdrLoadDll: returns rcNt=0x0 hMod=00007ffd366e0000 'C:\Program Files\Oracle\VirtualBox\VBoxRT.dll'
2638.19f4: Detected loader lock ownership: rc=VINF_SUCCESS '\Device\HarddiskVolume4\Windows\System32\oleaut32.dll'.
2638.19f4: supR3HardenedWinVerifyCacheProcessWvtTodos: 0 (was 0) fWinVerifyTrust=0 for '\Device\HarddiskVolume4\Windows\System32\oleaut32.dll' [rescheduled]
2638.19f4: Detected loader lock ownership: rc=VINF_SUCCESS '\Device\HarddiskVolume4\Windows\System32\imm32.dll'.
2638.19f4: supR3HardenedWinVerifyCacheProcessWvtTodos: 0 (was 0) fWinVerifyTrust=0 for '\Device\HarddiskVolume4\Windows\System32\imm32.dll' [rescheduled]
2638.19f4: Detected loader lock ownership: rc=VINF_SUCCESS '\Device\HarddiskVolume4\Windows\System32\gdi32full.dll'.
2638.19f4: supR3HardenedWinVerifyCacheProcessWvtTodos: 0 (was 0) fWinVerifyTrust=0 for '\Device\HarddiskVolume4\Windows\System32\gdi32full.dll' [rescheduled]
2638.19f4: Detected loader lock ownership: rc=VINF_SUCCESS '\Device\HarddiskVolume4\Windows\System32\win32u.dll'.
2638.19f4: supR3HardenedWinVerifyCacheProcessWvtTodos: 0 (was 0) fWinVerifyTrust=0 for '\Device\HarddiskVolume4\Windows\System32\win32u.dll' [rescheduled]
2638.19f4: Detected loader lock ownership: rc=VINF_SUCCESS '\Device\HarddiskVolume4\Windows\System32\msvcp_win.dll'.
2638.19f4: supR3HardenedWinVerifyCacheProcessWvtTodos: 0 (was 0) fWinVerifyTrust=0 for '\Device\HarddiskVolume4\Windows\System32\msvcp_win.dll' [rescheduled]
2638.19f4: Detected loader lock ownership: rc=VINF_SUCCESS '\Device\HarddiskVolume4\Windows\System32\gdi32.dll'.
2638.19f4: supR3HardenedWinVerifyCacheProcessWvtTodos: 0 (was 0) fWinVerifyTrust=0 for '\Device\HarddiskVolume4\Windows\System32\gdi32.dll' [rescheduled]
2638.19f4: Detected loader lock ownership: rc=VINF_SUCCESS '\Device\HarddiskVolume4\Windows\System32\user32.dll'.
2638.19f4: supR3HardenedWinVerifyCacheProcessWvtTodos: 0 (was 0) fWinVerifyTrust=0 for '\Device\HarddiskVolume4\Windows\System32\user32.dll' [rescheduled]
2638.19f4: Detected loader lock ownership: rc=VINF_SUCCESS '\Device\HarddiskVolume4\Windows\System32\combase.dll'.
2638.19f4: supR3HardenedWinVerifyCacheProcessWvtTodos: 0 (was 0) fWinVerifyTrust=0 for '\Device\HarddiskVolume4\Windows\System32\combase.dll' [rescheduled]
2638.19f4: Detected loader lock ownership: rc=VINF_SUCCESS '\Device\HarddiskVolume4\Windows\System32\vcruntime140_1.dll'.
2638.19f4: supR3HardenedWinVerifyCacheProcessWvtTodos: 0 (was 0) fWinVerifyTrust=0 for '\Device\HarddiskVolume4\Windows\System32\vcruntime140_1.dll' [rescheduled]
2638.19f4: Detected loader lock ownership: rc=VINF_SUCCESS '\Device\HarddiskVolume4\Windows\System32\ole32.dll'.
2638.19f4: supR3HardenedWinVerifyCacheProcessWvtTodos: 0 (was 0) fWinVerifyTrust=0 for '\Device\HarddiskVolume4\Windows\System32\ole32.dll' [rescheduled]
2638.19f4: Detected loader lock ownership: rc=VINF_SUCCESS '\Device\HarddiskVolume4\Windows\System32\oleaut32.dll'.
2638.19f4: supR3HardenedWinVerifyCacheProcessWvtTodos: 0 (was 0) fWinVerifyTrust=0 for '\Device\HarddiskVolume4\Windows\System32\oleaut32.dll' [rescheduled]
2638.19f4: Detected loader lock ownership: rc=VINF_SUCCESS '\Device\HarddiskVolume4\Windows\System32\imm32.dll'.
2638.19f4: supR3HardenedWinVerifyCacheProcessWvtTodos: 0 (was 0) fWinVerifyTrust=0 for '\Device\HarddiskVolume4\Windows\System32\imm32.dll' [rescheduled]
2638.19f4: Detected loader lock ownership: rc=VINF_SUCCESS '\Device\HarddiskVolume4\Windows\System32\gdi32full.dll'.
2638.19f4: supR3HardenedWinVerifyCacheProcessWvtTodos: 0 (was 0) fWinVerifyTrust=0 for '\Device\HarddiskVolume4\Windows\System32\gdi32full.dll' [rescheduled]
2638.19f4: Detected loader lock ownership: rc=VINF_SUCCESS '\Device\HarddiskVolume4\Windows\System32\win32u.dll'.
2638.19f4: supR3HardenedWinVerifyCacheProcessWvtTodos: 0 (was 0) fWinVerifyTrust=0 for '\Device\HarddiskVolume4\Windows\System32\win32u.dll' [rescheduled]
2638.19f4: Detected loader lock ownership: rc=VINF_SUCCESS '\Device\HarddiskVolume4\Windows\System32\msvcp_win.dll'.
2638.19f4: supR3HardenedWinVerifyCacheProcessWvtTodos: 0 (was 0) fWinVerifyTrust=0 for '\Device\HarddiskVolume4\Windows\System32\msvcp_win.dll' [rescheduled]
2638.19f4: Detected loader lock ownership: rc=VINF_SUCCESS '\Device\HarddiskVolume4\Windows\System32\gdi32.dll'.
2638.19f4: supR3HardenedWinVerifyCacheProcessWvtTodos: 0 (was 0) fWinVerifyTrust=0 for '\Device\HarddiskVolume4\Windows\System32\gdi32.dll' [rescheduled]
2638.19f4: Detected loader lock ownership: rc=VINF_SUCCESS '\Device\HarddiskVolume4\Windows\System32\user32.dll'.
2638.19f4: supR3HardenedWinVerifyCacheProcessWvtTodos: 0 (was 0) fWinVerifyTrust=0 for '\Device\HarddiskVolume4\Windows\System32\user32.dll' [rescheduled]
2638.19f4: Detected loader lock ownership: rc=VINF_SUCCESS '\Device\HarddiskVolume4\Windows\System32\combase.dll'.
2638.19f4: supR3HardenedWinVerifyCacheProcessWvtTodos: 0 (was 0) fWinVerifyTrust=0 for '\Device\HarddiskVolume4\Windows\System32\combase.dll' [rescheduled]
2638.19f4: Detected loader lock ownership: rc=VINF_SUCCESS '\Device\HarddiskVolume4\Windows\System32\vcruntime140_1.dll'.
2638.19f4: supR3HardenedWinVerifyCacheProcessWvtTodos: 0 (was 0) fWinVerifyTrust=0 for '\Device\HarddiskVolume4\Windows\System32\vcruntime140_1.dll' [rescheduled]
2638.19f4: Detected loader lock ownership: rc=VINF_SUCCESS '\Device\HarddiskVolume4\Windows\System32\ole32.dll'.
2638.19f4: supR3HardenedWinVerifyCacheProcessWvtTodos: 0 (was 0) fWinVerifyTrust=0 for '\Device\HarddiskVolume4\Windows\System32\ole32.dll' [rescheduled]
2638.19f4: supR3HardenedScreenImage/LdrLoadDll: cache hit (VINF_SUCCESS) on \Device\HarddiskVolume4\Program Files\Oracle\VirtualBox\VBoxRT.dll
2638.19f4: supR3HardenedMonitor_LdrLoadDll: pName=C:\Program Files\Oracle\VirtualBox\VBoxRT.dll (rcNtResolve=0xc0150008) *pfFlags=0x0 pwszSearchPath=0000000000000001:<flags> [calling]
2638.19f4: supR3HardenedMonitor_LdrLoadDll: returns rcNt=0x0 hMod=00007ffd366e0000 'C:\Program Files\Oracle\VirtualBox\VBoxRT.dll'
2638.19f4: Detected loader lock ownership: rc=VINF_SUCCESS '\Device\HarddiskVolume4\Windows\System32\oleaut32.dll'.
2638.19f4: supR3HardenedWinVerifyCacheProcessWvtTodos: 0 (was 0) fWinVerifyTrust=0 for '\Device\HarddiskVolume4\Windows\System32\oleaut32.dll' [rescheduled]
2638.19f4: Detected loader lock ownership: rc=VINF_SUCCESS '\Device\HarddiskVolume4\Windows\System32\imm32.dll'.
2638.19f4: supR3HardenedWinVerifyCacheProcessWvtTodos: 0 (was 0) fWinVerifyTrust=0 for '\Device\HarddiskVolume4\Windows\System32\imm32.dll' [rescheduled]
2638.19f4: Detected loader lock ownership: rc=VINF_SUCCESS '\Device\HarddiskVolume4\Windows\System32\gdi32full.dll'.
2638.19f4: supR3HardenedWinVerifyCacheProcessWvtTodos: 0 (was 0) fWinVerifyTrust=0 for '\Device\HarddiskVolume4\Windows\System32\gdi32full.dll' [rescheduled]
2638.19f4: Detected loader lock ownership: rc=VINF_SUCCESS '\Device\HarddiskVolume4\Windows\System32\win32u.dll'.
2638.19f4: supR3HardenedWinVerifyCacheProcessWvtTodos: 0 (was 0) fWinVerifyTrust=0 for '\Device\HarddiskVolume4\Windows\System32\win32u.dll' [rescheduled]
2638.19f4: Detected loader lock ownership: rc=VINF_SUCCESS '\Device\HarddiskVolume4\Windows\System32\msvcp_win.dll'.
2638.19f4: supR3HardenedWinVerifyCacheProcessWvtTodos: 0 (was 0) fWinVerifyTrust=0 for '\Device\HarddiskVolume4\Windows\System32\msvcp_win.dll' [rescheduled]
2638.19f4: Detected loader lock ownership: rc=VINF_SUCCESS '\Device\HarddiskVolume4\Windows\System32\gdi32.dll'.
2638.19f4: supR3HardenedWinVerifyCacheProcessWvtTodos: 0 (was 0) fWinVerifyTrust=0 for '\Device\HarddiskVolume4\Windows\System32\gdi32.dll' [rescheduled]
2638.19f4: Detected loader lock ownership: rc=VINF_SUCCESS '\Device\HarddiskVolume4\Windows\System32\user32.dll'.
2638.19f4: supR3HardenedWinVerifyCacheProcessWvtTodos: 0 (was 0) fWinVerifyTrust=0 for '\Device\HarddiskVolume4\Windows\System32\user32.dll' [rescheduled]
2638.19f4: Detected loader lock ownership: rc=VINF_SUCCESS '\Device\HarddiskVolume4\Windows\System32\combase.dll'.
2638.19f4: supR3HardenedWinVerifyCacheProcessWvtTodos: 0 (was 0) fWinVerifyTrust=0 for '\Device\HarddiskVolume4\Windows\System32\combase.dll' [rescheduled]
2638.19f4: Detected loader lock ownership: rc=VINF_SUCCESS '\Device\HarddiskVolume4\Windows\System32\vcruntime140_1.dll'.
2638.19f4: supR3HardenedWinVerifyCacheProcessWvtTodos: 0 (was 0) fWinVerifyTrust=0 for '\Device\HarddiskVolume4\Windows\System32\vcruntime140_1.dll' [rescheduled]
2638.19f4: Detected loader lock ownership: rc=VINF_SUCCESS '\Device\HarddiskVolume4\Windows\System32\ole32.dll'.
2638.19f4: supR3HardenedWinVerifyCacheProcessWvtTodos: 0 (was 0) fWinVerifyTrust=0 for '\Device\HarddiskVolume4\Windows\System32\ole32.dll' [rescheduled]
2638.19f4: Detected loader lock ownership: rc=VINF_SUCCESS '\Device\HarddiskVolume4\Windows\System32\oleaut32.dll'.
2638.19f4: supR3HardenedWinVerifyCacheProcessWvtTodos: 0 (was 0) fWinVerifyTrust=0 for '\Device\HarddiskVolume4\Windows\System32\oleaut32.dll' [rescheduled]
2638.19f4: Detected loader lock ownership: rc=VINF_SUCCESS '\Device\HarddiskVolume4\Windows\System32\imm32.dll'.
2638.19f4: supR3HardenedWinVerifyCacheProcessWvtTodos: 0 (was 0) fWinVerifyTrust=0 for '\Device\HarddiskVolume4\Windows\System32\imm32.dll' [rescheduled]
2638.19f4: Detected loader lock ownership: rc=VINF_SUCCESS '\Device\HarddiskVolume4\Windows\System32\gdi32full.dll'.
2638.19f4: supR3HardenedWinVerifyCacheProcessWvtTodos: 0 (was 0) fWinVerifyTrust=0 for '\Device\HarddiskVolume4\Windows\System32\gdi32full.dll' [rescheduled]
2638.19f4: Detected loader lock ownership: rc=VINF_SUCCESS '\Device\HarddiskVolume4\Windows\System32\win32u.dll'.
2638.19f4: supR3HardenedWinVerifyCacheProcessWvtTodos: 0 (was 0) fWinVerifyTrust=0 for '\Device\HarddiskVolume4\Windows\System32\win32u.dll' [rescheduled]
2638.19f4: Detected loader lock ownership: rc=VINF_SUCCESS '\Device\HarddiskVolume4\Windows\System32\msvcp_win.dll'.
2638.19f4: supR3HardenedWinVerifyCacheProcessWvtTodos: 0 (was 0) fWinVerifyTrust=0 for '\Device\HarddiskVolume4\Windows\System32\msvcp_win.dll' [rescheduled]
2638.19f4: Detected loader lock ownership: rc=VINF_SUCCESS '\Device\HarddiskVolume4\Windows\System32\gdi32.dll'.
2638.19f4: supR3HardenedWinVerifyCacheProcessWvtTodos: 0 (was 0) fWinVerifyTrust=0 for '\Device\HarddiskVolume4\Windows\System32\gdi32.dll' [rescheduled]
2638.19f4: Detected loader lock ownership: rc=VINF_SUCCESS '\Device\HarddiskVolume4\Windows\System32\user32.dll'.
2638.19f4: supR3HardenedWinVerifyCacheProcessWvtTodos: 0 (was 0) fWinVerifyTrust=0 for '\Device\HarddiskVolume4\Windows\System32\user32.dll' [rescheduled]
2638.19f4: Detected loader lock ownership: rc=VINF_SUCCESS '\Device\HarddiskVolume4\Windows\System32\combase.dll'.
2638.19f4: supR3HardenedWinVerifyCacheProcessWvtTodos: 0 (was 0) fWinVerifyTrust=0 for '\Device\HarddiskVolume4\Windows\System32\combase.dll' [rescheduled]
2638.19f4: Detected loader lock ownership: rc=VINF_SUCCESS '\Device\HarddiskVolume4\Windows\System32\vcruntime140_1.dll'.
2638.19f4: supR3HardenedWinVerifyCacheProcessWvtTodos: 0 (was 0) fWinVerifyTrust=0 for '\Device\HarddiskVolume4\Windows\System32\vcruntime140_1.dll' [rescheduled]
2638.19f4: Detected loader lock ownership: rc=VINF_SUCCESS '\Device\HarddiskVolume4\Windows\System32\ole32.dll'.
2638.19f4: supR3HardenedWinVerifyCacheProcessWvtTodos: 0 (was 0) fWinVerifyTrust=0 for '\Device\HarddiskVolume4\Windows\System32\ole32.dll' [rescheduled]
2638.19f4: supR3HardenedMonitor_LdrLoadDll: returns rcNt=0x0 hMod=00007ffd366e0000 'C:\Program Files\Oracle\VirtualBox\VBoxRT.dll'
2638.19f4: Detected loader lock ownership: rc=VINF_SUCCESS '\Device\HarddiskVolume4\Windows\System32\oleaut32.dll'.
2638.19f4: supR3HardenedWinVerifyCacheProcessWvtTodos: 0 (was 0) fWinVerifyTrust=0 for '\Device\HarddiskVolume4\Windows\System32\oleaut32.dll' [rescheduled]
2638.19f4: Detected loader lock ownership: rc=VINF_SUCCESS '\Device\HarddiskVolume4\Windows\System32\imm32.dll'.
2638.19f4: supR3HardenedWinVerifyCacheProcessWvtTodos: 0 (was 0) fWinVerifyTrust=0 for '\Device\HarddiskVolume4\Windows\System32\imm32.dll' [rescheduled]
2638.19f4: Detected loader lock ownership: rc=VINF_SUCCESS '\Device\HarddiskVolume4\Windows\System32\gdi32full.dll'.
2638.19f4: supR3HardenedWinVerifyCacheProcessWvtTodos: 0 (was 0) fWinVerifyTrust=0 for '\Device\HarddiskVolume4\Windows\System32\gdi32full.dll' [rescheduled]
2638.19f4: Detected loader lock ownership: rc=VINF_SUCCESS '\Device\HarddiskVolume4\Windows\System32\win32u.dll'.
2638.19f4: supR3HardenedWinVerifyCacheProcessWvtTodos: 0 (was 0) fWinVerifyTrust=0 for '\Device\HarddiskVolume4\Windows\System32\win32u.dll' [rescheduled]
2638.19f4: Detected loader lock ownership: rc=VINF_SUCCESS '\Device\HarddiskVolume4\Windows\System32\msvcp_win.dll'.
2638.19f4: supR3HardenedWinVerifyCacheProcessWvtTodos: 0 (was 0) fWinVerifyTrust=0 for '\Device\HarddiskVolume4\Windows\System32\msvcp_win.dll' [rescheduled]
2638.19f4: Detected loader lock ownership: rc=VINF_SUCCESS '\Device\HarddiskVolume4\Windows\System32\gdi32.dll'.
2638.19f4: supR3HardenedWinVerifyCacheProcessWvtTodos: 0 (was 0) fWinVerifyTrust=0 for '\Device\HarddiskVolume4\Windows\System32\gdi32.dll' [rescheduled]
2638.19f4: Detected loader lock ownership: rc=VINF_SUCCESS '\Device\HarddiskVolume4\Windows\System32\user32.dll'.
2638.19f4: supR3HardenedWinVerifyCacheProcessWvtTodos: 0 (was 0) fWinVerifyTrust=0 for '\Device\HarddiskVolume4\Windows\System32\user32.dll' [rescheduled]
2638.19f4: Detected loader lock ownership: rc=VINF_SUCCESS '\Device\HarddiskVolume4\Windows\System32\combase.dll'.
2638.19f4: supR3HardenedWinVerifyCacheProcessWvtTodos: 0 (was 0) fWinVerifyTrust=0 for '\Device\HarddiskVolume4\Windows\System32\combase.dll' [rescheduled]
2638.19f4: Detected loader lock ownership: rc=VINF_SUCCESS '\Device\HarddiskVolume4\Windows\System32\vcruntime140_1.dll'.
2638.19f4: supR3HardenedWinVerifyCacheProcessWvtTodos: 0 (was 0) fWinVerifyTrust=0 for '\Device\HarddiskVolume4\Windows\System32\vcruntime140_1.dll' [rescheduled]
2638.19f4: Detected loader lock ownership: rc=VINF_SUCCESS '\Device\HarddiskVolume4\Windows\System32\ole32.dll'.
2638.19f4: supR3HardenedWinVerifyCacheProcessWvtTodos: 0 (was 0) fWinVerifyTrust=0 for '\Device\HarddiskVolume4\Windows\System32\ole32.dll' [rescheduled]
2638.19f4: Detected loader lock ownership: rc=VINF_SUCCESS '\Device\HarddiskVolume4\Windows\System32\oleaut32.dll'.
2638.19f4: supR3HardenedWinVerifyCacheProcessWvtTodos: 0 (was 0) fWinVerifyTrust=0 for '\Device\HarddiskVolume4\Windows\System32\oleaut32.dll' [rescheduled]
2638.19f4: Detected loader lock ownership: rc=VINF_SUCCESS '\Device\HarddiskVolume4\Windows\System32\imm32.dll'.
2638.19f4: supR3HardenedWinVerifyCacheProcessWvtTodos: 0 (was 0) fWinVerifyTrust=0 for '\Device\HarddiskVolume4\Windows\System32\imm32.dll' [rescheduled]
2638.19f4: Detected loader lock ownership: rc=VINF_SUCCESS '\Device\HarddiskVolume4\Windows\System32\gdi32full.dll'.
2638.19f4: supR3HardenedWinVerifyCacheProcessWvtTodos: 0 (was 0) fWinVerifyTrust=0 for '\Device\HarddiskVolume4\Windows\System32\gdi32full.dll' [rescheduled]
2638.19f4: Detected loader lock ownership: rc=VINF_SUCCESS '\Device\HarddiskVolume4\Windows\System32\win32u.dll'.
2638.19f4: supR3HardenedWinVerifyCacheProcessWvtTodos: 0 (was 0) fWinVerifyTrust=0 for '\Device\HarddiskVolume4\Windows\System32\win32u.dll' [rescheduled]
2638.19f4: Detected loader lock ownership: rc=VINF_SUCCESS '\Device\HarddiskVolume4\Windows\System32\msvcp_win.dll'.
2638.19f4: supR3HardenedWinVerifyCacheProcessWvtTodos: 0 (was 0) fWinVerifyTrust=0 for '\Device\HarddiskVolume4\Windows\System32\msvcp_win.dll' [rescheduled]
2638.19f4: Detected loader lock ownership: rc=VINF_SUCCESS '\Device\HarddiskVolume4\Windows\System32\gdi32.dll'.
2638.19f4: supR3HardenedWinVerifyCacheProcessWvtTodos: 0 (was 0) fWinVerifyTrust=0 for '\Device\HarddiskVolume4\Windows\System32\gdi32.dll' [rescheduled]
2638.19f4: Detected loader lock ownership: rc=VINF_SUCCESS '\Device\HarddiskVolume4\Windows\System32\user32.dll'.
2638.19f4: supR3HardenedWinVerifyCacheProcessWvtTodos: 0 (was 0) fWinVerifyTrust=0 for '\Device\HarddiskVolume4\Windows\System32\user32.dll' [rescheduled]
2638.19f4: Detected loader lock ownership: rc=VINF_SUCCESS '\Device\HarddiskVolume4\Windows\System32\combase.dll'.
2638.19f4: supR3HardenedWinVerifyCacheProcessWvtTodos: 0 (was 0) fWinVerifyTrust=0 for '\Device\HarddiskVolume4\Windows\System32\combase.dll' [rescheduled]
2638.19f4: Detected loader lock ownership: rc=VINF_SUCCESS '\Device\HarddiskVolume4\Windows\System32\vcruntime140_1.dll'.
2638.19f4: supR3HardenedWinVerifyCacheProcessWvtTodos: 0 (was 0) fWinVerifyTrust=0 for '\Device\HarddiskVolume4\Windows\System32\vcruntime140_1.dll' [rescheduled]
2638.19f4: Detected loader lock ownership: rc=VINF_SUCCESS '\Device\HarddiskVolume4\Windows\System32\ole32.dll'.
2638.19f4: supR3HardenedWinVerifyCacheProcessWvtTodos: 0 (was 0) fWinVerifyTrust=0 for '\Device\HarddiskVolume4\Windows\System32\ole32.dll' [rescheduled]
2638.19f4: supR3HardenedMonitor_LdrLoadDll: returns rcNt=0x0 hMod=00007ffd366e0000 'C:\Program Files\Oracle\VirtualBox\VBoxRT.dll'
2638.19f4: Detected loader lock ownership: rc=VINF_SUCCESS '\Device\HarddiskVolume4\Windows\System32\oleaut32.dll'.
2638.19f4: supR3HardenedWinVerifyCacheProcessWvtTodos: 0 (was 0) fWinVerifyTrust=0 for '\Device\HarddiskVolume4\Windows\System32\oleaut32.dll' [rescheduled]
2638.19f4: Detected loader lock ownership: rc=VINF_SUCCESS '\Device\HarddiskVolume4\Windows\System32\imm32.dll'.
2638.19f4: supR3HardenedWinVerifyCacheProcessWvtTodos: 0 (was 0) fWinVerifyTrust=0 for '\Device\HarddiskVolume4\Windows\System32\imm32.dll' [rescheduled]
2638.19f4: Detected loader lock ownership: rc=VINF_SUCCESS '\Device\HarddiskVolume4\Windows\System32\gdi32full.dll'.
2638.19f4: supR3HardenedWinVerifyCacheProcessWvtTodos: 0 (was 0) fWinVerifyTrust=0 for '\Device\HarddiskVolume4\Windows\System32\gdi32full.dll' [rescheduled]
2638.19f4: Detected loader lock ownership: rc=VINF_SUCCESS '\Device\HarddiskVolume4\Windows\System32\win32u.dll'.
2638.19f4: supR3HardenedWinVerifyCacheProcessWvtTodos: 0 (was 0) fWinVerifyTrust=0 for '\Device\HarddiskVolume4\Windows\System32\win32u.dll' [rescheduled]
2638.19f4: Detected loader lock ownership: rc=VINF_SUCCESS '\Device\HarddiskVolume4\Windows\System32\msvcp_win.dll'.
2638.19f4: supR3HardenedWinVerifyCacheProcessWvtTodos: 0 (was 0) fWinVerifyTrust=0 for '\Device\HarddiskVolume4\Windows\System32\msvcp_win.dll' [rescheduled]
2638.19f4: Detected loader lock ownership: rc=VINF_SUCCESS '\Device\HarddiskVolume4\Windows\System32\gdi32.dll'.
2638.19f4: supR3HardenedWinVerifyCacheProcessWvtTodos: 0 (was 0) fWinVerifyTrust=0 for '\Device\HarddiskVolume4\Windows\System32\gdi32.dll' [rescheduled]
2638.19f4: Detected loader lock ownership: rc=VINF_SUCCESS '\Device\HarddiskVolume4\Windows\System32\user32.dll'.
2638.19f4: supR3HardenedWinVerifyCacheProcessWvtTodos: 0 (was 0) fWinVerifyTrust=0 for '\Device\HarddiskVolume4\Windows\System32\user32.dll' [rescheduled]
2638.19f4: Detected loader lock ownership: rc=VINF_SUCCESS '\Device\HarddiskVolume4\Windows\System32\combase.dll'.
2638.19f4: supR3HardenedWinVerifyCacheProcessWvtTodos: 0 (was 0) fWinVerifyTrust=0 for '\Device\HarddiskVolume4\Windows\System32\combase.dll' [rescheduled]
2638.19f4: Detected loader lock ownership: rc=VINF_SUCCESS '\Device\HarddiskVolume4\Windows\System32\vcruntime140_1.dll'.
2638.19f4: supR3HardenedWinVerifyCacheProcessWvtTodos: 0 (was 0) fWinVerifyTrust=0 for '\Device\HarddiskVolume4\Windows\System32\vcruntime140_1.dll' [rescheduled]
2638.19f4: Detected loader lock ownership: rc=VINF_SUCCESS '\Device\HarddiskVolume4\Windows\System32\ole32.dll'.
2638.19f4: supR3HardenedWinVerifyCacheProcessWvtTodos: 0 (was 0) fWinVerifyTrust=0 for '\Device\HarddiskVolume4\Windows\System32\ole32.dll' [rescheduled]
2638.19f4: Detected loader lock ownership: rc=VINF_SUCCESS '\Device\HarddiskVolume4\Windows\System32\oleaut32.dll'.
2638.19f4: supR3HardenedWinVerifyCacheProcessWvtTodos: 0 (was 0) fWinVerifyTrust=0 for '\Device\HarddiskVolume4\Windows\System32\oleaut32.dll' [rescheduled]
2638.19f4: Detected loader lock ownership: rc=VINF_SUCCESS '\Device\HarddiskVolume4\Windows\System32\imm32.dll'.
2638.19f4: supR3HardenedWinVerifyCacheProcessWvtTodos: 0 (was 0) fWinVerifyTrust=0 for '\Device\HarddiskVolume4\Windows\System32\imm32.dll' [rescheduled]
2638.19f4: Detected loader lock ownership: rc=VINF_SUCCESS '\Device\HarddiskVolume4\Windows\System32\gdi32full.dll'.
2638.19f4: supR3HardenedWinVerifyCacheProcessWvtTodos: 0 (was 0) fWinVerifyTrust=0 for '\Device\HarddiskVolume4\Windows\System32\gdi32full.dll' [rescheduled]
2638.19f4: Detected loader lock ownership: rc=VINF_SUCCESS '\Device\HarddiskVolume4\Windows\System32\win32u.dll'.
2638.19f4: supR3HardenedWinVerifyCacheProcessWvtTodos: 0 (was 0) fWinVerifyTrust=0 for '\Device\HarddiskVolume4\Windows\System32\win32u.dll' [rescheduled]
2638.19f4: Detected loader lock ownership: rc=VINF_SUCCESS '\Device\HarddiskVolume4\Windows\System32\msvcp_win.dll'.
2638.19f4: supR3HardenedWinVerifyCacheProcessWvtTodos: 0 (was 0) fWinVerifyTrust=0 for '\Device\HarddiskVolume4\Windows\System32\msvcp_win.dll' [rescheduled]
2638.19f4: Detected loader lock ownership: rc=VINF_SUCCESS '\Device\HarddiskVolume4\Windows\System32\gdi32.dll'.
2638.19f4: supR3HardenedWinVerifyCacheProcessWvtTodos: 0 (was 0) fWinVerifyTrust=0 for '\Device\HarddiskVolume4\Windows\System32\gdi32.dll' [rescheduled]
2638.19f4: Detected loader lock ownership: rc=VINF_SUCCESS '\Device\HarddiskVolume4\Windows\System32\user32.dll'.
2638.19f4: supR3HardenedWinVerifyCacheProcessWvtTodos: 0 (was 0) fWinVerifyTrust=0 for '\Device\HarddiskVolume4\Windows\System32\user32.dll' [rescheduled]
2638.19f4: Detected loader lock ownership: rc=VINF_SUCCESS '\Device\HarddiskVolume4\Windows\System32\combase.dll'.
2638.19f4: supR3HardenedWinVerifyCacheProcessWvtTodos: 0 (was 0) fWinVerifyTrust=0 for '\Device\HarddiskVolume4\Windows\System32\combase.dll' [rescheduled]
2638.19f4: Detected loader lock ownership: rc=VINF_SUCCESS '\Device\HarddiskVolume4\Windows\System32\vcruntime140_1.dll'.
2638.19f4: supR3HardenedWinVerifyCacheProcessWvtTodos: 0 (was 0) fWinVerifyTrust=0 for '\Device\HarddiskVolume4\Windows\System32\vcruntime140_1.dll' [rescheduled]
2638.19f4: Detected loader lock ownership: rc=VINF_SUCCESS '\Device\HarddiskVolume4\Windows\System32\ole32.dll'.
2638.19f4: supR3HardenedWinVerifyCacheProcessWvtTodos: 0 (was 0) fWinVerifyTrust=0 for '\Device\HarddiskVolume4\Windows\System32\ole32.dll' [rescheduled]
2638.19f4: supR3HardenedMonitor_LdrLoadDll: returns rcNt=0x0 hMod=00007ffd366e0000 'C:\Program Files\Oracle\VirtualBox\VBoxRT.dll'
2638.19f4: Detected loader lock ownership: rc=VINF_SUCCESS '\Device\HarddiskVolume4\Windows\System32\oleaut32.dll'.
2638.19f4: supR3HardenedWinVerifyCacheProcessWvtTodos: 0 (was 0) fWinVerifyTrust=0 for '\Device\HarddiskVolume4\Windows\System32\oleaut32.dll' [rescheduled]
2638.19f4: Detected loader lock ownership: rc=VINF_SUCCESS '\Device\HarddiskVolume4\Windows\System32\imm32.dll'.
2638.19f4: supR3HardenedWinVerifyCacheProcessWvtTodos: 0 (was 0) fWinVerifyTrust=0 for '\Device\HarddiskVolume4\Windows\System32\imm32.dll' [rescheduled]
2638.19f4: Detected loader lock ownership: rc=VINF_SUCCESS '\Device\HarddiskVolume4\Windows\System32\gdi32full.dll'.
2638.19f4: supR3HardenedWinVerifyCacheProcessWvtTodos: 0 (was 0) fWinVerifyTrust=0 for '\Device\HarddiskVolume4\Windows\System32\gdi32full.dll' [rescheduled]
2638.19f4: Detected loader lock ownership: rc=VINF_SUCCESS '\Device\HarddiskVolume4\Windows\System32\win32u.dll'.
2638.19f4: supR3HardenedWinVerifyCacheProcessWvtTodos: 0 (was 0) fWinVerifyTrust=0 for '\Device\HarddiskVolume4\Windows\System32\win32u.dll' [rescheduled]
2638.19f4: Detected loader lock ownership: rc=VINF_SUCCESS '\Device\HarddiskVolume4\Windows\System32\msvcp_win.dll'.
2638.19f4: supR3HardenedWinVerifyCacheProcessWvtTodos: 0 (was 0) fWinVerifyTrust=0 for '\Device\HarddiskVolume4\Windows\System32\msvcp_win.dll' [rescheduled]
2638.19f4: Detected loader lock ownership: rc=VINF_SUCCESS '\Device\HarddiskVolume4\Windows\System32\gdi32.dll'.
2638.19f4: supR3HardenedWinVerifyCacheProcessWvtTodos: 0 (was 0) fWinVerifyTrust=0 for '\Device\HarddiskVolume4\Windows\System32\gdi32.dll' [rescheduled]
2638.19f4: Detected loader lock ownership: rc=VINF_SUCCESS '\Device\HarddiskVolume4\Windows\System32\user32.dll'.
2638.19f4: supR3HardenedWinVerifyCacheProcessWvtTodos: 0 (was 0) fWinVerifyTrust=0 for '\Device\HarddiskVolume4\Windows\System32\user32.dll' [rescheduled]
2638.19f4: Detected loader lock ownership: rc=VINF_SUCCESS '\Device\HarddiskVolume4\Windows\System32\combase.dll'.
2638.19f4: supR3HardenedWinVerifyCacheProcessWvtTodos: 0 (was 0) fWinVerifyTrust=0 for '\Device\HarddiskVolume4\Windows\System32\combase.dll' [rescheduled]
2638.19f4: Detected loader lock ownership: rc=VINF_SUCCESS '\Device\HarddiskVolume4\Windows\System32\vcruntime140_1.dll'.
2638.19f4: supR3HardenedWinVerifyCacheProcessWvtTodos: 0 (was 0) fWinVerifyTrust=0 for '\Device\HarddiskVolume4\Windows\System32\vcruntime140_1.dll' [rescheduled]
2638.19f4: Detected loader lock ownership: rc=VINF_SUCCESS '\Device\HarddiskVolume4\Windows\System32\ole32.dll'.
2638.19f4: supR3HardenedWinVerifyCacheProcessWvtTodos: 0 (was 0) fWinVerifyTrust=0 for '\Device\HarddiskVolume4\Windows\System32\ole32.dll' [rescheduled]
2638.19f4: Detected loader lock ownership: rc=VINF_SUCCESS '\Device\HarddiskVolume4\Windows\System32\oleaut32.dll'.
2638.19f4: supR3HardenedWinVerifyCacheProcessWvtTodos: 0 (was 0) fWinVerifyTrust=0 for '\Device\HarddiskVolume4\Windows\System32\oleaut32.dll' [rescheduled]
2638.19f4: Detected loader lock ownership: rc=VINF_SUCCESS '\Device\HarddiskVolume4\Windows\System32\imm32.dll'.
2638.19f4: supR3HardenedWinVerifyCacheProcessWvtTodos: 0 (was 0) fWinVerifyTrust=0 for '\Device\HarddiskVolume4\Windows\System32\imm32.dll' [rescheduled]
2638.19f4: Detected loader lock ownership: rc=VINF_SUCCESS '\Device\HarddiskVolume4\Windows\System32\gdi32full.dll'.
2638.19f4: supR3HardenedWinVerifyCacheProcessWvtTodos: 0 (was 0) fWinVerifyTrust=0 for '\Device\HarddiskVolume4\Windows\System32\gdi32full.dll' [rescheduled]
2638.19f4: Detected loader lock ownership: rc=VINF_SUCCESS '\Device\HarddiskVolume4\Windows\System32\win32u.dll'.
2638.19f4: supR3HardenedWinVerifyCacheProcessWvtTodos: 0 (was 0) fWinVerifyTrust=0 for '\Device\HarddiskVolume4\Windows\System32\win32u.dll' [rescheduled]
2638.19f4: Detected loader lock ownership: rc=VINF_SUCCESS '\Device\HarddiskVolume4\Windows\System32\msvcp_win.dll'.
2638.19f4: supR3HardenedWinVerifyCacheProcessWvtTodos: 0 (was 0) fWinVerifyTrust=0 for '\Device\HarddiskVolume4\Windows\System32\msvcp_win.dll' [rescheduled]
2638.19f4: Detected loader lock ownership: rc=VINF_SUCCESS '\Device\HarddiskVolume4\Windows\System32\gdi32.dll'.
2638.19f4: supR3HardenedWinVerifyCacheProcessWvtTodos: 0 (was 0) fWinVerifyTrust=0 for '\Device\HarddiskVolume4\Windows\System32\gdi32.dll' [rescheduled]
2638.19f4: Detected loader lock ownership: rc=VINF_SUCCESS '\Device\HarddiskVolume4\Windows\System32\user32.dll'.
2638.19f4: supR3HardenedWinVerifyCacheProcessWvtTodos: 0 (was 0) fWinVerifyTrust=0 for '\Device\HarddiskVolume4\Windows\System32\user32.dll' [rescheduled]
2638.19f4: Detected loader lock ownership: rc=VINF_SUCCESS '\Device\HarddiskVolume4\Windows\System32\combase.dll'.
2638.19f4: supR3HardenedWinVerifyCacheProcessWvtTodos: 0 (was 0) fWinVerifyTrust=0 for '\Device\HarddiskVolume4\Windows\System32\combase.dll' [rescheduled]
2638.19f4: Detected loader lock ownership: rc=VINF_SUCCESS '\Device\HarddiskVolume4\Windows\System32\vcruntime140_1.dll'.
2638.19f4: supR3HardenedWinVerifyCacheProcessWvtTodos: 0 (was 0) fWinVerifyTrust=0 for '\Device\HarddiskVolume4\Windows\System32\vcruntime140_1.dll' [rescheduled]
2638.19f4: Detected loader lock ownership: rc=VINF_SUCCESS '\Device\HarddiskVolume4\Windows\System32\ole32.dll'.
2638.19f4: supR3HardenedWinVerifyCacheProcessWvtTodos: 0 (was 0) fWinVerifyTrust=0 for '\Device\HarddiskVolume4\Windows\System32\ole32.dll' [rescheduled]
2638.19f4: supR3HardenedMonitor_LdrLoadDll: returns rcNt=0x0 hMod=00007ffd366e0000 'C:\Program Files\Oracle\VirtualBox\VBoxRT.dll'
2638.19f4: Detected loader lock ownership: rc=VINF_SUCCESS '\Device\HarddiskVolume4\Windows\System32\oleaut32.dll'.
2638.19f4: supR3HardenedWinVerifyCacheProcessWvtTodos: 0 (was 0) fWinVerifyTrust=0 for '\Device\HarddiskVolume4\Windows\System32\oleaut32.dll' [rescheduled]
2638.19f4: Detected loader lock ownership: rc=VINF_SUCCESS '\Device\HarddiskVolume4\Windows\System32\imm32.dll'.
2638.19f4: supR3HardenedWinVerifyCacheProcessWvtTodos: 0 (was 0) fWinVerifyTrust=0 for '\Device\HarddiskVolume4\Windows\System32\imm32.dll' [rescheduled]
2638.19f4: Detected loader lock ownership: rc=VINF_SUCCESS '\Device\HarddiskVolume4\Windows\System32\gdi32full.dll'.
2638.19f4: supR3HardenedWinVerifyCacheProcessWvtTodos: 0 (was 0) fWinVerifyTrust=0 for '\Device\HarddiskVolume4\Windows\System32\gdi32full.dll' [rescheduled]
2638.19f4: Detected loader lock ownership: rc=VINF_SUCCESS '\Device\HarddiskVolume4\Windows\System32\win32u.dll'.
2638.19f4: supR3HardenedWinVerifyCacheProcessWvtTodos: 0 (was 0) fWinVerifyTrust=0 for '\Device\HarddiskVolume4\Windows\System32\win32u.dll' [rescheduled]
2638.19f4: Detected loader lock ownership: rc=VINF_SUCCESS '\Device\HarddiskVolume4\Windows\System32\msvcp_win.dll'.
2638.19f4: supR3HardenedWinVerifyCacheProcessWvtTodos: 0 (was 0) fWinVerifyTrust=0 for '\Device\HarddiskVolume4\Windows\System32\msvcp_win.dll' [rescheduled]
2638.19f4: Detected loader lock ownership: rc=VINF_SUCCESS '\Device\HarddiskVolume4\Windows\System32\gdi32.dll'.
2638.19f4: supR3HardenedWinVerifyCacheProcessWvtTodos: 0 (was 0) fWinVerifyTrust=0 for '\Device\HarddiskVolume4\Windows\System32\gdi32.dll' [rescheduled]
2638.19f4: Detected loader lock ownership: rc=VINF_SUCCESS '\Device\HarddiskVolume4\Windows\System32\user32.dll'.
2638.19f4: supR3HardenedWinVerifyCacheProcessWvtTodos: 0 (was 0) fWinVerifyTrust=0 for '\Device\HarddiskVolume4\Windows\System32\user32.dll' [rescheduled]
2638.19f4: Detected loader lock ownership: rc=VINF_SUCCESS '\Device\HarddiskVolume4\Windows\System32\combase.dll'.
2638.19f4: supR3HardenedWinVerifyCacheProcessWvtTodos: 0 (was 0) fWinVerifyTrust=0 for '\Device\HarddiskVolume4\Windows\System32\combase.dll' [rescheduled]
2638.19f4: Detected loader lock ownership: rc=VINF_SUCCESS '\Device\HarddiskVolume4\Windows\System32\vcruntime140_1.dll'.
2638.19f4: supR3HardenedWinVerifyCacheProcessWvtTodos: 0 (was 0) fWinVerifyTrust=0 for '\Device\HarddiskVolume4\Windows\System32\vcruntime140_1.dll' [rescheduled]
2638.19f4: Detected loader lock ownership: rc=VINF_SUCCESS '\Device\HarddiskVolume4\Windows\System32\ole32.dll'.
2638.19f4: supR3HardenedWinVerifyCacheProcessWvtTodos: 0 (was 0) fWinVerifyTrust=0 for '\Device\HarddiskVolume4\Windows\System32\ole32.dll' [rescheduled]
2638.19f4: Detected loader lock ownership: rc=VINF_SUCCESS '\Device\HarddiskVolume4\Windows\System32\oleaut32.dll'.
2638.19f4: supR3HardenedWinVerifyCacheProcessWvtTodos: 0 (was 0) fWinVerifyTrust=0 for '\Device\HarddiskVolume4\Windows\System32\oleaut32.dll' [rescheduled]
2638.19f4: Detected loader lock ownership: rc=VINF_SUCCESS '\Device\HarddiskVolume4\Windows\System32\imm32.dll'.
2638.19f4: supR3HardenedWinVerifyCacheProcessWvtTodos: 0 (was 0) fWinVerifyTrust=0 for '\Device\HarddiskVolume4\Windows\System32\imm32.dll' [rescheduled]
2638.19f4: Detected loader lock ownership: rc=VINF_SUCCESS '\Device\HarddiskVolume4\Windows\System32\gdi32full.dll'.
2638.19f4: supR3HardenedWinVerifyCacheProcessWvtTodos: 0 (was 0) fWinVerifyTrust=0 for '\Device\HarddiskVolume4\Windows\System32\gdi32full.dll' [rescheduled]
2638.19f4: Detected loader lock ownership: rc=VINF_SUCCESS '\Device\HarddiskVolume4\Windows\System32\win32u.dll'.
2638.19f4: supR3HardenedWinVerifyCacheProcessWvtTodos: 0 (was 0) fWinVerifyTrust=0 for '\Device\HarddiskVolume4\Windows\System32\win32u.dll' [rescheduled]
2638.19f4: Detected loader lock ownership: rc=VINF_SUCCESS '\Device\HarddiskVolume4\Windows\System32\msvcp_win.dll'.
2638.19f4: supR3HardenedWinVerifyCacheProcessWvtTodos: 0 (was 0) fWinVerifyTrust=0 for '\Device\HarddiskVolume4\Windows\System32\msvcp_win.dll' [rescheduled]
2638.19f4: Detected loader lock ownership: rc=VINF_SUCCESS '\Device\HarddiskVolume4\Windows\System32\gdi32.dll'.
2638.19f4: supR3HardenedWinVerifyCacheProcessWvtTodos: 0 (was 0) fWinVerifyTrust=0 for '\Device\HarddiskVolume4\Windows\System32\gdi32.dll' [rescheduled]
2638.19f4: Detected loader lock ownership: rc=VINF_SUCCESS '\Device\HarddiskVolume4\Windows\System32\user32.dll'.
2638.19f4: supR3HardenedWinVerifyCacheProcessWvtTodos: 0 (was 0) fWinVerifyTrust=0 for '\Device\HarddiskVolume4\Windows\System32\user32.dll' [rescheduled]
2638.19f4: Detected loader lock ownership: rc=VINF_SUCCESS '\Device\HarddiskVolume4\Windows\System32\combase.dll'.
2638.19f4: supR3HardenedWinVerifyCacheProcessWvtTodos: 0 (was 0) fWinVerifyTrust=0 for '\Device\HarddiskVolume4\Windows\System32\combase.dll' [rescheduled]
2638.19f4: Detected loader lock ownership: rc=VINF_SUCCESS '\Device\HarddiskVolume4\Windows\System32\vcruntime140_1.dll'.
2638.19f4: supR3HardenedWinVerifyCacheProcessWvtTodos: 0 (was 0) fWinVerifyTrust=0 for '\Device\HarddiskVolume4\Windows\System32\vcruntime140_1.dll' [rescheduled]
2638.19f4: Detected loader lock ownership: rc=VINF_SUCCESS '\Device\HarddiskVolume4\Windows\System32\ole32.dll'.
2638.19f4: supR3HardenedWinVerifyCacheProcessWvtTodos: 0 (was 0) fWinVerifyTrust=0 for '\Device\HarddiskVolume4\Windows\System32\ole32.dll' [rescheduled]
2638.19f4: supR3HardenedMonitor_LdrLoadDll: returns rcNt=0x0 hMod=00007ffd366e0000 'C:\Program Files\Oracle\VirtualBox\VBoxRT.dll'
2638.19f4: Detected loader lock ownership: rc=VINF_SUCCESS '\Device\HarddiskVolume4\Windows\System32\oleaut32.dll'.
2638.19f4: supR3HardenedWinVerifyCacheProcessWvtTodos: 0 (was 0) fWinVerifyTrust=0 for '\Device\HarddiskVolume4\Windows\System32\oleaut32.dll' [rescheduled]
2638.19f4: Detected loader lock ownership: rc=VINF_SUCCESS '\Device\HarddiskVolume4\Windows\System32\imm32.dll'.
2638.19f4: supR3HardenedWinVerifyCacheProcessWvtTodos: 0 (was 0) fWinVerifyTrust=0 for '\Device\HarddiskVolume4\Windows\System32\imm32.dll' [rescheduled]
2638.19f4: Detected loader lock ownership: rc=VINF_SUCCESS '\Device\HarddiskVolume4\Windows\System32\gdi32full.dll'.
2638.19f4: supR3HardenedWinVerifyCacheProcessWvtTodos: 0 (was 0) fWinVerifyTrust=0 for '\Device\HarddiskVolume4\Windows\System32\gdi32full.dll' [rescheduled]
2638.19f4: Detected loader lock ownership: rc=VINF_SUCCESS '\Device\HarddiskVolume4\Windows\System32\win32u.dll'.
2638.19f4: supR3HardenedWinVerifyCacheProcessWvtTodos: 0 (was 0) fWinVerifyTrust=0 for '\Device\HarddiskVolume4\Windows\System32\win32u.dll' [rescheduled]
2638.19f4: Detected loader lock ownership: rc=VINF_SUCCESS '\Device\HarddiskVolume4\Windows\System32\msvcp_win.dll'.
2638.19f4: supR3HardenedWinVerifyCacheProcessWvtTodos: 0 (was 0) fWinVerifyTrust=0 for '\Device\HarddiskVolume4\Windows\System32\msvcp_win.dll' [rescheduled]
2638.19f4: Detected loader lock ownership: rc=VINF_SUCCESS '\Device\HarddiskVolume4\Windows\System32\gdi32.dll'.
2638.19f4: supR3HardenedWinVerifyCacheProcessWvtTodos: 0 (was 0) fWinVerifyTrust=0 for '\Device\HarddiskVolume4\Windows\System32\gdi32.dll' [rescheduled]
2638.19f4: Detected loader lock ownership: rc=VINF_SUCCESS '\Device\HarddiskVolume4\Windows\System32\user32.dll'.
2638.19f4: supR3HardenedWinVerifyCacheProcessWvtTodos: 0 (was 0) fWinVerifyTrust=0 for '\Device\HarddiskVolume4\Windows\System32\user32.dll' [rescheduled]
2638.19f4: Detected loader lock ownership: rc=VINF_SUCCESS '\Device\HarddiskVolume4\Windows\System32\combase.dll'.
2638.19f4: supR3HardenedWinVerifyCacheProcessWvtTodos: 0 (was 0) fWinVerifyTrust=0 for '\Device\HarddiskVolume4\Windows\System32\combase.dll' [rescheduled]
2638.19f4: Detected loader lock ownership: rc=VINF_SUCCESS '\Device\HarddiskVolume4\Windows\System32\vcruntime140_1.dll'.
2638.19f4: supR3HardenedWinVerifyCacheProcessWvtTodos: 0 (was 0) fWinVerifyTrust=0 for '\Device\HarddiskVolume4\Windows\System32\vcruntime140_1.dll' [rescheduled]
2638.19f4: Detected loader lock ownership: rc=VINF_SUCCESS '\Device\HarddiskVolume4\Windows\System32\ole32.dll'.
2638.19f4: supR3HardenedWinVerifyCacheProcessWvtTodos: 0 (was 0) fWinVerifyTrust=0 for '\Device\HarddiskVolume4\Windows\System32\ole32.dll' [rescheduled]
2638.19f4: Detected loader lock ownership: rc=VINF_SUCCESS '\Device\HarddiskVolume4\Windows\System32\oleaut32.dll'.
2638.19f4: supR3HardenedWinVerifyCacheProcessWvtTodos: 0 (was 0) fWinVerifyTrust=0 for '\Device\HarddiskVolume4\Windows\System32\oleaut32.dll' [rescheduled]
2638.19f4: Detected loader lock ownership: rc=VINF_SUCCESS '\Device\HarddiskVolume4\Windows\System32\imm32.dll'.
2638.19f4: supR3HardenedWinVerifyCacheProcessWvtTodos: 0 (was 0) fWinVerifyTrust=0 for '\Device\HarddiskVolume4\Windows\System32\imm32.dll' [rescheduled]
2638.19f4: Detected loader lock ownership: rc=VINF_SUCCESS '\Device\HarddiskVolume4\Windows\System32\gdi32full.dll'.
2638.19f4: supR3HardenedWinVerifyCacheProcessWvtTodos: 0 (was 0) fWinVerifyTrust=0 for '\Device\HarddiskVolume4\Windows\System32\gdi32full.dll' [rescheduled]
2638.19f4: Detected loader lock ownership: rc=VINF_SUCCESS '\Device\HarddiskVolume4\Windows\System32\win32u.dll'.
2638.19f4: supR3HardenedWinVerifyCacheProcessWvtTodos: 0 (was 0) fWinVerifyTrust=0 for '\Device\HarddiskVolume4\Windows\System32\win32u.dll' [rescheduled]
2638.19f4: Detected loader lock ownership: rc=VINF_SUCCESS '\Device\HarddiskVolume4\Windows\System32\msvcp_win.dll'.
2638.19f4: supR3HardenedWinVerifyCacheProcessWvtTodos: 0 (was 0) fWinVerifyTrust=0 for '\Device\HarddiskVolume4\Windows\System32\msvcp_win.dll' [rescheduled]
2638.19f4: Detected loader lock ownership: rc=VINF_SUCCESS '\Device\HarddiskVolume4\Windows\System32\gdi32.dll'.
2638.19f4: supR3HardenedWinVerifyCacheProcessWvtTodos: 0 (was 0) fWinVerifyTrust=0 for '\Device\HarddiskVolume4\Windows\System32\gdi32.dll' [rescheduled]
2638.19f4: Detected loader lock ownership: rc=VINF_SUCCESS '\Device\HarddiskVolume4\Windows\System32\user32.dll'.
2638.19f4: supR3HardenedWinVerifyCacheProcessWvtTodos: 0 (was 0) fWinVerifyTrust=0 for '\Device\HarddiskVolume4\Windows\System32\user32.dll' [rescheduled]
2638.19f4: Detected loader lock ownership: rc=VINF_SUCCESS '\Device\HarddiskVolume4\Windows\System32\combase.dll'.
2638.19f4: supR3HardenedWinVerifyCacheProcessWvtTodos: 0 (was 0) fWinVerifyTrust=0 for '\Device\HarddiskVolume4\Windows\System32\combase.dll' [rescheduled]
2638.19f4: Detected loader lock ownership: rc=VINF_SUCCESS '\Device\HarddiskVolume4\Windows\System32\vcruntime140_1.dll'.
2638.19f4: supR3HardenedWinVerifyCacheProcessWvtTodos: 0 (was 0) fWinVerifyTrust=0 for '\Device\HarddiskVolume4\Windows\System32\vcruntime140_1.dll' [rescheduled]
2638.19f4: Detected loader lock ownership: rc=VINF_SUCCESS '\Device\HarddiskVolume4\Windows\System32\ole32.dll'.
2638.19f4: supR3HardenedWinVerifyCacheProcessWvtTodos: 0 (was 0) fWinVerifyTrust=0 for '\Device\HarddiskVolume4\Windows\System32\ole32.dll' [rescheduled]
2638.19f4: supR3HardenedMonitor_LdrLoadDll: returns rcNt=0x0 hMod=00007ffd366e0000 'C:\Program Files\Oracle\VirtualBox\VBoxRT.dll'
2638.19f4: Detected loader lock ownership: rc=VINF_SUCCESS '\Device\HarddiskVolume4\Windows\System32\oleaut32.dll'.
2638.19f4: supR3HardenedWinVerifyCacheProcessWvtTodos: 0 (was 0) fWinVerifyTrust=0 for '\Device\HarddiskVolume4\Windows\System32\oleaut32.dll' [rescheduled]
2638.19f4: Detected loader lock ownership: rc=VINF_SUCCESS '\Device\HarddiskVolume4\Windows\System32\imm32.dll'.
2638.19f4: supR3HardenedWinVerifyCacheProcessWvtTodos: 0 (was 0) fWinVerifyTrust=0 for '\Device\HarddiskVolume4\Windows\System32\imm32.dll' [rescheduled]
2638.19f4: Detected loader lock ownership: rc=VINF_SUCCESS '\Device\HarddiskVolume4\Windows\System32\gdi32full.dll'.
2638.19f4: supR3HardenedWinVerifyCacheProcessWvtTodos: 0 (was 0) fWinVerifyTrust=0 for '\Device\HarddiskVolume4\Windows\System32\gdi32full.dll' [rescheduled]
2638.19f4: Detected loader lock ownership: rc=VINF_SUCCESS '\Device\HarddiskVolume4\Windows\System32\win32u.dll'.
2638.19f4: supR3HardenedWinVerifyCacheProcessWvtTodos: 0 (was 0) fWinVerifyTrust=0 for '\Device\HarddiskVolume4\Windows\System32\win32u.dll' [rescheduled]
2638.19f4: Detected loader lock ownership: rc=VINF_SUCCESS '\Device\HarddiskVolume4\Windows\System32\msvcp_win.dll'.
2638.19f4: supR3HardenedWinVerifyCacheProcessWvtTodos: 0 (was 0) fWinVerifyTrust=0 for '\Device\HarddiskVolume4\Windows\System32\msvcp_win.dll' [rescheduled]
2638.19f4: Detected loader lock ownership: rc=VINF_SUCCESS '\Device\HarddiskVolume4\Windows\System32\gdi32.dll'.
2638.19f4: supR3HardenedWinVerifyCacheProcessWvtTodos: 0 (was 0) fWinVerifyTrust=0 for '\Device\HarddiskVolume4\Windows\System32\gdi32.dll' [rescheduled]
2638.19f4: Detected loader lock ownership: rc=VINF_SUCCESS '\Device\HarddiskVolume4\Windows\System32\user32.dll'.
2638.19f4: supR3HardenedWinVerifyCacheProcessWvtTodos: 0 (was 0) fWinVerifyTrust=0 for '\Device\HarddiskVolume4\Windows\System32\user32.dll' [rescheduled]
2638.19f4: Detected loader lock ownership: rc=VINF_SUCCESS '\Device\HarddiskVolume4\Windows\System32\combase.dll'.
2638.19f4: supR3HardenedWinVerifyCacheProcessWvtTodos: 0 (was 0) fWinVerifyTrust=0 for '\Device\HarddiskVolume4\Windows\System32\combase.dll' [rescheduled]
2638.19f4: Detected loader lock ownership: rc=VINF_SUCCESS '\Device\HarddiskVolume4\Windows\System32\vcruntime140_1.dll'.
2638.19f4: supR3HardenedWinVerifyCacheProcessWvtTodos: 0 (was 0) fWinVerifyTrust=0 for '\Device\HarddiskVolume4\Windows\System32\vcruntime140_1.dll' [rescheduled]
2638.19f4: Detected loader lock ownership: rc=VINF_SUCCESS '\Device\HarddiskVolume4\Windows\System32\ole32.dll'.
2638.19f4: supR3HardenedWinVerifyCacheProcessWvtTodos: 0 (was 0) fWinVerifyTrust=0 for '\Device\HarddiskVolume4\Windows\System32\ole32.dll' [rescheduled]
2638.19f4: Detected loader lock ownership: rc=VINF_SUCCESS '\Device\HarddiskVolume4\Windows\System32\oleaut32.dll'.
2638.19f4: supR3HardenedWinVerifyCacheProcessWvtTodos: 0 (was 0) fWinVerifyTrust=0 for '\Device\HarddiskVolume4\Windows\System32\oleaut32.dll' [rescheduled]
2638.19f4: Detected loader lock ownership: rc=VINF_SUCCESS '\Device\HarddiskVolume4\Windows\System32\imm32.dll'.
2638.19f4: supR3HardenedWinVerifyCacheProcessWvtTodos: 0 (was 0) fWinVerifyTrust=0 for '\Device\HarddiskVolume4\Windows\System32\imm32.dll' [rescheduled]
2638.19f4: Detected loader lock ownership: rc=VINF_SUCCESS '\Device\HarddiskVolume4\Windows\System32\gdi32full.dll'.
2638.19f4: supR3HardenedWinVerifyCacheProcessWvtTodos: 0 (was 0) fWinVerifyTrust=0 for '\Device\HarddiskVolume4\Windows\System32\gdi32full.dll' [rescheduled]
2638.19f4: Detected loader lock ownership: rc=VINF_SUCCESS '\Device\HarddiskVolume4\Windows\System32\win32u.dll'.
2638.19f4: supR3HardenedWinVerifyCacheProcessWvtTodos: 0 (was 0) fWinVerifyTrust=0 for '\Device\HarddiskVolume4\Windows\System32\win32u.dll' [rescheduled]
2638.19f4: Detected loader lock ownership: rc=VINF_SUCCESS '\Device\HarddiskVolume4\Windows\System32\msvcp_win.dll'.
2638.19f4: supR3HardenedWinVerifyCacheProcessWvtTodos: 0 (was 0) fWinVerifyTrust=0 for '\Device\HarddiskVolume4\Windows\System32\msvcp_win.dll' [rescheduled]
2638.19f4: Detected loader lock ownership: rc=VINF_SUCCESS '\Device\HarddiskVolume4\Windows\System32\gdi32.dll'.
2638.19f4: supR3HardenedWinVerifyCacheProcessWvtTodos: 0 (was 0) fWinVerifyTrust=0 for '\Device\HarddiskVolume4\Windows\System32\gdi32.dll' [rescheduled]
2638.19f4: Detected loader lock ownership: rc=VINF_SUCCESS '\Device\HarddiskVolume4\Windows\System32\user32.dll'.
2638.19f4: supR3HardenedWinVerifyCacheProcessWvtTodos: 0 (was 0) fWinVerifyTrust=0 for '\Device\HarddiskVolume4\Windows\System32\user32.dll' [rescheduled]
2638.19f4: Detected loader lock ownership: rc=VINF_SUCCESS '\Device\HarddiskVolume4\Windows\System32\combase.dll'.
2638.19f4: supR3HardenedWinVerifyCacheProcessWvtTodos: 0 (was 0) fWinVerifyTrust=0 for '\Device\HarddiskVolume4\Windows\System32\combase.dll' [rescheduled]
2638.19f4: Detected loader lock ownership: rc=VINF_SUCCESS '\Device\HarddiskVolume4\Windows\System32\vcruntime140_1.dll'.
2638.19f4: supR3HardenedWinVerifyCacheProcessWvtTodos: 0 (was 0) fWinVerifyTrust=0 for '\Device\HarddiskVolume4\Windows\System32\vcruntime140_1.dll' [rescheduled]
2638.19f4: Detected loader lock ownership: rc=VINF_SUCCESS '\Device\HarddiskVolume4\Windows\System32\ole32.dll'.
2638.19f4: supR3HardenedWinVerifyCacheProcessWvtTodos: 0 (was 0) fWinVerifyTrust=0 for '\Device\HarddiskVolume4\Windows\System32\ole32.dll' [rescheduled]
2638.19f4: supR3HardenedMonitor_LdrLoadDll: returns rcNt=0x0 hMod=00007ffd366e0000 'C:\Program Files\Oracle\VirtualBox\VBoxRT.dll'
2638.19f4: Detected loader lock ownership: rc=VINF_SUCCESS '\Device\HarddiskVolume4\Windows\System32\oleaut32.dll'.
2638.19f4: supR3HardenedWinVerifyCacheProcessWvtTodos: 0 (was 0) fWinVerifyTrust=0 for '\Device\HarddiskVolume4\Windows\System32\oleaut32.dll' [rescheduled]
2638.19f4: Detected loader lock ownership: rc=VINF_SUCCESS '\Device\HarddiskVolume4\Windows\System32\imm32.dll'.
2638.19f4: supR3HardenedWinVerifyCacheProcessWvtTodos: 0 (was 0) fWinVerifyTrust=0 for '\Device\HarddiskVolume4\Windows\System32\imm32.dll' [rescheduled]
2638.19f4: Detected loader lock ownership: rc=VINF_SUCCESS '\Device\HarddiskVolume4\Windows\System32\gdi32full.dll'.
2638.19f4: supR3HardenedWinVerifyCacheProcessWvtTodos: 0 (was 0) fWinVerifyTrust=0 for '\Device\HarddiskVolume4\Windows\System32\gdi32full.dll' [rescheduled]
2638.19f4: Detected loader lock ownership: rc=VINF_SUCCESS '\Device\HarddiskVolume4\Windows\System32\win32u.dll'.
2638.19f4: supR3HardenedWinVerifyCacheProcessWvtTodos: 0 (was 0) fWinVerifyTrust=0 for '\Device\HarddiskVolume4\Windows\System32\win32u.dll' [rescheduled]
2638.19f4: Detected loader lock ownership: rc=VINF_SUCCESS '\Device\HarddiskVolume4\Windows\System32\msvcp_win.dll'.
2638.19f4: supR3HardenedWinVerifyCacheProcessWvtTodos: 0 (was 0) fWinVerifyTrust=0 for '\Device\HarddiskVolume4\Windows\System32\msvcp_win.dll' [rescheduled]
2638.19f4: Detected loader lock ownership: rc=VINF_SUCCESS '\Device\HarddiskVolume4\Windows\System32\gdi32.dll'.
2638.19f4: supR3HardenedWinVerifyCacheProcessWvtTodos: 0 (was 0) fWinVerifyTrust=0 for '\Device\HarddiskVolume4\Windows\System32\gdi32.dll' [rescheduled]
2638.19f4: Detected loader lock ownership: rc=VINF_SUCCESS '\Device\HarddiskVolume4\Windows\System32\user32.dll'.
2638.19f4: supR3HardenedWinVerifyCacheProcessWvtTodos: 0 (was 0) fWinVerifyTrust=0 for '\Device\HarddiskVolume4\Windows\System32\user32.dll' [rescheduled]
2638.19f4: Detected loader lock ownership: rc=VINF_SUCCESS '\Device\HarddiskVolume4\Windows\System32\combase.dll'.
2638.19f4: supR3HardenedWinVerifyCacheProcessWvtTodos: 0 (was 0) fWinVerifyTrust=0 for '\Device\HarddiskVolume4\Windows\System32\combase.dll' [rescheduled]
2638.19f4: Detected loader lock ownership: rc=VINF_SUCCESS '\Device\HarddiskVolume4\Windows\System32\vcruntime140_1.dll'.
2638.19f4: supR3HardenedWinVerifyCacheProcessWvtTodos: 0 (was 0) fWinVerifyTrust=0 for '\Device\HarddiskVolume4\Windows\System32\vcruntime140_1.dll' [rescheduled]
2638.19f4: Detected loader lock ownership: rc=VINF_SUCCESS '\Device\HarddiskVolume4\Windows\System32\ole32.dll'.
2638.19f4: supR3HardenedWinVerifyCacheProcessWvtTodos: 0 (was 0) fWinVerifyTrust=0 for '\Device\HarddiskVolume4\Windows\System32\ole32.dll' [rescheduled]
2638.19f4: Detected loader lock ownership: rc=VINF_SUCCESS '\Device\HarddiskVolume4\Windows\System32\oleaut32.dll'.
2638.19f4: supR3HardenedWinVerifyCacheProcessWvtTodos: 0 (was 0) fWinVerifyTrust=0 for '\Device\HarddiskVolume4\Windows\System32\oleaut32.dll' [rescheduled]
2638.19f4: Detected loader lock ownership: rc=VINF_SUCCESS '\Device\HarddiskVolume4\Windows\System32\imm32.dll'.
2638.19f4: supR3HardenedWinVerifyCacheProcessWvtTodos: 0 (was 0) fWinVerifyTrust=0 for '\Device\HarddiskVolume4\Windows\System32\imm32.dll' [rescheduled]
2638.19f4: Detected loader lock ownership: rc=VINF_SUCCESS '\Device\HarddiskVolume4\Windows\System32\gdi32full.dll'.
2638.19f4: supR3HardenedWinVerifyCacheProcessWvtTodos: 0 (was 0) fWinVerifyTrust=0 for '\Device\HarddiskVolume4\Windows\System32\gdi32full.dll' [rescheduled]
2638.19f4: Detected loader lock ownership: rc=VINF_SUCCESS '\Device\HarddiskVolume4\Windows\System32\win32u.dll'.
2638.19f4: supR3HardenedWinVerifyCacheProcessWvtTodos: 0 (was 0) fWinVerifyTrust=0 for '\Device\HarddiskVolume4\Windows\System32\win32u.dll' [rescheduled]
2638.19f4: Detected loader lock ownership: rc=VINF_SUCCESS '\Device\HarddiskVolume4\Windows\System32\msvcp_win.dll'.
2638.19f4: supR3HardenedWinVerifyCacheProcessWvtTodos: 0 (was 0) fWinVerifyTrust=0 for '\Device\HarddiskVolume4\Windows\System32\msvcp_win.dll' [rescheduled]
2638.19f4: Detected loader lock ownership: rc=VINF_SUCCESS '\Device\HarddiskVolume4\Windows\System32\gdi32.dll'.
2638.19f4: supR3HardenedWinVerifyCacheProcessWvtTodos: 0 (was 0) fWinVerifyTrust=0 for '\Device\HarddiskVolume4\Windows\System32\gdi32.dll' [rescheduled]
2638.19f4: Detected loader lock ownership: rc=VINF_SUCCESS '\Device\HarddiskVolume4\Windows\System32\user32.dll'.
2638.19f4: supR3HardenedWinVerifyCacheProcessWvtTodos: 0 (was 0) fWinVerifyTrust=0 for '\Device\HarddiskVolume4\Windows\System32\user32.dll' [rescheduled]
2638.19f4: Detected loader lock ownership: rc=VINF_SUCCESS '\Device\HarddiskVolume4\Windows\System32\combase.dll'.
2638.19f4: supR3HardenedWinVerifyCacheProcessWvtTodos: 0 (was 0) fWinVerifyTrust=0 for '\Device\HarddiskVolume4\Windows\System32\combase.dll' [rescheduled]
2638.19f4: Detected loader lock ownership: rc=VINF_SUCCESS '\Device\HarddiskVolume4\Windows\System32\vcruntime140_1.dll'.
2638.19f4: supR3HardenedWinVerifyCacheProcessWvtTodos: 0 (was 0) fWinVerifyTrust=0 for '\Device\HarddiskVolume4\Windows\System32\vcruntime140_1.dll' [rescheduled]
2638.19f4: Detected loader lock ownership: rc=VINF_SUCCESS '\Device\HarddiskVolume4\Windows\System32\ole32.dll'.
2638.19f4: supR3HardenedWinVerifyCacheProcessWvtTodos: 0 (was 0) fWinVerifyTrust=0 for '\Device\HarddiskVolume4\Windows\System32\ole32.dll' [rescheduled]
2638.19f4: supR3HardenedMonitor_LdrLoadDll: returns rcNt=0x0 hMod=00007ffd366e0000 'C:\Program Files\Oracle\VirtualBox\VBoxRT.dll'
2638.19f4: Detected loader lock ownership: rc=VINF_SUCCESS '\Device\HarddiskVolume4\Windows\System32\oleaut32.dll'.
2638.19f4: supR3HardenedWinVerifyCacheProcessWvtTodos: 0 (was 0) fWinVerifyTrust=0 for '\Device\HarddiskVolume4\Windows\System32\oleaut32.dll' [rescheduled]
2638.19f4: Detected loader lock ownership: rc=VINF_SUCCESS '\Device\HarddiskVolume4\Windows\System32\imm32.dll'.
2638.19f4: supR3HardenedWinVerifyCacheProcessWvtTodos: 0 (was 0) fWinVerifyTrust=0 for '\Device\HarddiskVolume4\Windows\System32\imm32.dll' [rescheduled]
2638.19f4: Detected loader lock ownership: rc=VINF_SUCCESS '\Device\HarddiskVolume4\Windows\System32\gdi32full.dll'.
2638.19f4: supR3HardenedWinVerifyCacheProcessWvtTodos: 0 (was 0) fWinVerifyTrust=0 for '\Device\HarddiskVolume4\Windows\System32\gdi32full.dll' [rescheduled]
2638.19f4: Detected loader lock ownership: rc=VINF_SUCCESS '\Device\HarddiskVolume4\Windows\System32\win32u.dll'.
2638.19f4: supR3HardenedWinVerifyCacheProcessWvtTodos: 0 (was 0) fWinVerifyTrust=0 for '\Device\HarddiskVolume4\Windows\System32\win32u.dll' [rescheduled]
2638.19f4: Detected loader lock ownership: rc=VINF_SUCCESS '\Device\HarddiskVolume4\Windows\System32\msvcp_win.dll'.
2638.19f4: supR3HardenedWinVerifyCacheProcessWvtTodos: 0 (was 0) fWinVerifyTrust=0 for '\Device\HarddiskVolume4\Windows\System32\msvcp_win.dll' [rescheduled]
2638.19f4: Detected loader lock ownership: rc=VINF_SUCCESS '\Device\HarddiskVolume4\Windows\System32\gdi32.dll'.
2638.19f4: supR3HardenedWinVerifyCacheProcessWvtTodos: 0 (was 0) fWinVerifyTrust=0 for '\Device\HarddiskVolume4\Windows\System32\gdi32.dll' [rescheduled]
2638.19f4: Detected loader lock ownership: rc=VINF_SUCCESS '\Device\HarddiskVolume4\Windows\System32\user32.dll'.
2638.19f4: supR3HardenedWinVerifyCacheProcessWvtTodos: 0 (was 0) fWinVerifyTrust=0 for '\Device\HarddiskVolume4\Windows\System32\user32.dll' [rescheduled]
2638.19f4: Detected loader lock ownership: rc=VINF_SUCCESS '\Device\HarddiskVolume4\Windows\System32\combase.dll'.
2638.19f4: supR3HardenedWinVerifyCacheProcessWvtTodos: 0 (was 0) fWinVerifyTrust=0 for '\Device\HarddiskVolume4\Windows\System32\combase.dll' [rescheduled]
2638.19f4: Detected loader lock ownership: rc=VINF_SUCCESS '\Device\HarddiskVolume4\Windows\System32\vcruntime140_1.dll'.
2638.19f4: supR3HardenedWinVerifyCacheProcessWvtTodos: 0 (was 0) fWinVerifyTrust=0 for '\Device\HarddiskVolume4\Windows\System32\vcruntime140_1.dll' [rescheduled]
2638.19f4: Detected loader lock ownership: rc=VINF_SUCCESS '\Device\HarddiskVolume4\Windows\System32\ole32.dll'.
2638.19f4: supR3HardenedWinVerifyCacheProcessWvtTodos: 0 (was 0) fWinVerifyTrust=0 for '\Device\HarddiskVolume4\Windows\System32\ole32.dll' [rescheduled]
2638.19f4: Detected loader lock ownership: rc=VINF_SUCCESS '\Device\HarddiskVolume4\Windows\System32\oleaut32.dll'.
2638.19f4: supR3HardenedWinVerifyCacheProcessWvtTodos: 0 (was 0) fWinVerifyTrust=0 for '\Device\HarddiskVolume4\Windows\System32\oleaut32.dll' [rescheduled]
2638.19f4: Detected loader lock ownership: rc=VINF_SUCCESS '\Device\HarddiskVolume4\Windows\System32\imm32.dll'.
2638.19f4: supR3HardenedWinVerifyCacheProcessWvtTodos: 0 (was 0) fWinVerifyTrust=0 for '\Device\HarddiskVolume4\Windows\System32\imm32.dll' [rescheduled]
2638.19f4: Detected loader lock ownership: rc=VINF_SUCCESS '\Device\HarddiskVolume4\Windows\System32\gdi32full.dll'.
2638.19f4: supR3HardenedWinVerifyCacheProcessWvtTodos: 0 (was 0) fWinVerifyTrust=0 for '\Device\HarddiskVolume4\Windows\System32\gdi32full.dll' [rescheduled]
2638.19f4: Detected loader lock ownership: rc=VINF_SUCCESS '\Device\HarddiskVolume4\Windows\System32\win32u.dll'.
2638.19f4: supR3HardenedWinVerifyCacheProcessWvtTodos: 0 (was 0) fWinVerifyTrust=0 for '\Device\HarddiskVolume4\Windows\System32\win32u.dll' [rescheduled]
2638.19f4: Detected loader lock ownership: rc=VINF_SUCCESS '\Device\HarddiskVolume4\Windows\System32\msvcp_win.dll'.
2638.19f4: supR3HardenedWinVerifyCacheProcessWvtTodos: 0 (was 0) fWinVerifyTrust=0 for '\Device\HarddiskVolume4\Windows\System32\msvcp_win.dll' [rescheduled]
2638.19f4: Detected loader lock ownership: rc=VINF_SUCCESS '\Device\HarddiskVolume4\Windows\System32\gdi32.dll'.
2638.19f4: supR3HardenedWinVerifyCacheProcessWvtTodos: 0 (was 0) fWinVerifyTrust=0 for '\Device\HarddiskVolume4\Windows\System32\gdi32.dll' [rescheduled]
2638.19f4: Detected loader lock ownership: rc=VINF_SUCCESS '\Device\HarddiskVolume4\Windows\System32\user32.dll'.
2638.19f4: supR3HardenedWinVerifyCacheProcessWvtTodos: 0 (was 0) fWinVerifyTrust=0 for '\Device\HarddiskVolume4\Windows\System32\user32.dll' [rescheduled]
2638.19f4: Detected loader lock ownership: rc=VINF_SUCCESS '\Device\HarddiskVolume4\Windows\System32\combase.dll'.
2638.19f4: supR3HardenedWinVerifyCacheProcessWvtTodos: 0 (was 0) fWinVerifyTrust=0 for '\Device\HarddiskVolume4\Windows\System32\combase.dll' [rescheduled]
2638.19f4: Detected loader lock ownership: rc=VINF_SUCCESS '\Device\HarddiskVolume4\Windows\System32\vcruntime140_1.dll'.
2638.19f4: supR3HardenedWinVerifyCacheProcessWvtTodos: 0 (was 0) fWinVerifyTrust=0 for '\Device\HarddiskVolume4\Windows\System32\vcruntime140_1.dll' [rescheduled]
2638.19f4: Detected loader lock ownership: rc=VINF_SUCCESS '\Device\HarddiskVolume4\Windows\System32\ole32.dll'.
2638.19f4: supR3HardenedWinVerifyCacheProcessWvtTodos: 0 (was 0) fWinVerifyTrust=0 for '\Device\HarddiskVolume4\Windows\System32\ole32.dll' [rescheduled]
2638.19f4: supR3HardenedMonitor_LdrLoadDll: returns rcNt=0x0 hMod=00007ffd366e0000 'C:\Program Files\Oracle\VirtualBox\VBoxRT.dll'
2638.19f4: Detected loader lock ownership: rc=VINF_SUCCESS '\Device\HarddiskVolume4\Windows\System32\oleaut32.dll'.
2638.19f4: supR3HardenedWinVerifyCacheProcessWvtTodos: 0 (was 0) fWinVerifyTrust=0 for '\Device\HarddiskVolume4\Windows\System32\oleaut32.dll' [rescheduled]
2638.19f4: Detected loader lock ownership: rc=VINF_SUCCESS '\Device\HarddiskVolume4\Windows\System32\imm32.dll'.
2638.19f4: supR3HardenedWinVerifyCacheProcessWvtTodos: 0 (was 0) fWinVerifyTrust=0 for '\Device\HarddiskVolume4\Windows\System32\imm32.dll' [rescheduled]
2638.19f4: Detected loader lock ownership: rc=VINF_SUCCESS '\Device\HarddiskVolume4\Windows\System32\gdi32full.dll'.
2638.19f4: supR3HardenedWinVerifyCacheProcessWvtTodos: 0 (was 0) fWinVerifyTrust=0 for '\Device\HarddiskVolume4\Windows\System32\gdi32full.dll' [rescheduled]
2638.19f4: Detected loader lock ownership: rc=VINF_SUCCESS '\Device\HarddiskVolume4\Windows\System32\win32u.dll'.
2638.19f4: supR3HardenedWinVerifyCacheProcessWvtTodos: 0 (was 0) fWinVerifyTrust=0 for '\Device\HarddiskVolume4\Windows\System32\win32u.dll' [rescheduled]
2638.19f4: Detected loader lock ownership: rc=VINF_SUCCESS '\Device\HarddiskVolume4\Windows\System32\msvcp_win.dll'.
2638.19f4: supR3HardenedWinVerifyCacheProcessWvtTodos: 0 (was 0) fWinVerifyTrust=0 for '\Device\HarddiskVolume4\Windows\System32\msvcp_win.dll' [rescheduled]
2638.19f4: Detected loader lock ownership: rc=VINF_SUCCESS '\Device\HarddiskVolume4\Windows\System32\gdi32.dll'.
2638.19f4: supR3HardenedWinVerifyCacheProcessWvtTodos: 0 (was 0) fWinVerifyTrust=0 for '\Device\HarddiskVolume4\Windows\System32\gdi32.dll' [rescheduled]
2638.19f4: Detected loader lock ownership: rc=VINF_SUCCESS '\Device\HarddiskVolume4\Windows\System32\user32.dll'.
2638.19f4: supR3HardenedWinVerifyCacheProcessWvtTodos: 0 (was 0) fWinVerifyTrust=0 for '\Device\HarddiskVolume4\Windows\System32\user32.dll' [rescheduled]
2638.19f4: Detected loader lock ownership: rc=VINF_SUCCESS '\Device\HarddiskVolume4\Windows\System32\combase.dll'.
2638.19f4: supR3HardenedWinVerifyCacheProcessWvtTodos: 0 (was 0) fWinVerifyTrust=0 for '\Device\HarddiskVolume4\Windows\System32\combase.dll' [rescheduled]
2638.19f4: Detected loader lock ownership: rc=VINF_SUCCESS '\Device\HarddiskVolume4\Windows\System32\vcruntime140_1.dll'.
2638.19f4: supR3HardenedWinVerifyCacheProcessWvtTodos: 0 (was 0) fWinVerifyTrust=0 for '\Device\HarddiskVolume4\Windows\System32\vcruntime140_1.dll' [rescheduled]
2638.19f4: Detected loader lock ownership: rc=VINF_SUCCESS '\Device\HarddiskVolume4\Windows\System32\ole32.dll'.
2638.19f4: supR3HardenedWinVerifyCacheProcessWvtTodos: 0 (was 0) fWinVerifyTrust=0 for '\Device\HarddiskVolume4\Windows\System32\ole32.dll' [rescheduled]
2638.19f4: Detected loader lock ownership: rc=VINF_SUCCESS '\Device\HarddiskVolume4\Windows\System32\oleaut32.dll'.
2638.19f4: supR3HardenedWinVerifyCacheProcessWvtTodos: 0 (was 0) fWinVerifyTrust=0 for '\Device\HarddiskVolume4\Windows\System32\oleaut32.dll' [rescheduled]
2638.19f4: Detected loader lock ownership: rc=VINF_SUCCESS '\Device\HarddiskVolume4\Windows\System32\imm32.dll'.
2638.19f4: supR3HardenedWinVerifyCacheProcessWvtTodos: 0 (was 0) fWinVerifyTrust=0 for '\Device\HarddiskVolume4\Windows\System32\imm32.dll' [rescheduled]
2638.19f4: Detected loader lock ownership: rc=VINF_SUCCESS '\Device\HarddiskVolume4\Windows\System32\gdi32full.dll'.
2638.19f4: supR3HardenedWinVerifyCacheProcessWvtTodos: 0 (was 0) fWinVerifyTrust=0 for '\Device\HarddiskVolume4\Windows\System32\gdi32full.dll' [rescheduled]
2638.19f4: Detected loader lock ownership: rc=VINF_SUCCESS '\Device\HarddiskVolume4\Windows\System32\win32u.dll'.
2638.19f4: supR3HardenedWinVerifyCacheProcessWvtTodos: 0 (was 0) fWinVerifyTrust=0 for '\Device\HarddiskVolume4\Windows\System32\win32u.dll' [rescheduled]
2638.19f4: Detected loader lock ownership: rc=VINF_SUCCESS '\Device\HarddiskVolume4\Windows\System32\msvcp_win.dll'.
2638.19f4: supR3HardenedWinVerifyCacheProcessWvtTodos: 0 (was 0) fWinVerifyTrust=0 for '\Device\HarddiskVolume4\Windows\System32\msvcp_win.dll' [rescheduled]
2638.19f4: Detected loader lock ownership: rc=VINF_SUCCESS '\Device\HarddiskVolume4\Windows\System32\gdi32.dll'.
2638.19f4: supR3HardenedWinVerifyCacheProcessWvtTodos: 0 (was 0) fWinVerifyTrust=0 for '\Device\HarddiskVolume4\Windows\System32\gdi32.dll' [rescheduled]
2638.19f4: Detected loader lock ownership: rc=VINF_SUCCESS '\Device\HarddiskVolume4\Windows\System32\user32.dll'.
2638.19f4: supR3HardenedWinVerifyCacheProcessWvtTodos: 0 (was 0) fWinVerifyTrust=0 for '\Device\HarddiskVolume4\Windows\System32\user32.dll' [rescheduled]
2638.19f4: Detected loader lock ownership: rc=VINF_SUCCESS '\Device\HarddiskVolume4\Windows\System32\combase.dll'.
2638.19f4: supR3HardenedWinVerifyCacheProcessWvtTodos: 0 (was 0) fWinVerifyTrust=0 for '\Device\HarddiskVolume4\Windows\System32\combase.dll' [rescheduled]
2638.19f4: Detected loader lock ownership: rc=VINF_SUCCESS '\Device\HarddiskVolume4\Windows\System32\vcruntime140_1.dll'.
2638.19f4: supR3HardenedWinVerifyCacheProcessWvtTodos: 0 (was 0) fWinVerifyTrust=0 for '\Device\HarddiskVolume4\Windows\System32\vcruntime140_1.dll' [rescheduled]
2638.19f4: Detected loader lock ownership: rc=VINF_SUCCESS '\Device\HarddiskVolume4\Windows\System32\ole32.dll'.
2638.19f4: supR3HardenedWinVerifyCacheProcessWvtTodos: 0 (was 0) fWinVerifyTrust=0 for '\Device\HarddiskVolume4\Windows\System32\ole32.dll' [rescheduled]
2638.19f4: supR3HardenedMonitor_LdrLoadDll: returns rcNt=0x0 hMod=00007ffd366e0000 'C:\Program Files\Oracle\VirtualBox\VBoxRT.dll'
2638.19f4: Detected loader lock ownership: rc=VINF_SUCCESS '\Device\HarddiskVolume4\Windows\System32\oleaut32.dll'.
2638.19f4: supR3HardenedWinVerifyCacheProcessWvtTodos: 0 (was 0) fWinVerifyTrust=0 for '\Device\HarddiskVolume4\Windows\System32\oleaut32.dll' [rescheduled]
2638.19f4: Detected loader lock ownership: rc=VINF_SUCCESS '\Device\HarddiskVolume4\Windows\System32\imm32.dll'.
2638.19f4: supR3HardenedWinVerifyCacheProcessWvtTodos: 0 (was 0) fWinVerifyTrust=0 for '\Device\HarddiskVolume4\Windows\System32\imm32.dll' [rescheduled]
2638.19f4: Detected loader lock ownership: rc=VINF_SUCCESS '\Device\HarddiskVolume4\Windows\System32\gdi32full.dll'.
2638.19f4: supR3HardenedWinVerifyCacheProcessWvtTodos: 0 (was 0) fWinVerifyTrust=0 for '\Device\HarddiskVolume4\Windows\System32\gdi32full.dll' [rescheduled]
2638.19f4: Detected loader lock ownership: rc=VINF_SUCCESS '\Device\HarddiskVolume4\Windows\System32\win32u.dll'.
2638.19f4: supR3HardenedWinVerifyCacheProcessWvtTodos: 0 (was 0) fWinVerifyTrust=0 for '\Device\HarddiskVolume4\Windows\System32\win32u.dll' [rescheduled]
2638.19f4: Detected loader lock ownership: rc=VINF_SUCCESS '\Device\HarddiskVolume4\Windows\System32\msvcp_win.dll'.
2638.19f4: supR3HardenedWinVerifyCacheProcessWvtTodos: 0 (was 0) fWinVerifyTrust=0 for '\Device\HarddiskVolume4\Windows\System32\msvcp_win.dll' [rescheduled]
2638.19f4: Detected loader lock ownership: rc=VINF_SUCCESS '\Device\HarddiskVolume4\Windows\System32\gdi32.dll'.
2638.19f4: supR3HardenedWinVerifyCacheProcessWvtTodos: 0 (was 0) fWinVerifyTrust=0 for '\Device\HarddiskVolume4\Windows\System32\gdi32.dll' [rescheduled]
2638.19f4: Detected loader lock ownership: rc=VINF_SUCCESS '\Device\HarddiskVolume4\Windows\System32\user32.dll'.
2638.19f4: supR3HardenedWinVerifyCacheProcessWvtTodos: 0 (was 0) fWinVerifyTrust=0 for '\Device\HarddiskVolume4\Windows\System32\user32.dll' [rescheduled]
2638.19f4: Detected loader lock ownership: rc=VINF_SUCCESS '\Device\HarddiskVolume4\Windows\System32\combase.dll'.
2638.19f4: supR3HardenedWinVerifyCacheProcessWvtTodos: 0 (was 0) fWinVerifyTrust=0 for '\Device\HarddiskVolume4\Windows\System32\combase.dll' [rescheduled]
2638.19f4: Detected loader lock ownership: rc=VINF_SUCCESS '\Device\HarddiskVolume4\Windows\System32\vcruntime140_1.dll'.
2638.19f4: supR3HardenedWinVerifyCacheProcessWvtTodos: 0 (was 0) fWinVerifyTrust=0 for '\Device\HarddiskVolume4\Windows\System32\vcruntime140_1.dll' [rescheduled]
2638.19f4: Detected loader lock ownership: rc=VINF_SUCCESS '\Device\HarddiskVolume4\Windows\System32\ole32.dll'.
2638.19f4: supR3HardenedWinVerifyCacheProcessWvtTodos: 0 (was 0) fWinVerifyTrust=0 for '\Device\HarddiskVolume4\Windows\System32\ole32.dll' [rescheduled]
2638.19f4: Detected loader lock ownership: rc=VINF_SUCCESS '\Device\HarddiskVolume4\Windows\System32\oleaut32.dll'.
2638.19f4: supR3HardenedWinVerifyCacheProcessWvtTodos: 0 (was 0) fWinVerifyTrust=0 for '\Device\HarddiskVolume4\Windows\System32\oleaut32.dll' [rescheduled]
2638.19f4: Detected loader lock ownership: rc=VINF_SUCCESS '\Device\HarddiskVolume4\Windows\System32\imm32.dll'.
2638.19f4: supR3HardenedWinVerifyCacheProcessWvtTodos: 0 (was 0) fWinVerifyTrust=0 for '\Device\HarddiskVolume4\Windows\System32\imm32.dll' [rescheduled]
2638.19f4: Detected loader lock ownership: rc=VINF_SUCCESS '\Device\HarddiskVolume4\Windows\System32\gdi32full.dll'.
2638.19f4: supR3HardenedWinVerifyCacheProcessWvtTodos: 0 (was 0) fWinVerifyTrust=0 for '\Device\HarddiskVolume4\Windows\System32\gdi32full.dll' [rescheduled]
2638.19f4: Detected loader lock ownership: rc=VINF_SUCCESS '\Device\HarddiskVolume4\Windows\System32\win32u.dll'.
2638.19f4: supR3HardenedWinVerifyCacheProcessWvtTodos: 0 (was 0) fWinVerifyTrust=0 for '\Device\HarddiskVolume4\Windows\System32\win32u.dll' [rescheduled]
2638.19f4: Detected loader lock ownership: rc=VINF_SUCCESS '\Device\HarddiskVolume4\Windows\System32\msvcp_win.dll'.
2638.19f4: supR3HardenedWinVerifyCacheProcessWvtTodos: 0 (was 0) fWinVerifyTrust=0 for '\Device\HarddiskVolume4\Windows\System32\msvcp_win.dll' [rescheduled]
2638.19f4: Detected loader lock ownership: rc=VINF_SUCCESS '\Device\HarddiskVolume4\Windows\System32\gdi32.dll'.
2638.19f4: supR3HardenedWinVerifyCacheProcessWvtTodos: 0 (was 0) fWinVerifyTrust=0 for '\Device\HarddiskVolume4\Windows\System32\gdi32.dll' [rescheduled]
2638.19f4: Detected loader lock ownership: rc=VINF_SUCCESS '\Device\HarddiskVolume4\Windows\System32\user32.dll'.
2638.19f4: supR3HardenedWinVerifyCacheProcessWvtTodos: 0 (was 0) fWinVerifyTrust=0 for '\Device\HarddiskVolume4\Windows\System32\user32.dll' [rescheduled]
2638.19f4: Detected loader lock ownership: rc=VINF_SUCCESS '\Device\HarddiskVolume4\Windows\System32\combase.dll'.
2638.19f4: supR3HardenedWinVerifyCacheProcessWvtTodos: 0 (was 0) fWinVerifyTrust=0 for '\Device\HarddiskVolume4\Windows\System32\combase.dll' [rescheduled]
2638.19f4: Detected loader lock ownership: rc=VINF_SUCCESS '\Device\HarddiskVolume4\Windows\System32\vcruntime140_1.dll'.
2638.19f4: supR3HardenedWinVerifyCacheProcessWvtTodos: 0 (was 0) fWinVerifyTrust=0 for '\Device\HarddiskVolume4\Windows\System32\vcruntime140_1.dll' [rescheduled]
2638.19f4: Detected loader lock ownership: rc=VINF_SUCCESS '\Device\HarddiskVolume4\Windows\System32\ole32.dll'.
2638.19f4: supR3HardenedWinVerifyCacheProcessWvtTodos: 0 (was 0) fWinVerifyTrust=0 for '\Device\HarddiskVolume4\Windows\System32\ole32.dll' [rescheduled]
2638.19f4: supR3HardenedMonitor_LdrLoadDll: returns rcNt=0x0 hMod=00007ffd366e0000 'C:\Program Files\Oracle\VirtualBox\VBoxRT.dll'
2638.19f4: Detected loader lock ownership: rc=VINF_SUCCESS '\Device\HarddiskVolume4\Windows\System32\oleaut32.dll'.
2638.19f4: supR3HardenedWinVerifyCacheProcessWvtTodos: 0 (was 0) fWinVerifyTrust=0 for '\Device\HarddiskVolume4\Windows\System32\oleaut32.dll' [rescheduled]
2638.19f4: Detected loader lock ownership: rc=VINF_SUCCESS '\Device\HarddiskVolume4\Windows\System32\imm32.dll'.
2638.19f4: supR3HardenedWinVerifyCacheProcessWvtTodos: 0 (was 0) fWinVerifyTrust=0 for '\Device\HarddiskVolume4\Windows\System32\imm32.dll' [rescheduled]
2638.19f4: Detected loader lock ownership: rc=VINF_SUCCESS '\Device\HarddiskVolume4\Windows\System32\gdi32full.dll'.
2638.19f4: supR3HardenedWinVerifyCacheProcessWvtTodos: 0 (was 0) fWinVerifyTrust=0 for '\Device\HarddiskVolume4\Windows\System32\gdi32full.dll' [rescheduled]
2638.19f4: Detected loader lock ownership: rc=VINF_SUCCESS '\Device\HarddiskVolume4\Windows\System32\win32u.dll'.
2638.19f4: supR3HardenedWinVerifyCacheProcessWvtTodos: 0 (was 0) fWinVerifyTrust=0 for '\Device\HarddiskVolume4\Windows\System32\win32u.dll' [rescheduled]
2638.19f4: Detected loader lock ownership: rc=VINF_SUCCESS '\Device\HarddiskVolume4\Windows\System32\msvcp_win.dll'.
2638.19f4: supR3HardenedWinVerifyCacheProcessWvtTodos: 0 (was 0) fWinVerifyTrust=0 for '\Device\HarddiskVolume4\Windows\System32\msvcp_win.dll' [rescheduled]
2638.19f4: Detected loader lock ownership: rc=VINF_SUCCESS '\Device\HarddiskVolume4\Windows\System32\gdi32.dll'.
2638.19f4: supR3HardenedWinVerifyCacheProcessWvtTodos: 0 (was 0) fWinVerifyTrust=0 for '\Device\HarddiskVolume4\Windows\System32\gdi32.dll' [rescheduled]
2638.19f4: Detected loader lock ownership: rc=VINF_SUCCESS '\Device\HarddiskVolume4\Windows\System32\user32.dll'.
2638.19f4: supR3HardenedWinVerifyCacheProcessWvtTodos: 0 (was 0) fWinVerifyTrust=0 for '\Device\HarddiskVolume4\Windows\System32\user32.dll' [rescheduled]
2638.19f4: Detected loader lock ownership: rc=VINF_SUCCESS '\Device\HarddiskVolume4\Windows\System32\combase.dll'.
2638.19f4: supR3HardenedWinVerifyCacheProcessWvtTodos: 0 (was 0) fWinVerifyTrust=0 for '\Device\HarddiskVolume4\Windows\System32\combase.dll' [rescheduled]
2638.19f4: Detected loader lock ownership: rc=VINF_SUCCESS '\Device\HarddiskVolume4\Windows\System32\vcruntime140_1.dll'.
2638.19f4: supR3HardenedWinVerifyCacheProcessWvtTodos: 0 (was 0) fWinVerifyTrust=0 for '\Device\HarddiskVolume4\Windows\System32\vcruntime140_1.dll' [rescheduled]
2638.19f4: Detected loader lock ownership: rc=VINF_SUCCESS '\Device\HarddiskVolume4\Windows\System32\ole32.dll'.
2638.19f4: supR3HardenedWinVerifyCacheProcessWvtTodos: 0 (was 0) fWinVerifyTrust=0 for '\Device\HarddiskVolume4\Windows\System32\ole32.dll' [rescheduled]
2638.19f4: Detected loader lock ownership: rc=VINF_SUCCESS '\Device\HarddiskVolume4\Windows\System32\oleaut32.dll'.
2638.19f4: supR3HardenedWinVerifyCacheProcessWvtTodos: 0 (was 0) fWinVerifyTrust=0 for '\Device\HarddiskVolume4\Windows\System32\oleaut32.dll' [rescheduled]
2638.19f4: Detected loader lock ownership: rc=VINF_SUCCESS '\Device\HarddiskVolume4\Windows\System32\imm32.dll'.
2638.19f4: supR3HardenedWinVerifyCacheProcessWvtTodos: 0 (was 0) fWinVerifyTrust=0 for '\Device\HarddiskVolume4\Windows\System32\imm32.dll' [rescheduled]
2638.19f4: Detected loader lock ownership: rc=VINF_SUCCESS '\Device\HarddiskVolume4\Windows\System32\gdi32full.dll'.
2638.19f4: supR3HardenedWinVerifyCacheProcessWvtTodos: 0 (was 0) fWinVerifyTrust=0 for '\Device\HarddiskVolume4\Windows\System32\gdi32full.dll' [rescheduled]
2638.19f4: Detected loader lock ownership: rc=VINF_SUCCESS '\Device\HarddiskVolume4\Windows\System32\win32u.dll'.
2638.19f4: supR3HardenedWinVerifyCacheProcessWvtTodos: 0 (was 0) fWinVerifyTrust=0 for '\Device\HarddiskVolume4\Windows\System32\win32u.dll' [rescheduled]
2638.19f4: Detected loader lock ownership: rc=VINF_SUCCESS '\Device\HarddiskVolume4\Windows\System32\msvcp_win.dll'.
2638.19f4: supR3HardenedWinVerifyCacheProcessWvtTodos: 0 (was 0) fWinVerifyTrust=0 for '\Device\HarddiskVolume4\Windows\System32\msvcp_win.dll' [rescheduled]
2638.19f4: Detected loader lock ownership: rc=VINF_SUCCESS '\Device\HarddiskVolume4\Windows\System32\gdi32.dll'.
2638.19f4: supR3HardenedWinVerifyCacheProcessWvtTodos: 0 (was 0) fWinVerifyTrust=0 for '\Device\HarddiskVolume4\Windows\System32\gdi32.dll' [rescheduled]
2638.19f4: Detected loader lock ownership: rc=VINF_SUCCESS '\Device\HarddiskVolume4\Windows\System32\user32.dll'.
2638.19f4: supR3HardenedWinVerifyCacheProcessWvtTodos: 0 (was 0) fWinVerifyTrust=0 for '\Device\HarddiskVolume4\Windows\System32\user32.dll' [rescheduled]
2638.19f4: Detected loader lock ownership: rc=VINF_SUCCESS '\Device\HarddiskVolume4\Windows\System32\combase.dll'.
2638.19f4: supR3HardenedWinVerifyCacheProcessWvtTodos: 0 (was 0) fWinVerifyTrust=0 for '\Device\HarddiskVolume4\Windows\System32\combase.dll' [rescheduled]
2638.19f4: Detected loader lock ownership: rc=VINF_SUCCESS '\Device\HarddiskVolume4\Windows\System32\vcruntime140_1.dll'.
2638.19f4: supR3HardenedWinVerifyCacheProcessWvtTodos: 0 (was 0) fWinVerifyTrust=0 for '\Device\HarddiskVolume4\Windows\System32\vcruntime140_1.dll' [rescheduled]
2638.19f4: Detected loader lock ownership: rc=VINF_SUCCESS '\Device\HarddiskVolume4\Windows\System32\ole32.dll'.
2638.19f4: supR3HardenedWinVerifyCacheProcessWvtTodos: 0 (was 0) fWinVerifyTrust=0 for '\Device\HarddiskVolume4\Windows\System32\ole32.dll' [rescheduled]
2638.19f4: supR3HardenedMonitor_LdrLoadDll: returns rcNt=0x0 hMod=00007ffd366e0000 'C:\Program Files\Oracle\VirtualBox\VBoxRT.dll'
2638.19f4: Detected loader lock ownership: rc=VINF_SUCCESS '\Device\HarddiskVolume4\Windows\System32\oleaut32.dll'.
2638.19f4: supR3HardenedWinVerifyCacheProcessWvtTodos: 0 (was 0) fWinVerifyTrust=0 for '\Device\HarddiskVolume4\Windows\System32\oleaut32.dll' [rescheduled]
2638.19f4: Detected loader lock ownership: rc=VINF_SUCCESS '\Device\HarddiskVolume4\Windows\System32\imm32.dll'.
2638.19f4: supR3HardenedWinVerifyCacheProcessWvtTodos: 0 (was 0) fWinVerifyTrust=0 for '\Device\HarddiskVolume4\Windows\System32\imm32.dll' [rescheduled]
2638.19f4: Detected loader lock ownership: rc=VINF_SUCCESS '\Device\HarddiskVolume4\Windows\System32\gdi32full.dll'.
2638.19f4: supR3HardenedWinVerifyCacheProcessWvtTodos: 0 (was 0) fWinVerifyTrust=0 for '\Device\HarddiskVolume4\Windows\System32\gdi32full.dll' [rescheduled]
2638.19f4: Detected loader lock ownership: rc=VINF_SUCCESS '\Device\HarddiskVolume4\Windows\System32\win32u.dll'.
2638.19f4: supR3HardenedWinVerifyCacheProcessWvtTodos: 0 (was 0) fWinVerifyTrust=0 for '\Device\HarddiskVolume4\Windows\System32\win32u.dll' [rescheduled]
2638.19f4: Detected loader lock ownership: rc=VINF_SUCCESS '\Device\HarddiskVolume4\Windows\System32\msvcp_win.dll'.
2638.19f4: supR3HardenedWinVerifyCacheProcessWvtTodos: 0 (was 0) fWinVerifyTrust=0 for '\Device\HarddiskVolume4\Windows\System32\msvcp_win.dll' [rescheduled]
2638.19f4: Detected loader lock ownership: rc=VINF_SUCCESS '\Device\HarddiskVolume4\Windows\System32\gdi32.dll'.
2638.19f4: supR3HardenedWinVerifyCacheProcessWvtTodos: 0 (was 0) fWinVerifyTrust=0 for '\Device\HarddiskVolume4\Windows\System32\gdi32.dll' [rescheduled]
2638.19f4: Detected loader lock ownership: rc=VINF_SUCCESS '\Device\HarddiskVolume4\Windows\System32\user32.dll'.
2638.19f4: supR3HardenedWinVerifyCacheProcessWvtTodos: 0 (was 0) fWinVerifyTrust=0 for '\Device\HarddiskVolume4\Windows\System32\user32.dll' [rescheduled]
2638.19f4: Detected loader lock ownership: rc=VINF_SUCCESS '\Device\HarddiskVolume4\Windows\System32\combase.dll'.
2638.19f4: supR3HardenedWinVerifyCacheProcessWvtTodos: 0 (was 0) fWinVerifyTrust=0 for '\Device\HarddiskVolume4\Windows\System32\combase.dll' [rescheduled]
2638.19f4: Detected loader lock ownership: rc=VINF_SUCCESS '\Device\HarddiskVolume4\Windows\System32\vcruntime140_1.dll'.
2638.19f4: supR3HardenedWinVerifyCacheProcessWvtTodos: 0 (was 0) fWinVerifyTrust=0 for '\Device\HarddiskVolume4\Windows\System32\vcruntime140_1.dll' [rescheduled]
2638.19f4: Detected loader lock ownership: rc=VINF_SUCCESS '\Device\HarddiskVolume4\Windows\System32\ole32.dll'.
2638.19f4: supR3HardenedWinVerifyCacheProcessWvtTodos: 0 (was 0) fWinVerifyTrust=0 for '\Device\HarddiskVolume4\Windows\System32\ole32.dll' [rescheduled]
2638.19f4: Detected loader lock ownership: rc=VINF_SUCCESS '\Device\HarddiskVolume4\Windows\System32\oleaut32.dll'.
2638.19f4: supR3HardenedWinVerifyCacheProcessWvtTodos: 0 (was 0) fWinVerifyTrust=0 for '\Device\HarddiskVolume4\Windows\System32\oleaut32.dll' [rescheduled]
2638.19f4: Detected loader lock ownership: rc=VINF_SUCCESS '\Device\HarddiskVolume4\Windows\System32\imm32.dll'.
2638.19f4: supR3HardenedWinVerifyCacheProcessWvtTodos: 0 (was 0) fWinVerifyTrust=0 for '\Device\HarddiskVolume4\Windows\System32\imm32.dll' [rescheduled]
2638.19f4: Detected loader lock ownership: rc=VINF_SUCCESS '\Device\HarddiskVolume4\Windows\System32\gdi32full.dll'.
2638.19f4: supR3HardenedWinVerifyCacheProcessWvtTodos: 0 (was 0) fWinVerifyTrust=0 for '\Device\HarddiskVolume4\Windows\System32\gdi32full.dll' [rescheduled]
2638.19f4: Detected loader lock ownership: rc=VINF_SUCCESS '\Device\HarddiskVolume4\Windows\System32\win32u.dll'.
2638.19f4: supR3HardenedWinVerifyCacheProcessWvtTodos: 0 (was 0) fWinVerifyTrust=0 for '\Device\HarddiskVolume4\Windows\System32\win32u.dll' [rescheduled]
2638.19f4: Detected loader lock ownership: rc=VINF_SUCCESS '\Device\HarddiskVolume4\Windows\System32\msvcp_win.dll'.
2638.19f4: supR3HardenedWinVerifyCacheProcessWvtTodos: 0 (was 0) fWinVerifyTrust=0 for '\Device\HarddiskVolume4\Windows\System32\msvcp_win.dll' [rescheduled]
2638.19f4: Detected loader lock ownership: rc=VINF_SUCCESS '\Device\HarddiskVolume4\Windows\System32\gdi32.dll'.
2638.19f4: supR3HardenedWinVerifyCacheProcessWvtTodos: 0 (was 0) fWinVerifyTrust=0 for '\Device\HarddiskVolume4\Windows\System32\gdi32.dll' [rescheduled]
2638.19f4: Detected loader lock ownership: rc=VINF_SUCCESS '\Device\HarddiskVolume4\Windows\System32\user32.dll'.
2638.19f4: supR3HardenedWinVerifyCacheProcessWvtTodos: 0 (was 0) fWinVerifyTrust=0 for '\Device\HarddiskVolume4\Windows\System32\user32.dll' [rescheduled]
2638.19f4: Detected loader lock ownership: rc=VINF_SUCCESS '\Device\HarddiskVolume4\Windows\System32\combase.dll'.
2638.19f4: supR3HardenedWinVerifyCacheProcessWvtTodos: 0 (was 0) fWinVerifyTrust=0 for '\Device\HarddiskVolume4\Windows\System32\combase.dll' [rescheduled]
2638.19f4: Detected loader lock ownership: rc=VINF_SUCCESS '\Device\HarddiskVolume4\Windows\System32\vcruntime140_1.dll'.
2638.19f4: supR3HardenedWinVerifyCacheProcessWvtTodos: 0 (was 0) fWinVerifyTrust=0 for '\Device\HarddiskVolume4\Windows\System32\vcruntime140_1.dll' [rescheduled]
2638.19f4: Detected loader lock ownership: rc=VINF_SUCCESS '\Device\HarddiskVolume4\Windows\System32\ole32.dll'.
2638.19f4: supR3HardenedWinVerifyCacheProcessWvtTodos: 0 (was 0) fWinVerifyTrust=0 for '\Device\HarddiskVolume4\Windows\System32\ole32.dll' [rescheduled]
2638.19f4: supR3HardenedMonitor_LdrLoadDll: returns rcNt=0x0 hMod=00007ffd366e0000 'C:\Program Files\Oracle\VirtualBox\VBoxRT.dll'
2638.19f4: Detected loader lock ownership: rc=VINF_SUCCESS '\Device\HarddiskVolume4\Windows\System32\oleaut32.dll'.
2638.19f4: supR3HardenedWinVerifyCacheProcessWvtTodos: 0 (was 0) fWinVerifyTrust=0 for '\Device\HarddiskVolume4\Windows\System32\oleaut32.dll' [rescheduled]
2638.19f4: Detected loader lock ownership: rc=VINF_SUCCESS '\Device\HarddiskVolume4\Windows\System32\imm32.dll'.
2638.19f4: supR3HardenedWinVerifyCacheProcessWvtTodos: 0 (was 0) fWinVerifyTrust=0 for '\Device\HarddiskVolume4\Windows\System32\imm32.dll' [rescheduled]
2638.19f4: Detected loader lock ownership: rc=VINF_SUCCESS '\Device\HarddiskVolume4\Windows\System32\gdi32full.dll'.
2638.19f4: supR3HardenedWinVerifyCacheProcessWvtTodos: 0 (was 0) fWinVerifyTrust=0 for '\Device\HarddiskVolume4\Windows\System32\gdi32full.dll' [rescheduled]
2638.19f4: Detected loader lock ownership: rc=VINF_SUCCESS '\Device\HarddiskVolume4\Windows\System32\win32u.dll'.
2638.19f4: supR3HardenedWinVerifyCacheProcessWvtTodos: 0 (was 0) fWinVerifyTrust=0 for '\Device\HarddiskVolume4\Windows\System32\win32u.dll' [rescheduled]
2638.19f4: Detected loader lock ownership: rc=VINF_SUCCESS '\Device\HarddiskVolume4\Windows\System32\msvcp_win.dll'.
2638.19f4: supR3HardenedWinVerifyCacheProcessWvtTodos: 0 (was 0) fWinVerifyTrust=0 for '\Device\HarddiskVolume4\Windows\System32\msvcp_win.dll' [rescheduled]
2638.19f4: Detected loader lock ownership: rc=VINF_SUCCESS '\Device\HarddiskVolume4\Windows\System32\gdi32.dll'.
2638.19f4: supR3HardenedWinVerifyCacheProcessWvtTodos: 0 (was 0) fWinVerifyTrust=0 for '\Device\HarddiskVolume4\Windows\System32\gdi32.dll' [rescheduled]
2638.19f4: Detected loader lock ownership: rc=VINF_SUCCESS '\Device\HarddiskVolume4\Windows\System32\user32.dll'.
2638.19f4: supR3HardenedWinVerifyCacheProcessWvtTodos: 0 (was 0) fWinVerifyTrust=0 for '\Device\HarddiskVolume4\Windows\System32\user32.dll' [rescheduled]
2638.19f4: Detected loader lock ownership: rc=VINF_SUCCESS '\Device\HarddiskVolume4\Windows\System32\combase.dll'.
2638.19f4: supR3HardenedWinVerifyCacheProcessWvtTodos: 0 (was 0) fWinVerifyTrust=0 for '\Device\HarddiskVolume4\Windows\System32\combase.dll' [rescheduled]
2638.19f4: Detected loader lock ownership: rc=VINF_SUCCESS '\Device\HarddiskVolume4\Windows\System32\vcruntime140_1.dll'.
2638.19f4: supR3HardenedWinVerifyCacheProcessWvtTodos: 0 (was 0) fWinVerifyTrust=0 for '\Device\HarddiskVolume4\Windows\System32\vcruntime140_1.dll' [rescheduled]
2638.19f4: Detected loader lock ownership: rc=VINF_SUCCESS '\Device\HarddiskVolume4\Windows\System32\ole32.dll'.
2638.19f4: supR3HardenedWinVerifyCacheProcessWvtTodos: 0 (was 0) fWinVerifyTrust=0 for '\Device\HarddiskVolume4\Windows\System32\ole32.dll' [rescheduled]
2638.19f4: Detected loader lock ownership: rc=VINF_SUCCESS '\Device\HarddiskVolume4\Windows\System32\oleaut32.dll'.
2638.19f4: supR3HardenedWinVerifyCacheProcessWvtTodos: 0 (was 0) fWinVerifyTrust=0 for '\Device\HarddiskVolume4\Windows\System32\oleaut32.dll' [rescheduled]
2638.19f4: Detected loader lock ownership: rc=VINF_SUCCESS '\Device\HarddiskVolume4\Windows\System32\imm32.dll'.
2638.19f4: supR3HardenedWinVerifyCacheProcessWvtTodos: 0 (was 0) fWinVerifyTrust=0 for '\Device\HarddiskVolume4\Windows\System32\imm32.dll' [rescheduled]
2638.19f4: Detected loader lock ownership: rc=VINF_SUCCESS '\Device\HarddiskVolume4\Windows\System32\gdi32full.dll'.
2638.19f4: supR3HardenedWinVerifyCacheProcessWvtTodos: 0 (was 0) fWinVerifyTrust=0 for '\Device\HarddiskVolume4\Windows\System32\gdi32full.dll' [rescheduled]
2638.19f4: Detected loader lock ownership: rc=VINF_SUCCESS '\Device\HarddiskVolume4\Windows\System32\win32u.dll'.
2638.19f4: supR3HardenedWinVerifyCacheProcessWvtTodos: 0 (was 0) fWinVerifyTrust=0 for '\Device\HarddiskVolume4\Windows\System32\win32u.dll' [rescheduled]
2638.19f4: Detected loader lock ownership: rc=VINF_SUCCESS '\Device\HarddiskVolume4\Windows\System32\msvcp_win.dll'.
2638.19f4: supR3HardenedWinVerifyCacheProcessWvtTodos: 0 (was 0) fWinVerifyTrust=0 for '\Device\HarddiskVolume4\Windows\System32\msvcp_win.dll' [rescheduled]
2638.19f4: Detected loader lock ownership: rc=VINF_SUCCESS '\Device\HarddiskVolume4\Windows\System32\gdi32.dll'.
2638.19f4: supR3HardenedWinVerifyCacheProcessWvtTodos: 0 (was 0) fWinVerifyTrust=0 for '\Device\HarddiskVolume4\Windows\System32\gdi32.dll' [rescheduled]
2638.19f4: Detected loader lock ownership: rc=VINF_SUCCESS '\Device\HarddiskVolume4\Windows\System32\user32.dll'.
2638.19f4: supR3HardenedWinVerifyCacheProcessWvtTodos: 0 (was 0) fWinVerifyTrust=0 for '\Device\HarddiskVolume4\Windows\System32\user32.dll' [rescheduled]
2638.19f4: Detected loader lock ownership: rc=VINF_SUCCESS '\Device\HarddiskVolume4\Windows\System32\combase.dll'.
2638.19f4: supR3HardenedWinVerifyCacheProcessWvtTodos: 0 (was 0) fWinVerifyTrust=0 for '\Device\HarddiskVolume4\Windows\System32\combase.dll' [rescheduled]
2638.19f4: Detected loader lock ownership: rc=VINF_SUCCESS '\Device\HarddiskVolume4\Windows\System32\vcruntime140_1.dll'.
2638.19f4: supR3HardenedWinVerifyCacheProcessWvtTodos: 0 (was 0) fWinVerifyTrust=0 for '\Device\HarddiskVolume4\Windows\System32\vcruntime140_1.dll' [rescheduled]
2638.19f4: Detected loader lock ownership: rc=VINF_SUCCESS '\Device\HarddiskVolume4\Windows\System32\ole32.dll'.
2638.19f4: supR3HardenedWinVerifyCacheProcessWvtTodos: 0 (was 0) fWinVerifyTrust=0 for '\Device\HarddiskVolume4\Windows\System32\ole32.dll' [rescheduled]
2638.19f4: supR3HardenedMonitor_LdrLoadDll: returns rcNt=0x0 hMod=00007ffd366e0000 'C:\Program Files\Oracle\VirtualBox\VBoxRT.dll'
2638.19f4: Detected loader lock ownership: rc=VINF_SUCCESS '\Device\HarddiskVolume4\Windows\System32\oleaut32.dll'.
2638.19f4: supR3HardenedWinVerifyCacheProcessWvtTodos: 0 (was 0) fWinVerifyTrust=0 for '\Device\HarddiskVolume4\Windows\System32\oleaut32.dll' [rescheduled]
2638.19f4: Detected loader lock ownership: rc=VINF_SUCCESS '\Device\HarddiskVolume4\Windows\System32\imm32.dll'.
2638.19f4: supR3HardenedWinVerifyCacheProcessWvtTodos: 0 (was 0) fWinVerifyTrust=0 for '\Device\HarddiskVolume4\Windows\System32\imm32.dll' [rescheduled]
2638.19f4: Detected loader lock ownership: rc=VINF_SUCCESS '\Device\HarddiskVolume4\Windows\System32\gdi32full.dll'.
2638.19f4: supR3HardenedWinVerifyCacheProcessWvtTodos: 0 (was 0) fWinVerifyTrust=0 for '\Device\HarddiskVolume4\Windows\System32\gdi32full.dll' [rescheduled]
2638.19f4: Detected loader lock ownership: rc=VINF_SUCCESS '\Device\HarddiskVolume4\Windows\System32\win32u.dll'.
2638.19f4: supR3HardenedWinVerifyCacheProcessWvtTodos: 0 (was 0) fWinVerifyTrust=0 for '\Device\HarddiskVolume4\Windows\System32\win32u.dll' [rescheduled]
2638.19f4: Detected loader lock ownership: rc=VINF_SUCCESS '\Device\HarddiskVolume4\Windows\System32\msvcp_win.dll'.
2638.19f4: supR3HardenedWinVerifyCacheProcessWvtTodos: 0 (was 0) fWinVerifyTrust=0 for '\Device\HarddiskVolume4\Windows\System32\msvcp_win.dll' [rescheduled]
2638.19f4: Detected loader lock ownership: rc=VINF_SUCCESS '\Device\HarddiskVolume4\Windows\System32\gdi32.dll'.
2638.19f4: supR3HardenedWinVerifyCacheProcessWvtTodos: 0 (was 0) fWinVerifyTrust=0 for '\Device\HarddiskVolume4\Windows\System32\gdi32.dll' [rescheduled]
2638.19f4: Detected loader lock ownership: rc=VINF_SUCCESS '\Device\HarddiskVolume4\Windows\System32\user32.dll'.
2638.19f4: supR3HardenedWinVerifyCacheProcessWvtTodos: 0 (was 0) fWinVerifyTrust=0 for '\Device\HarddiskVolume4\Windows\System32\user32.dll' [rescheduled]
2638.19f4: Detected loader lock ownership: rc=VINF_SUCCESS '\Device\HarddiskVolume4\Windows\System32\combase.dll'.
2638.19f4: supR3HardenedWinVerifyCacheProcessWvtTodos: 0 (was 0) fWinVerifyTrust=0 for '\Device\HarddiskVolume4\Windows\System32\combase.dll' [rescheduled]
2638.19f4: Detected loader lock ownership: rc=VINF_SUCCESS '\Device\HarddiskVolume4\Windows\System32\vcruntime140_1.dll'.
2638.19f4: supR3HardenedWinVerifyCacheProcessWvtTodos: 0 (was 0) fWinVerifyTrust=0 for '\Device\HarddiskVolume4\Windows\System32\vcruntime140_1.dll' [rescheduled]
2638.19f4: Detected loader lock ownership: rc=VINF_SUCCESS '\Device\HarddiskVolume4\Windows\System32\ole32.dll'.
2638.19f4: supR3HardenedWinVerifyCacheProcessWvtTodos: 0 (was 0) fWinVerifyTrust=0 for '\Device\HarddiskVolume4\Windows\System32\ole32.dll' [rescheduled]
2638.19f4: Detected loader lock ownership: rc=VINF_SUCCESS '\Device\HarddiskVolume4\Windows\System32\oleaut32.dll'.
2638.19f4: supR3HardenedWinVerifyCacheProcessWvtTodos: 0 (was 0) fWinVerifyTrust=0 for '\Device\HarddiskVolume4\Windows\System32\oleaut32.dll' [rescheduled]
2638.19f4: Detected loader lock ownership: rc=VINF_SUCCESS '\Device\HarddiskVolume4\Windows\System32\imm32.dll'.
2638.19f4: supR3HardenedWinVerifyCacheProcessWvtTodos: 0 (was 0) fWinVerifyTrust=0 for '\Device\HarddiskVolume4\Windows\System32\imm32.dll' [rescheduled]
2638.19f4: Detected loader lock ownership: rc=VINF_SUCCESS '\Device\HarddiskVolume4\Windows\System32\gdi32full.dll'.
2638.19f4: supR3HardenedWinVerifyCacheProcessWvtTodos: 0 (was 0) fWinVerifyTrust=0 for '\Device\HarddiskVolume4\Windows\System32\gdi32full.dll' [rescheduled]
2638.19f4: Detected loader lock ownership: rc=VINF_SUCCESS '\Device\HarddiskVolume4\Windows\System32\win32u.dll'.
2638.19f4: supR3HardenedWinVerifyCacheProcessWvtTodos: 0 (was 0) fWinVerifyTrust=0 for '\Device\HarddiskVolume4\Windows\System32\win32u.dll' [rescheduled]
2638.19f4: Detected loader lock ownership: rc=VINF_SUCCESS '\Device\HarddiskVolume4\Windows\System32\msvcp_win.dll'.
2638.19f4: supR3HardenedWinVerifyCacheProcessWvtTodos: 0 (was 0) fWinVerifyTrust=0 for '\Device\HarddiskVolume4\Windows\System32\msvcp_win.dll' [rescheduled]
2638.19f4: Detected loader lock ownership: rc=VINF_SUCCESS '\Device\HarddiskVolume4\Windows\System32\gdi32.dll'.
2638.19f4: supR3HardenedWinVerifyCacheProcessWvtTodos: 0 (was 0) fWinVerifyTrust=0 for '\Device\HarddiskVolume4\Windows\System32\gdi32.dll' [rescheduled]
2638.19f4: Detected loader lock ownership: rc=VINF_SUCCESS '\Device\HarddiskVolume4\Windows\System32\user32.dll'.
2638.19f4: supR3HardenedWinVerifyCacheProcessWvtTodos: 0 (was 0) fWinVerifyTrust=0 for '\Device\HarddiskVolume4\Windows\System32\user32.dll' [rescheduled]
2638.19f4: Detected loader lock ownership: rc=VINF_SUCCESS '\Device\HarddiskVolume4\Windows\System32\combase.dll'.
2638.19f4: supR3HardenedWinVerifyCacheProcessWvtTodos: 0 (was 0) fWinVerifyTrust=0 for '\Device\HarddiskVolume4\Windows\System32\combase.dll' [rescheduled]
2638.19f4: Detected loader lock ownership: rc=VINF_SUCCESS '\Device\HarddiskVolume4\Windows\System32\vcruntime140_1.dll'.
2638.19f4: supR3HardenedWinVerifyCacheProcessWvtTodos: 0 (was 0) fWinVerifyTrust=0 for '\Device\HarddiskVolume4\Windows\System32\vcruntime140_1.dll' [rescheduled]
2638.19f4: Detected loader lock ownership: rc=VINF_SUCCESS '\Device\HarddiskVolume4\Windows\System32\ole32.dll'.
2638.19f4: supR3HardenedWinVerifyCacheProcessWvtTodos: 0 (was 0) fWinVerifyTrust=0 for '\Device\HarddiskVolume4\Windows\System32\ole32.dll' [rescheduled]
2638.19f4: supR3HardenedMonitor_LdrLoadDll: returns rcNt=0x0 hMod=00007ffd366e0000 'C:\Program Files\Oracle\VirtualBox\VBoxRT.dll'
2638.19f4: Detected loader lock ownership: rc=VINF_SUCCESS '\Device\HarddiskVolume4\Windows\System32\oleaut32.dll'.
2638.19f4: supR3HardenedWinVerifyCacheProcessWvtTodos: 0 (was 0) fWinVerifyTrust=0 for '\Device\HarddiskVolume4\Windows\System32\oleaut32.dll' [rescheduled]
2638.19f4: Detected loader lock ownership: rc=VINF_SUCCESS '\Device\HarddiskVolume4\Windows\System32\imm32.dll'.
2638.19f4: supR3HardenedWinVerifyCacheProcessWvtTodos: 0 (was 0) fWinVerifyTrust=0 for '\Device\HarddiskVolume4\Windows\System32\imm32.dll' [rescheduled]
2638.19f4: Detected loader lock ownership: rc=VINF_SUCCESS '\Device\HarddiskVolume4\Windows\System32\gdi32full.dll'.
2638.19f4: supR3HardenedWinVerifyCacheProcessWvtTodos: 0 (was 0) fWinVerifyTrust=0 for '\Device\HarddiskVolume4\Windows\System32\gdi32full.dll' [rescheduled]
2638.19f4: Detected loader lock ownership: rc=VINF_SUCCESS '\Device\HarddiskVolume4\Windows\System32\win32u.dll'.
2638.19f4: supR3HardenedWinVerifyCacheProcessWvtTodos: 0 (was 0) fWinVerifyTrust=0 for '\Device\HarddiskVolume4\Windows\System32\win32u.dll' [rescheduled]
2638.19f4: Detected loader lock ownership: rc=VINF_SUCCESS '\Device\HarddiskVolume4\Windows\System32\msvcp_win.dll'.
2638.19f4: supR3HardenedWinVerifyCacheProcessWvtTodos: 0 (was 0) fWinVerifyTrust=0 for '\Device\HarddiskVolume4\Windows\System32\msvcp_win.dll' [rescheduled]
2638.19f4: Detected loader lock ownership: rc=VINF_SUCCESS '\Device\HarddiskVolume4\Windows\System32\gdi32.dll'.
2638.19f4: supR3HardenedWinVerifyCacheProcessWvtTodos: 0 (was 0) fWinVerifyTrust=0 for '\Device\HarddiskVolume4\Windows\System32\gdi32.dll' [rescheduled]
2638.19f4: Detected loader lock ownership: rc=VINF_SUCCESS '\Device\HarddiskVolume4\Windows\System32\user32.dll'.
2638.19f4: supR3HardenedWinVerifyCacheProcessWvtTodos: 0 (was 0) fWinVerifyTrust=0 for '\Device\HarddiskVolume4\Windows\System32\user32.dll' [rescheduled]
2638.19f4: Detected loader lock ownership: rc=VINF_SUCCESS '\Device\HarddiskVolume4\Windows\System32\combase.dll'.
2638.19f4: supR3HardenedWinVerifyCacheProcessWvtTodos: 0 (was 0) fWinVerifyTrust=0 for '\Device\HarddiskVolume4\Windows\System32\combase.dll' [rescheduled]
2638.19f4: Detected loader lock ownership: rc=VINF_SUCCESS '\Device\HarddiskVolume4\Windows\System32\vcruntime140_1.dll'.
2638.19f4: supR3HardenedWinVerifyCacheProcessWvtTodos: 0 (was 0) fWinVerifyTrust=0 for '\Device\HarddiskVolume4\Windows\System32\vcruntime140_1.dll' [rescheduled]
2638.19f4: Detected loader lock ownership: rc=VINF_SUCCESS '\Device\HarddiskVolume4\Windows\System32\ole32.dll'.
2638.19f4: supR3HardenedWinVerifyCacheProcessWvtTodos: 0 (was 0) fWinVerifyTrust=0 for '\Device\HarddiskVolume4\Windows\System32\ole32.dll' [rescheduled]
2638.19f4: Detected loader lock ownership: rc=VINF_SUCCESS '\Device\HarddiskVolume4\Windows\System32\oleaut32.dll'.
2638.19f4: supR3HardenedWinVerifyCacheProcessWvtTodos: 0 (was 0) fWinVerifyTrust=0 for '\Device\HarddiskVolume4\Windows\System32\oleaut32.dll' [rescheduled]
2638.19f4: Detected loader lock ownership: rc=VINF_SUCCESS '\Device\HarddiskVolume4\Windows\System32\imm32.dll'.
2638.19f4: supR3HardenedWinVerifyCacheProcessWvtTodos: 0 (was 0) fWinVerifyTrust=0 for '\Device\HarddiskVolume4\Windows\System32\imm32.dll' [rescheduled]
2638.19f4: Detected loader lock ownership: rc=VINF_SUCCESS '\Device\HarddiskVolume4\Windows\System32\gdi32full.dll'.
2638.19f4: supR3HardenedWinVerifyCacheProcessWvtTodos: 0 (was 0) fWinVerifyTrust=0 for '\Device\HarddiskVolume4\Windows\System32\gdi32full.dll' [rescheduled]
2638.19f4: Detected loader lock ownership: rc=VINF_SUCCESS '\Device\HarddiskVolume4\Windows\System32\win32u.dll'.
2638.19f4: supR3HardenedWinVerifyCacheProcessWvtTodos: 0 (was 0) fWinVerifyTrust=0 for '\Device\HarddiskVolume4\Windows\System32\win32u.dll' [rescheduled]
2638.19f4: Detected loader lock ownership: rc=VINF_SUCCESS '\Device\HarddiskVolume4\Windows\System32\msvcp_win.dll'.
2638.19f4: supR3HardenedWinVerifyCacheProcessWvtTodos: 0 (was 0) fWinVerifyTrust=0 for '\Device\HarddiskVolume4\Windows\System32\msvcp_win.dll' [rescheduled]
2638.19f4: Detected loader lock ownership: rc=VINF_SUCCESS '\Device\HarddiskVolume4\Windows\System32\gdi32.dll'.
2638.19f4: supR3HardenedWinVerifyCacheProcessWvtTodos: 0 (was 0) fWinVerifyTrust=0 for '\Device\HarddiskVolume4\Windows\System32\gdi32.dll' [rescheduled]
2638.19f4: Detected loader lock ownership: rc=VINF_SUCCESS '\Device\HarddiskVolume4\Windows\System32\user32.dll'.
2638.19f4: supR3HardenedWinVerifyCacheProcessWvtTodos: 0 (was 0) fWinVerifyTrust=0 for '\Device\HarddiskVolume4\Windows\System32\user32.dll' [rescheduled]
2638.19f4: Detected loader lock ownership: rc=VINF_SUCCESS '\Device\HarddiskVolume4\Windows\System32\combase.dll'.
2638.19f4: supR3HardenedWinVerifyCacheProcessWvtTodos: 0 (was 0) fWinVerifyTrust=0 for '\Device\HarddiskVolume4\Windows\System32\combase.dll' [rescheduled]
2638.19f4: Detected loader lock ownership: rc=VINF_SUCCESS '\Device\HarddiskVolume4\Windows\System32\vcruntime140_1.dll'.
2638.19f4: supR3HardenedWinVerifyCacheProcessWvtTodos: 0 (was 0) fWinVerifyTrust=0 for '\Device\HarddiskVolume4\Windows\System32\vcruntime140_1.dll' [rescheduled]
2638.19f4: Detected loader lock ownership: rc=VINF_SUCCESS '\Device\HarddiskVolume4\Windows\System32\ole32.dll'.
2638.19f4: supR3HardenedWinVerifyCacheProcessWvtTodos: 0 (was 0) fWinVerifyTrust=0 for '\Device\HarddiskVolume4\Windows\System32\ole32.dll' [rescheduled]
2638.19f4: supR3HardenedScreenImage/LdrLoadDll: cache hit (VINF_SUCCESS) on \Device\HarddiskVolume4\Program Files\Oracle\VirtualBox\VBoxRT.dll
2638.19f4: supR3HardenedMonitor_LdrLoadDll: pName=C:\Program Files\Oracle\VirtualBox\VBoxRT.dll (rcNtResolve=0xc0150008) *pfFlags=0x0 pwszSearchPath=0000000000000001:<flags> [calling]
2638.19f4: supR3HardenedMonitor_LdrLoadDll: returns rcNt=0x0 hMod=00007ffd366e0000 'C:\Program Files\Oracle\VirtualBox\VBoxRT.dll'
2638.19f4: Detected loader lock ownership: rc=VINF_SUCCESS '\Device\HarddiskVolume4\Windows\System32\oleaut32.dll'.
2638.19f4: supR3HardenedWinVerifyCacheProcessWvtTodos: 0 (was 0) fWinVerifyTrust=0 for '\Device\HarddiskVolume4\Windows\System32\oleaut32.dll' [rescheduled]
2638.19f4: Detected loader lock ownership: rc=VINF_SUCCESS '\Device\HarddiskVolume4\Windows\System32\imm32.dll'.
2638.19f4: supR3HardenedWinVerifyCacheProcessWvtTodos: 0 (was 0) fWinVerifyTrust=0 for '\Device\HarddiskVolume4\Windows\System32\imm32.dll' [rescheduled]
2638.19f4: Detected loader lock ownership: rc=VINF_SUCCESS '\Device\HarddiskVolume4\Windows\System32\gdi32full.dll'.
2638.19f4: supR3HardenedWinVerifyCacheProcessWvtTodos: 0 (was 0) fWinVerifyTrust=0 for '\Device\HarddiskVolume4\Windows\System32\gdi32full.dll' [rescheduled]
2638.19f4: Detected loader lock ownership: rc=VINF_SUCCESS '\Device\HarddiskVolume4\Windows\System32\win32u.dll'.
2638.19f4: supR3HardenedWinVerifyCacheProcessWvtTodos: 0 (was 0) fWinVerifyTrust=0 for '\Device\HarddiskVolume4\Windows\System32\win32u.dll' [rescheduled]
2638.19f4: Detected loader lock ownership: rc=VINF_SUCCESS '\Device\HarddiskVolume4\Windows\System32\msvcp_win.dll'.
2638.19f4: supR3HardenedWinVerifyCacheProcessWvtTodos: 0 (was 0) fWinVerifyTrust=0 for '\Device\HarddiskVolume4\Windows\System32\msvcp_win.dll' [rescheduled]
2638.19f4: Detected loader lock ownership: rc=VINF_SUCCESS '\Device\HarddiskVolume4\Windows\System32\gdi32.dll'.
2638.19f4: supR3HardenedWinVerifyCacheProcessWvtTodos: 0 (was 0) fWinVerifyTrust=0 for '\Device\HarddiskVolume4\Windows\System32\gdi32.dll' [rescheduled]
2638.19f4: Detected loader lock ownership: rc=VINF_SUCCESS '\Device\HarddiskVolume4\Windows\System32\user32.dll'.
2638.19f4: supR3HardenedWinVerifyCacheProcessWvtTodos: 0 (was 0) fWinVerifyTrust=0 for '\Device\HarddiskVolume4\Windows\System32\user32.dll' [rescheduled]
2638.19f4: Detected loader lock ownership: rc=VINF_SUCCESS '\Device\HarddiskVolume4\Windows\System32\combase.dll'.
2638.19f4: supR3HardenedWinVerifyCacheProcessWvtTodos: 0 (was 0) fWinVerifyTrust=0 for '\Device\HarddiskVolume4\Windows\System32\combase.dll' [rescheduled]
2638.19f4: Detected loader lock ownership: rc=VINF_SUCCESS '\Device\HarddiskVolume4\Windows\System32\vcruntime140_1.dll'.
2638.19f4: supR3HardenedWinVerifyCacheProcessWvtTodos: 0 (was 0) fWinVerifyTrust=0 for '\Device\HarddiskVolume4\Windows\System32\vcruntime140_1.dll' [rescheduled]
2638.19f4: Detected loader lock ownership: rc=VINF_SUCCESS '\Device\HarddiskVolume4\Windows\System32\ole32.dll'.
2638.19f4: supR3HardenedWinVerifyCacheProcessWvtTodos: 0 (was 0) fWinVerifyTrust=0 for '\Device\HarddiskVolume4\Windows\System32\ole32.dll' [rescheduled]
2638.19f4: Detected loader lock ownership: rc=VINF_SUCCESS '\Device\HarddiskVolume4\Windows\System32\oleaut32.dll'.
2638.19f4: supR3HardenedWinVerifyCacheProcessWvtTodos: 0 (was 0) fWinVerifyTrust=0 for '\Device\HarddiskVolume4\Windows\System32\oleaut32.dll' [rescheduled]
2638.19f4: Detected loader lock ownership: rc=VINF_SUCCESS '\Device\HarddiskVolume4\Windows\System32\imm32.dll'.
2638.19f4: supR3HardenedWinVerifyCacheProcessWvtTodos: 0 (was 0) fWinVerifyTrust=0 for '\Device\HarddiskVolume4\Windows\System32\imm32.dll' [rescheduled]
2638.19f4: Detected loader lock ownership: rc=VINF_SUCCESS '\Device\HarddiskVolume4\Windows\System32\gdi32full.dll'.
2638.19f4: supR3HardenedWinVerifyCacheProcessWvtTodos: 0 (was 0) fWinVerifyTrust=0 for '\Device\HarddiskVolume4\Windows\System32\gdi32full.dll' [rescheduled]
2638.19f4: Detected loader lock ownership: rc=VINF_SUCCESS '\Device\HarddiskVolume4\Windows\System32\win32u.dll'.
2638.19f4: supR3HardenedWinVerifyCacheProcessWvtTodos: 0 (was 0) fWinVerifyTrust=0 for '\Device\HarddiskVolume4\Windows\System32\win32u.dll' [rescheduled]
2638.19f4: Detected loader lock ownership: rc=VINF_SUCCESS '\Device\HarddiskVolume4\Windows\System32\msvcp_win.dll'.
2638.19f4: supR3HardenedWinVerifyCacheProcessWvtTodos: 0 (was 0) fWinVerifyTrust=0 for '\Device\HarddiskVolume4\Windows\System32\msvcp_win.dll' [rescheduled]
2638.19f4: Detected loader lock ownership: rc=VINF_SUCCESS '\Device\HarddiskVolume4\Windows\System32\gdi32.dll'.
2638.19f4: supR3HardenedWinVerifyCacheProcessWvtTodos: 0 (was 0) fWinVerifyTrust=0 for '\Device\HarddiskVolume4\Windows\System32\gdi32.dll' [rescheduled]
2638.19f4: Detected loader lock ownership: rc=VINF_SUCCESS '\Device\HarddiskVolume4\Windows\System32\user32.dll'.
2638.19f4: supR3HardenedWinVerifyCacheProcessWvtTodos: 0 (was 0) fWinVerifyTrust=0 for '\Device\HarddiskVolume4\Windows\System32\user32.dll' [rescheduled]
2638.19f4: Detected loader lock ownership: rc=VINF_SUCCESS '\Device\HarddiskVolume4\Windows\System32\combase.dll'.
2638.19f4: supR3HardenedWinVerifyCacheProcessWvtTodos: 0 (was 0) fWinVerifyTrust=0 for '\Device\HarddiskVolume4\Windows\System32\combase.dll' [rescheduled]
2638.19f4: Detected loader lock ownership: rc=VINF_SUCCESS '\Device\HarddiskVolume4\Windows\System32\vcruntime140_1.dll'.
2638.19f4: supR3HardenedWinVerifyCacheProcessWvtTodos: 0 (was 0) fWinVerifyTrust=0 for '\Device\HarddiskVolume4\Windows\System32\vcruntime140_1.dll' [rescheduled]
2638.19f4: Detected loader lock ownership: rc=VINF_SUCCESS '\Device\HarddiskVolume4\Windows\System32\ole32.dll'.
2638.19f4: supR3HardenedWinVerifyCacheProcessWvtTodos: 0 (was 0) fWinVerifyTrust=0 for '\Device\HarddiskVolume4\Windows\System32\ole32.dll' [rescheduled]
2638.19f4: supR3HardenedMonitor_LdrLoadDll: returns rcNt=0x0 hMod=00007ffd366e0000 'C:\Program Files\Oracle\VirtualBox\VBoxRT.dll'
2638.19f4: Detected loader lock ownership: rc=VINF_SUCCESS '\Device\HarddiskVolume4\Windows\System32\oleaut32.dll'.
2638.19f4: supR3HardenedWinVerifyCacheProcessWvtTodos: 0 (was 0) fWinVerifyTrust=0 for '\Device\HarddiskVolume4\Windows\System32\oleaut32.dll' [rescheduled]
2638.19f4: Detected loader lock ownership: rc=VINF_SUCCESS '\Device\HarddiskVolume4\Windows\System32\imm32.dll'.
2638.19f4: supR3HardenedWinVerifyCacheProcessWvtTodos: 0 (was 0) fWinVerifyTrust=0 for '\Device\HarddiskVolume4\Windows\System32\imm32.dll' [rescheduled]
2638.19f4: Detected loader lock ownership: rc=VINF_SUCCESS '\Device\HarddiskVolume4\Windows\System32\gdi32full.dll'.
2638.19f4: supR3HardenedWinVerifyCacheProcessWvtTodos: 0 (was 0) fWinVerifyTrust=0 for '\Device\HarddiskVolume4\Windows\System32\gdi32full.dll' [rescheduled]
2638.19f4: Detected loader lock ownership: rc=VINF_SUCCESS '\Device\HarddiskVolume4\Windows\System32\win32u.dll'.
2638.19f4: supR3HardenedWinVerifyCacheProcessWvtTodos: 0 (was 0) fWinVerifyTrust=0 for '\Device\HarddiskVolume4\Windows\System32\win32u.dll' [rescheduled]
2638.19f4: Detected loader lock ownership: rc=VINF_SUCCESS '\Device\HarddiskVolume4\Windows\System32\msvcp_win.dll'.
2638.19f4: supR3HardenedWinVerifyCacheProcessWvtTodos: 0 (was 0) fWinVerifyTrust=0 for '\Device\HarddiskVolume4\Windows\System32\msvcp_win.dll' [rescheduled]
2638.19f4: Detected loader lock ownership: rc=VINF_SUCCESS '\Device\HarddiskVolume4\Windows\System32\gdi32.dll'.
2638.19f4: supR3HardenedWinVerifyCacheProcessWvtTodos: 0 (was 0) fWinVerifyTrust=0 for '\Device\HarddiskVolume4\Windows\System32\gdi32.dll' [rescheduled]
2638.19f4: Detected loader lock ownership: rc=VINF_SUCCESS '\Device\HarddiskVolume4\Windows\System32\user32.dll'.
2638.19f4: supR3HardenedWinVerifyCacheProcessWvtTodos: 0 (was 0) fWinVerifyTrust=0 for '\Device\HarddiskVolume4\Windows\System32\user32.dll' [rescheduled]
2638.19f4: Detected loader lock ownership: rc=VINF_SUCCESS '\Device\HarddiskVolume4\Windows\System32\combase.dll'.
2638.19f4: supR3HardenedWinVerifyCacheProcessWvtTodos: 0 (was 0) fWinVerifyTrust=0 for '\Device\HarddiskVolume4\Windows\System32\combase.dll' [rescheduled]
2638.19f4: Detected loader lock ownership: rc=VINF_SUCCESS '\Device\HarddiskVolume4\Windows\System32\vcruntime140_1.dll'.
2638.19f4: supR3HardenedWinVerifyCacheProcessWvtTodos: 0 (was 0) fWinVerifyTrust=0 for '\Device\HarddiskVolume4\Windows\System32\vcruntime140_1.dll' [rescheduled]
2638.19f4: Detected loader lock ownership: rc=VINF_SUCCESS '\Device\HarddiskVolume4\Windows\System32\ole32.dll'.
2638.19f4: supR3HardenedWinVerifyCacheProcessWvtTodos: 0 (was 0) fWinVerifyTrust=0 for '\Device\HarddiskVolume4\Windows\System32\ole32.dll' [rescheduled]
2638.19f4: Detected loader lock ownership: rc=VINF_SUCCESS '\Device\HarddiskVolume4\Windows\System32\oleaut32.dll'.
2638.19f4: supR3HardenedWinVerifyCacheProcessWvtTodos: 0 (was 0) fWinVerifyTrust=0 for '\Device\HarddiskVolume4\Windows\System32\oleaut32.dll' [rescheduled]
2638.19f4: Detected loader lock ownership: rc=VINF_SUCCESS '\Device\HarddiskVolume4\Windows\System32\imm32.dll'.
2638.19f4: supR3HardenedWinVerifyCacheProcessWvtTodos: 0 (was 0) fWinVerifyTrust=0 for '\Device\HarddiskVolume4\Windows\System32\imm32.dll' [rescheduled]
2638.19f4: Detected loader lock ownership: rc=VINF_SUCCESS '\Device\HarddiskVolume4\Windows\System32\gdi32full.dll'.
2638.19f4: supR3HardenedWinVerifyCacheProcessWvtTodos: 0 (was 0) fWinVerifyTrust=0 for '\Device\HarddiskVolume4\Windows\System32\gdi32full.dll' [rescheduled]
2638.19f4: Detected loader lock ownership: rc=VINF_SUCCESS '\Device\HarddiskVolume4\Windows\System32\win32u.dll'.
2638.19f4: supR3HardenedWinVerifyCacheProcessWvtTodos: 0 (was 0) fWinVerifyTrust=0 for '\Device\HarddiskVolume4\Windows\System32\win32u.dll' [rescheduled]
2638.19f4: Detected loader lock ownership: rc=VINF_SUCCESS '\Device\HarddiskVolume4\Windows\System32\msvcp_win.dll'.
2638.19f4: supR3HardenedWinVerifyCacheProcessWvtTodos: 0 (was 0) fWinVerifyTrust=0 for '\Device\HarddiskVolume4\Windows\System32\msvcp_win.dll' [rescheduled]
2638.19f4: Detected loader lock ownership: rc=VINF_SUCCESS '\Device\HarddiskVolume4\Windows\System32\gdi32.dll'.
2638.19f4: supR3HardenedWinVerifyCacheProcessWvtTodos: 0 (was 0) fWinVerifyTrust=0 for '\Device\HarddiskVolume4\Windows\System32\gdi32.dll' [rescheduled]
2638.19f4: Detected loader lock ownership: rc=VINF_SUCCESS '\Device\HarddiskVolume4\Windows\System32\user32.dll'.
2638.19f4: supR3HardenedWinVerifyCacheProcessWvtTodos: 0 (was 0) fWinVerifyTrust=0 for '\Device\HarddiskVolume4\Windows\System32\user32.dll' [rescheduled]
2638.19f4: Detected loader lock ownership: rc=VINF_SUCCESS '\Device\HarddiskVolume4\Windows\System32\combase.dll'.
2638.19f4: supR3HardenedWinVerifyCacheProcessWvtTodos: 0 (was 0) fWinVerifyTrust=0 for '\Device\HarddiskVolume4\Windows\System32\combase.dll' [rescheduled]
2638.19f4: Detected loader lock ownership: rc=VINF_SUCCESS '\Device\HarddiskVolume4\Windows\System32\vcruntime140_1.dll'.
2638.19f4: supR3HardenedWinVerifyCacheProcessWvtTodos: 0 (was 0) fWinVerifyTrust=0 for '\Device\HarddiskVolume4\Windows\System32\vcruntime140_1.dll' [rescheduled]
2638.19f4: Detected loader lock ownership: rc=VINF_SUCCESS '\Device\HarddiskVolume4\Windows\System32\ole32.dll'.
2638.19f4: supR3HardenedWinVerifyCacheProcessWvtTodos: 0 (was 0) fWinVerifyTrust=0 for '\Device\HarddiskVolume4\Windows\System32\ole32.dll' [rescheduled]
2638.19f4: supR3HardenedMonitor_LdrLoadDll: returns rcNt=0x0 hMod=00007ffd366e0000 'C:\Program Files\Oracle\VirtualBox\VBoxRT.dll'
2638.19f4: Detected loader lock ownership: rc=VINF_SUCCESS '\Device\HarddiskVolume4\Windows\System32\oleaut32.dll'.
2638.19f4: supR3HardenedWinVerifyCacheProcessWvtTodos: 0 (was 0) fWinVerifyTrust=0 for '\Device\HarddiskVolume4\Windows\System32\oleaut32.dll' [rescheduled]
2638.19f4: Detected loader lock ownership: rc=VINF_SUCCESS '\Device\HarddiskVolume4\Windows\System32\imm32.dll'.
2638.19f4: supR3HardenedWinVerifyCacheProcessWvtTodos: 0 (was 0) fWinVerifyTrust=0 for '\Device\HarddiskVolume4\Windows\System32\imm32.dll' [rescheduled]
2638.19f4: Detected loader lock ownership: rc=VINF_SUCCESS '\Device\HarddiskVolume4\Windows\System32\gdi32full.dll'.
2638.19f4: supR3HardenedWinVerifyCacheProcessWvtTodos: 0 (was 0) fWinVerifyTrust=0 for '\Device\HarddiskVolume4\Windows\System32\gdi32full.dll' [rescheduled]
2638.19f4: Detected loader lock ownership: rc=VINF_SUCCESS '\Device\HarddiskVolume4\Windows\System32\win32u.dll'.
2638.19f4: supR3HardenedWinVerifyCacheProcessWvtTodos: 0 (was 0) fWinVerifyTrust=0 for '\Device\HarddiskVolume4\Windows\System32\win32u.dll' [rescheduled]
2638.19f4: Detected loader lock ownership: rc=VINF_SUCCESS '\Device\HarddiskVolume4\Windows\System32\msvcp_win.dll'.
2638.19f4: supR3HardenedWinVerifyCacheProcessWvtTodos: 0 (was 0) fWinVerifyTrust=0 for '\Device\HarddiskVolume4\Windows\System32\msvcp_win.dll' [rescheduled]
2638.19f4: Detected loader lock ownership: rc=VINF_SUCCESS '\Device\HarddiskVolume4\Windows\System32\gdi32.dll'.
2638.19f4: supR3HardenedWinVerifyCacheProcessWvtTodos: 0 (was 0) fWinVerifyTrust=0 for '\Device\HarddiskVolume4\Windows\System32\gdi32.dll' [rescheduled]
2638.19f4: Detected loader lock ownership: rc=VINF_SUCCESS '\Device\HarddiskVolume4\Windows\System32\user32.dll'.
2638.19f4: supR3HardenedWinVerifyCacheProcessWvtTodos: 0 (was 0) fWinVerifyTrust=0 for '\Device\HarddiskVolume4\Windows\System32\user32.dll' [rescheduled]
2638.19f4: Detected loader lock ownership: rc=VINF_SUCCESS '\Device\HarddiskVolume4\Windows\System32\combase.dll'.
2638.19f4: supR3HardenedWinVerifyCacheProcessWvtTodos: 0 (was 0) fWinVerifyTrust=0 for '\Device\HarddiskVolume4\Windows\System32\combase.dll' [rescheduled]
2638.19f4: Detected loader lock ownership: rc=VINF_SUCCESS '\Device\HarddiskVolume4\Windows\System32\vcruntime140_1.dll'.
2638.19f4: supR3HardenedWinVerifyCacheProcessWvtTodos: 0 (was 0) fWinVerifyTrust=0 for '\Device\HarddiskVolume4\Windows\System32\vcruntime140_1.dll' [rescheduled]
2638.19f4: Detected loader lock ownership: rc=VINF_SUCCESS '\Device\HarddiskVolume4\Windows\System32\ole32.dll'.
2638.19f4: supR3HardenedWinVerifyCacheProcessWvtTodos: 0 (was 0) fWinVerifyTrust=0 for '\Device\HarddiskVolume4\Windows\System32\ole32.dll' [rescheduled]
2638.19f4: supR3HardenedMonitor_LdrLoadDll: returns rcNt=0x0 hMod=00007ffd366e0000 'C:\Program Files\Oracle\VirtualBox\VBoxRT.dll'
2638.19f4: supR3HardenedScreenImage/LdrLoadDll: cache hit (VINF_SUCCESS) on \Device\HarddiskVolume4\Windows\System32\rsaenh.dll
2638.19f4: supR3HardenedMonitor_LdrLoadDll: pName=C:\WINDOWS\system32\rsaenh.dll (rcNtResolve=0xc0150008) *pfFlags=0x0 pwszSearchPath=0000000000000001:<flags> [calling]
2638.19f4: supR3HardenedMonitor_LdrLoadDll: returns rcNt=0x0 hMod=00007ffdd12a0000 'C:\WINDOWS\system32\rsaenh.dll'
2638.19f4: supR3HardenedMonitor_LdrLoadDll: returns rcNt=0x0 hMod=00007ffdd2380000 'C:\WINDOWS\System32\crypt32.dll'
2638.19f4: supR3HardenedWinVerifyCacheProcessWvtTodos: 0 (was 0) fWinVerifyTrust=1 for '\Device\HarddiskVolume4\Windows\System32\oleaut32.dll'
2638.19f4: supR3HardenedMonitor_LdrLoadDll: returns rcNt=0x0 hMod=00007ffdd12a0000 'C:\WINDOWS\system32\rsaenh.dll'
2638.19f4: supR3HardenedMonitor_LdrLoadDll: returns rcNt=0x0 hMod=00007ffdd2380000 'C:\WINDOWS\System32\crypt32.dll'
2638.19f4: supR3HardenedWinVerifyCacheProcessWvtTodos: 0 (was 0) fWinVerifyTrust=1 for '\Device\HarddiskVolume4\Windows\System32\imm32.dll'
2638.19f4: supR3HardenedMonitor_LdrLoadDll: returns rcNt=0x0 hMod=00007ffdd12a0000 'C:\WINDOWS\system32\rsaenh.dll'
2638.19f4: supR3HardenedMonitor_LdrLoadDll: returns rcNt=0x0 hMod=00007ffdd2380000 'C:\WINDOWS\System32\crypt32.dll'
2638.19f4: supR3HardenedWinVerifyCacheProcessWvtTodos: 0 (was 0) fWinVerifyTrust=1 for '\Device\HarddiskVolume4\Windows\System32\gdi32full.dll'
2638.19f4: supR3HardenedMonitor_LdrLoadDll: returns rcNt=0x0 hMod=00007ffdd12a0000 'C:\WINDOWS\system32\rsaenh.dll'
2638.19f4: supR3HardenedMonitor_LdrLoadDll: returns rcNt=0x0 hMod=00007ffdd2380000 'C:\WINDOWS\System32\crypt32.dll'
2638.19f4: supR3HardenedWinVerifyCacheProcessWvtTodos: 0 (was 0) fWinVerifyTrust=1 for '\Device\HarddiskVolume4\Windows\System32\win32u.dll'
2638.19f4: supR3HardenedMonitor_LdrLoadDll: returns rcNt=0x0 hMod=00007ffdd12a0000 'C:\WINDOWS\system32\rsaenh.dll'
2638.19f4: supR3HardenedMonitor_LdrLoadDll: returns rcNt=0x0 hMod=00007ffdd2380000 'C:\WINDOWS\System32\crypt32.dll'
2638.19f4: supR3HardenedWinVerifyCacheProcessWvtTodos: 0 (was 0) fWinVerifyTrust=1 for '\Device\HarddiskVolume4\Windows\System32\msvcp_win.dll'
2638.19f4: supR3HardenedMonitor_LdrLoadDll: returns rcNt=0x0 hMod=00007ffdd12a0000 'C:\WINDOWS\system32\rsaenh.dll'
2638.19f4: supR3HardenedMonitor_LdrLoadDll: returns rcNt=0x0 hMod=00007ffdd2380000 'C:\WINDOWS\System32\crypt32.dll'
2638.19f4: supR3HardenedWinVerifyCacheProcessWvtTodos: 0 (was 0) fWinVerifyTrust=1 for '\Device\HarddiskVolume4\Windows\System32\gdi32.dll'
2638.19f4: supR3HardenedMonitor_LdrLoadDll: returns rcNt=0x0 hMod=00007ffdd12a0000 'C:\WINDOWS\system32\rsaenh.dll'
2638.19f4: supR3HardenedMonitor_LdrLoadDll: returns rcNt=0x0 hMod=00007ffdd2380000 'C:\WINDOWS\System32\crypt32.dll'
2638.19f4: supR3HardenedWinVerifyCacheProcessWvtTodos: 0 (was 0) fWinVerifyTrust=1 for '\Device\HarddiskVolume4\Windows\System32\user32.dll'
2638.19f4: supR3HardenedMonitor_LdrLoadDll: returns rcNt=0x0 hMod=00007ffdd12a0000 'C:\WINDOWS\system32\rsaenh.dll'
2638.19f4: supR3HardenedMonitor_LdrLoadDll: returns rcNt=0x0 hMod=00007ffdd2380000 'C:\WINDOWS\System32\crypt32.dll'
2638.19f4: supR3HardenedWinVerifyCacheProcessWvtTodos: 0 (was 0) fWinVerifyTrust=1 for '\Device\HarddiskVolume4\Windows\System32\combase.dll'
2638.19f4: supR3HardenedMonitor_LdrLoadDll: returns rcNt=0x0 hMod=00007ffdd12a0000 'C:\WINDOWS\system32\rsaenh.dll'
2638.19f4: supR3HardenedMonitor_LdrLoadDll: returns rcNt=0x0 hMod=00007ffdd2380000 'C:\WINDOWS\System32\crypt32.dll'
2638.19f4: supR3HardenedWinVerifyCacheProcessWvtTodos: 0 (was 0) fWinVerifyTrust=1 for '\Device\HarddiskVolume4\Windows\System32\vcruntime140_1.dll'
2638.19f4: supR3HardenedMonitor_LdrLoadDll: returns rcNt=0x0 hMod=00007ffdd12a0000 'C:\WINDOWS\system32\rsaenh.dll'
2638.19f4: supR3HardenedMonitor_LdrLoadDll: returns rcNt=0x0 hMod=00007ffdd2380000 'C:\WINDOWS\System32\crypt32.dll'
2638.19f4: supR3HardenedWinVerifyCacheProcessWvtTodos: 0 (was 0) fWinVerifyTrust=1 for '\Device\HarddiskVolume4\Windows\System32\ole32.dll'
2638.19f4: supR3HardenedScreenImage/LdrLoadDll: cache hit (VINF_SUCCESS) on \Device\HarddiskVolume4\Windows\System32\wintrust.dll
2638.19f4: supR3HardenedMonitor_LdrLoadDll: pName=C:\WINDOWS\system32\Wintrust.dll (rcNtResolve=0xc0150008) *pfFlags=0x0 pwszSearchPath=0000000000000801:<flags> [calling]
2638.19f4: supR3HardenedMonitor_LdrLoadDll: returns rcNt=0x0 hMod=00007ffdd2750000 'C:\WINDOWS\system32\Wintrust.dll'
2638.19f4: supR3HardenedMonitor_LdrLoadDll: returns rcNt=0x0 hMod=00007ffdd12a0000 'C:\WINDOWS\system32\rsaenh.dll'
2638.19f4: supR3HardenedMonitor_LdrLoadDll: returns rcNt=0x0 hMod=00007ffdd2380000 'C:\WINDOWS\System32\crypt32.dll'
2638.19f4: supR3HardenedMonitor_LdrLoadDll: returns rcNt=0x0 hMod=00007ffdd12a0000 'C:\WINDOWS\system32\rsaenh.dll'
2638.19f4: supR3HardenedMonitor_LdrLoadDll: returns rcNt=0x0 hMod=00007ffdd2380000 'C:\WINDOWS\System32\crypt32.dll'
2638.19f4: supR3HardenedMonitor_LdrLoadDll: returns rcNt=0x0 hMod=00007ffdd2380000 'C:\WINDOWS\system32\crypt32.dll'
2638.19f4: SUPR3HardenedMain: Load TrustedMain...
2638.33d8: supR3HardenedIsApiSetDll: ApiSetQueryApiSetPresence(api-ms-win-appmodel-runtime-l1-1-2) -> 0x0, fPresent=1
2638.33d8: supR3HardenedMonitor_LdrLoadDll: pName=api-ms-win-appmodel-runtime-l1-1-2 (rcNtResolve=0x0) *pfFlags=0x0 pwszSearchPath=0000000000000801:<flags> [calling]
2638.33d8: supR3HardenedWinVerifyCacheScheduleImports: Import todo: #8 'msvcrt.dll'.
2638.33d8: supHardenedWinVerifyImageByHandle: -> 0 (\Device\HarddiskVolume4\Windows\System32\kernel.appcore.dll)
2638.33d8: supR3HardenedWinVerifyCacheInsert: \Device\HarddiskVolume4\Windows\System32\kernel.appcore.dll
2638.33d8: supR3HardenedDllNotificationCallback: load   00007ffdd12e0000 LB 0x00018000 C:\WINDOWS\SYSTEM32\kernel.appcore.dll [fFlags=0x0]
2638.33d8: supR3HardenedScreenImage/LdrLoadDll: cache hit (VINF_SUCCESS) on \Device\HarddiskVolume4\Windows\System32\kernel.appcore.dll [avoiding WinVerifyTrust]
2638.33d8: supR3HardenedMonitor_LdrLoadDll: returns rcNt=0x0 hMod=00007ffdd12e0000 'api-ms-win-appmodel-runtime-l1-1-2'
2638.33d8: supR3HardenedWinVerifyCacheProcessImportTodos: Processing 'msvcrt.dll'...
2638.33d8: supR3HardenedWinVerifyCacheProcessImportTodos: 'msvcrt.dll' -> '\Device\HarddiskVolume4\Windows\System32\msvcrt.dll' [rcNtRedir=0xc0150008]
2638.33d8: supR3HardenedScreenImage/Imports: cache hit (VINF_SUCCESS) on \Device\HarddiskVolume4\Windows\System32\msvcrt.dll
2638.33d8: supR3HardenedMonitor_LdrLoadDll: returns rcNt=0x0 hMod=00007ffdd12a0000 'C:\WINDOWS\system32\rsaenh.dll'
2638.33d8: supR3HardenedMonitor_LdrLoadDll: returns rcNt=0x0 hMod=00007ffdd2380000 'C:\WINDOWS\System32\crypt32.dll'
2638.33d8: supR3HardenedWinVerifyCacheProcessWvtTodos: 0 (was 0) fWinVerifyTrust=1 for '\Device\HarddiskVolume4\Windows\System32\kernel.appcore.dll'
2638.19f4: \Device\HarddiskVolume4\Program Files\Oracle\VirtualBox\VirtualBoxVM.dll: Signature #1/2: info status: 24202
2638.19f4: supR3HardenedMonitor_LdrLoadDll: returns rcNt=0x0 hMod=00007ffdd12a0000 'C:\WINDOWS\system32\rsaenh.dll'
2638.19f4: supR3HardenedMonitor_LdrLoadDll: returns rcNt=0x0 hMod=00007ffdd2380000 'C:\WINDOWS\System32\crypt32.dll'
2638.19f4: supR3HardenedWinVerifyCacheScheduleImports: Import todo: #0 'uicommon.dll'.
2638.19f4: supR3HardenedWinVerifyCacheScheduleImports: Import todo: #1 'vboxrt.dll'.
2638.19f4: supR3HardenedWinVerifyCacheScheduleImports: Import todo: #2 'vcruntime140.dll'.
2638.19f4: supR3HardenedWinVerifyCacheScheduleImports: Import todo: #3 'vcruntime140_1.dll'.
2638.19f4: supR3HardenedWinVerifyCacheScheduleImports: Import todo: #4 'qt5corevbox.dll'.
2638.19f4: supR3HardenedWinVerifyCacheScheduleImports: Import todo: #5 'qt5guivbox.dll'.
2638.19f4: supR3HardenedWinVerifyCacheScheduleImports: Import todo: #6 'qt5widgetsvbox.dll'.
2638.19f4: supR3HardenedWinVerifyCacheScheduleImports: Import todo: #8 'user32.dll'.
2638.19f4: supR3HardenedWinVerifyCacheScheduleImports: Import todo: #9 'advapi32.dll'.
2638.19f4: supR3HardenedWinVerifyCacheScheduleImports: Import todo: #10 'ole32.dll'.
2638.19f4: supR3HardenedWinVerifyCacheScheduleImports: Import todo: #11 'oleaut32.dll'.
2638.19f4: supR3HardenedWinVerifyCacheScheduleImports: Import todo: #12 'winmm.dll'.
2638.19f4: supHardenedWinVerifyImageByHandle: -> 0 (\Device\HarddiskVolume4\Program Files\Oracle\VirtualBox\VirtualBoxVM.dll) WinVerifyTrust
2638.19f4: supR3HardenedWinVerifyCacheInsert: \Device\HarddiskVolume4\Program Files\Oracle\VirtualBox\VirtualBoxVM.dll
2638.19f4: supR3HardenedWinVerifyCacheProcessImportTodos: Processing 'winmm.dll'...
2638.19f4: supR3HardenedWinVerifyCacheProcessImportTodos: 'winmm.dll' -> '\Device\HarddiskVolume4\Windows\System32\winmm.dll' [rcNtRedir=0xc0150008]
2638.19f4: supR3HardenedMonitor_LdrLoadDll: returns rcNt=0x0 hMod=00007ffdd12a0000 'C:\WINDOWS\system32\rsaenh.dll'
2638.19f4: supR3HardenedMonitor_LdrLoadDll: returns rcNt=0x0 hMod=00007ffdd2380000 'C:\WINDOWS\System32\crypt32.dll'
2638.19f4: supHardenedWinVerifyImageByHandle: -> 0 (\Device\HarddiskVolume4\Windows\System32\winmm.dll) WinVerifyTrust
2638.19f4: supR3HardenedWinVerifyCacheInsert: \Device\HarddiskVolume4\Windows\System32\winmm.dll
2638.19f4: supR3HardenedWinVerifyCacheProcessImportTodos: Processing 'oleaut32.dll'...
2638.19f4: supR3HardenedWinVerifyCacheProcessImportTodos: 'oleaut32.dll' -> '\Device\HarddiskVolume4\Windows\System32\oleaut32.dll' [rcNtRedir=0xc0150008]
2638.19f4: supR3HardenedScreenImage/Imports: cache hit (VINF_SUCCESS) on \Device\HarddiskVolume4\Windows\System32\oleaut32.dll
2638.19f4: supR3HardenedWinVerifyCacheProcessImportTodos: Processing 'ole32.dll'...
2638.19f4: supR3HardenedWinVerifyCacheProcessImportTodos: 'ole32.dll' -> '\Device\HarddiskVolume4\Windows\System32\ole32.dll' [rcNtRedir=0xc0150008]
2638.19f4: supR3HardenedScreenImage/Imports: cache hit (VINF_SUCCESS) on \Device\HarddiskVolume4\Windows\System32\ole32.dll
2638.19f4: supR3HardenedWinVerifyCacheProcessImportTodos: Processing 'advapi32.dll'...
2638.19f4: supR3HardenedWinVerifyCacheProcessImportTodos: 'advapi32.dll' -> '\Device\HarddiskVolume4\Windows\System32\advapi32.dll' [rcNtRedir=0xc0150008]
2638.19f4: supR3HardenedScreenImage/Imports: cache hit (VINF_SUCCESS) on \Device\HarddiskVolume4\Windows\System32\advapi32.dll
2638.19f4: supR3HardenedWinVerifyCacheProcessImportTodos: Processing 'user32.dll'...
2638.19f4: supR3HardenedWinVerifyCacheProcessImportTodos: 'user32.dll' -> '\Device\HarddiskVolume4\Windows\System32\user32.dll' [rcNtRedir=0xc0150008]
2638.19f4: supR3HardenedScreenImage/Imports: cache hit (VINF_SUCCESS) on \Device\HarddiskVolume4\Windows\System32\user32.dll
2638.19f4: supR3HardenedWinVerifyCacheProcessImportTodos: Processing 'qt5widgetsvbox.dll'...
2638.19f4: supR3HardenedWinVerifyCacheProcessImportTodos: 'qt5widgetsvbox.dll' -> '\Device\HarddiskVolume4\Program Files\Oracle\VirtualBox\qt5widgetsvbox.dll' [rcNtRedir=0xc0150008]
2638.19f4: \Device\HarddiskVolume4\Program Files\Oracle\VirtualBox\Qt5WidgetsVBox.dll: Signature #1/2: info status: 24202
2638.19f4: supR3HardenedMonitor_LdrLoadDll: returns rcNt=0x0 hMod=00007ffdd12a0000 'C:\WINDOWS\system32\rsaenh.dll'
2638.19f4: supR3HardenedMonitor_LdrLoadDll: returns rcNt=0x0 hMod=00007ffdd2380000 'C:\WINDOWS\System32\crypt32.dll'
2638.19f4: supR3HardenedWinVerifyCacheScheduleImports: Import todo: #0 'qt5guivbox.dll'.
2638.19f4: supR3HardenedWinVerifyCacheScheduleImports: Import todo: #1 'qt5corevbox.dll'.
2638.19f4: supR3HardenedWinVerifyCacheScheduleImports: Import todo: #2 'uxtheme.dll'.
2638.19f4: supR3HardenedWinVerifyCacheScheduleImports: Import todo: #3 'dwmapi.dll'.
2638.19f4: supR3HardenedWinVerifyCacheScheduleImports: Import todo: #4 'shell32.dll'.
2638.19f4: supR3HardenedWinVerifyCacheScheduleImports: Import todo: #5 'ole32.dll'.
2638.19f4: supR3HardenedWinVerifyCacheScheduleImports: Import todo: #6 'gdi32.dll'.
2638.19f4: supR3HardenedWinVerifyCacheScheduleImports: Import todo: #7 'user32.dll'.
2638.19f4: supR3HardenedWinVerifyCacheScheduleImports: Import todo: #8 'msvcp140.dll'.
2638.19f4: supR3HardenedWinVerifyCacheScheduleImports: Import todo: #9 'msvcp140_1.dll'.
2638.19f4: supR3HardenedWinVerifyCacheScheduleImports: Import todo: #11 'vcruntime140.dll'.
2638.19f4: supR3HardenedWinVerifyCacheScheduleImports: Import todo: #12 'vcruntime140_1.dll'.
2638.19f4: supHardenedWinVerifyImageByHandle: -> 0 (\Device\HarddiskVolume4\Program Files\Oracle\VirtualBox\Qt5WidgetsVBox.dll) WinVerifyTrust
2638.19f4: supR3HardenedWinVerifyCacheInsert: \Device\HarddiskVolume4\Program Files\Oracle\VirtualBox\Qt5WidgetsVBox.dll
2638.19f4: supR3HardenedWinVerifyCacheProcessImportTodos: Processing 'qt5guivbox.dll'...
2638.19f4: supR3HardenedWinVerifyCacheProcessImportTodos: 'qt5guivbox.dll' -> '\Device\HarddiskVolume4\Program Files\Oracle\VirtualBox\qt5guivbox.dll' [rcNtRedir=0xc0150008]
2638.19f4: \Device\HarddiskVolume4\Program Files\Oracle\VirtualBox\Qt5GuiVBox.dll: Signature #1/2: info status: 24202
2638.19f4: supR3HardenedWinVerifyCacheProcessImportTodos: Processing 'vcruntime140_1.dll'...
2638.19f4: supR3HardenedWinVerifyCacheProcessImportTodos: 'vcruntime140_1.dll' -> '\Device\HarddiskVolume4\Windows\System32\vcruntime140_1.dll' [rcNtRedir=0xc0150008]
2638.19f4: supR3HardenedScreenImage/Imports: cache hit (VINF_SUCCESS) on \Device\HarddiskVolume4\Windows\System32\vcruntime140_1.dll
2638.19f4: supR3HardenedWinVerifyCacheProcessImportTodos: Processing 'vcruntime140.dll'...
2638.19f4: supR3HardenedWinVerifyCacheProcessImportTodos: 'vcruntime140.dll' -> '\Device\HarddiskVolume4\Windows\System32\vcruntime140.dll' [rcNtRedir=0xc0150008]
2638.19f4: supR3HardenedScreenImage/Imports: cache hit (VINF_SUCCESS) on \Device\HarddiskVolume4\Windows\System32\vcruntime140.dll
2638.19f4: supR3HardenedWinVerifyCacheProcessImportTodos: Processing 'msvcp140_1.dll'...
2638.19f4: supR3HardenedWinVerifyCacheProcessImportTodos: 'msvcp140_1.dll' -> '\Device\HarddiskVolume4\Windows\System32\msvcp140_1.dll' [rcNtRedir=0xc0150008]
2638.19f4: Detected WinVerifyTrust recursion: rc=VINF_SUCCESS '\Device\HarddiskVolume4\Windows\System32\msvcp140_1.dll'.
2638.19f4: supR3HardenedWinVerifyCacheScheduleImports: Import todo: #0 'msvcp140.dll'.
2638.19f4: supR3HardenedWinVerifyCacheScheduleImports: Import todo: #1 'vcruntime140.dll'.
2638.19f4: supHardenedWinVerifyImageByHandle: -> 0 (\Device\HarddiskVolume4\Windows\System32\msvcp140_1.dll)
2638.19f4: supR3HardenedWinVerifyCacheInsert: \Device\HarddiskVolume4\Windows\System32\msvcp140_1.dll
2638.19f4: supR3HardenedWinVerifyCacheProcessImportTodos: Processing 'msvcp140.dll'...
2638.19f4: supR3HardenedWinVerifyCacheProcessImportTodos: 'msvcp140.dll' -> '\Device\HarddiskVolume4\Windows\System32\msvcp140.dll' [rcNtRedir=0xc0150008]
2638.19f4: supR3HardenedScreenImage/Imports: cache hit (VINF_SUCCESS) on \Device\HarddiskVolume4\Windows\System32\msvcp140.dll
2638.19f4: supR3HardenedWinVerifyCacheProcessImportTodos: Processing 'user32.dll'...
2638.19f4: supR3HardenedWinVerifyCacheProcessImportTodos: 'user32.dll' -> '\Device\HarddiskVolume4\Windows\System32\user32.dll' [rcNtRedir=0xc0150008]
2638.19f4: supR3HardenedScreenImage/Imports: cache hit (VINF_SUCCESS) on \Device\HarddiskVolume4\Windows\System32\user32.dll
2638.19f4: supR3HardenedWinVerifyCacheProcessImportTodos: Processing 'gdi32.dll'...
2638.19f4: supR3HardenedWinVerifyCacheProcessImportTodos: 'gdi32.dll' -> '\Device\HarddiskVolume4\Windows\System32\gdi32.dll' [rcNtRedir=0xc0150008]
2638.19f4: supR3HardenedScreenImage/Imports: cache hit (VINF_SUCCESS) on \Device\HarddiskVolume4\Windows\System32\gdi32.dll
2638.19f4: supR3HardenedWinVerifyCacheProcessImportTodos: Processing 'ole32.dll'...
2638.19f4: supR3HardenedWinVerifyCacheProcessImportTodos: 'ole32.dll' -> '\Device\HarddiskVolume4\Windows\System32\ole32.dll' [rcNtRedir=0xc0150008]
2638.19f4: supR3HardenedScreenImage/Imports: cache hit (VINF_SUCCESS) on \Device\HarddiskVolume4\Windows\System32\ole32.dll
2638.19f4: supR3HardenedWinVerifyCacheProcessImportTodos: Processing 'shell32.dll'...
2638.19f4: supR3HardenedWinVerifyCacheProcessImportTodos: 'shell32.dll' -> '\Device\HarddiskVolume4\Windows\System32\shell32.dll' [rcNtRedir=0xc0150008]
2638.19f4: Detected WinVerifyTrust recursion: rc=VINF_SUCCESS '\Device\HarddiskVolume4\Windows\System32\shell32.dll'.
2638.19f4: supR3HardenedWinVerifyCacheScheduleImports: Import todo: #0 'msvcp_win.dll'.
2638.19f4: supR3HardenedWinVerifyCacheScheduleImports: Import todo: #72 'user32.dll'.
2638.19f4: supR3HardenedWinVerifyCacheScheduleImports: Import todo: #74 'gdi32.dll'.
2638.19f4: supHardenedWinVerifyImageByHandle: -> 0 (\Device\HarddiskVolume4\Windows\System32\shell32.dll)
2638.19f4: supR3HardenedWinVerifyCacheInsert: \Device\HarddiskVolume4\Windows\System32\shell32.dll
2638.19f4: supR3HardenedWinVerifyCacheProcessImportTodos: Processing 'dwmapi.dll'...
2638.19f4: supR3HardenedWinVerifyCacheProcessImportTodos: 'dwmapi.dll' -> '\Device\HarddiskVolume4\Windows\System32\dwmapi.dll' [rcNtRedir=0xc0150008]
2638.19f4: Detected WinVerifyTrust recursion: rc=VINF_SUCCESS '\Device\HarddiskVolume4\Windows\System32\dwmapi.dll'.
2638.19f4: supR3HardenedWinVerifyCacheScheduleImports: Import todo: #24 'win32u.dll'.
2638.19f4: supR3HardenedWinVerifyCacheScheduleImports: Import todo: #25 'user32.dll'.
2638.19f4: supR3HardenedWinVerifyCacheScheduleImports: Import todo: #26 'gdi32.dll'.
2638.19f4: supHardenedWinVerifyImageByHandle: -> 0 (\Device\HarddiskVolume4\Windows\System32\dwmapi.dll)
2638.19f4: supR3HardenedWinVerifyCacheInsert: \Device\HarddiskVolume4\Windows\System32\dwmapi.dll
2638.19f4: supR3HardenedWinVerifyCacheProcessImportTodos: Processing 'uxtheme.dll'...
2638.19f4: supR3HardenedWinVerifyCacheProcessImportTodos: 'uxtheme.dll' -> '\Device\HarddiskVolume4\Windows\System32\uxtheme.dll' [rcNtRedir=0xc0150008]
2638.19f4: Detected WinVerifyTrust recursion: rc=22900 '\Device\HarddiskVolume4\Windows\System32\uxtheme.dll'.
2638.19f4: supR3HardenedWinVerifyCacheScheduleImports: Import todo: #40 'gdi32.dll'.
2638.19f4: supR3HardenedWinVerifyCacheScheduleImports: Import todo: #41 'user32.dll'.
2638.19f4: supHardenedWinVerifyImageByHandle: -> 22900 (\Device\HarddiskVolume4\Windows\System32\uxtheme.dll)
2638.19f4: supR3HardenedWinVerifyCacheInsert: \Device\HarddiskVolume4\Windows\System32\uxtheme.dll
2638.19f4: supR3HardenedWinVerifyCacheProcessImportTodos: Processing 'qt5corevbox.dll'...
2638.19f4: supR3HardenedWinVerifyCacheProcessImportTodos: 'qt5corevbox.dll' -> '\Device\HarddiskVolume4\Program Files\Oracle\VirtualBox\qt5corevbox.dll' [rcNtRedir=0xc0150008]
2638.19f4: \Device\HarddiskVolume4\Program Files\Oracle\VirtualBox\Qt5CoreVBox.dll: Signature #1/2: info status: 24202
2638.19f4: Detected WinVerifyTrust recursion: rc=24202 '\Device\HarddiskVolume4\Program Files\Oracle\VirtualBox\Qt5CoreVBox.dll'.
2638.19f4: supR3HardenedWinVerifyCacheScheduleImports: Import todo: #0 'mpr.dll'.
2638.19f4: supR3HardenedWinVerifyCacheScheduleImports: Import todo: #1 'userenv.dll'.
2638.19f4: supR3HardenedWinVerifyCacheScheduleImports: Import todo: #2 'version.dll'.
2638.19f4: supR3HardenedWinVerifyCacheScheduleImports: Import todo: #3 'netapi32.dll'.
2638.19f4: supR3HardenedWinVerifyCacheScheduleImports: Import todo: #4 'ws2_32.dll'.
2638.19f4: supR3HardenedWinVerifyCacheScheduleImports: Import todo: #5 'advapi32.dll'.
2638.19f4: supR3HardenedWinVerifyCacheScheduleImports: Import todo: #7 'ole32.dll'.
2638.19f4: supR3HardenedWinVerifyCacheScheduleImports: Import todo: #8 'shell32.dll'.
2638.19f4: supR3HardenedWinVerifyCacheScheduleImports: Import todo: #9 'user32.dll'.
2638.19f4: supR3HardenedWinVerifyCacheScheduleImports: Import todo: #10 'winmm.dll'.
2638.19f4: supR3HardenedWinVerifyCacheScheduleImports: Import todo: #11 'msvcp140.dll'.
2638.19f4: supR3HardenedWinVerifyCacheScheduleImports: Import todo: #12 'msvcp140_1.dll'.
2638.19f4: supR3HardenedWinVerifyCacheScheduleImports: Import todo: #13 'vcruntime140.dll'.
2638.19f4: supR3HardenedWinVerifyCacheScheduleImports: Import todo: #14 'vcruntime140_1.dll'.
2638.19f4: supHardenedWinVerifyImageByHandle: -> 24202 (\Device\HarddiskVolume4\Program Files\Oracle\VirtualBox\Qt5CoreVBox.dll)
2638.19f4: supR3HardenedWinVerifyCacheInsert: \Device\HarddiskVolume4\Program Files\Oracle\VirtualBox\Qt5CoreVBox.dll
2638.19f4: supR3HardenedWinVerifyCacheProcessImportTodos: Processing 'qt5guivbox.dll'...
2638.19f4: supR3HardenedWinVerifyCacheProcessImportTodos: 'qt5guivbox.dll' -> '\Device\HarddiskVolume4\Program Files\Oracle\VirtualBox\qt5guivbox.dll' [rcNtRedir=0xc0150008]
2638.19f4: \Device\HarddiskVolume4\Program Files\Oracle\VirtualBox\Qt5GuiVBox.dll: Signature #1/2: info status: 24202
2638.19f4: Detected WinVerifyTrust recursion: rc=24202 '\Device\HarddiskVolume4\Program Files\Oracle\VirtualBox\Qt5GuiVBox.dll'.
2638.19f4: supR3HardenedWinVerifyCacheScheduleImports: Import todo: #0 'd3d11.dll'.
2638.19f4: supR3HardenedWinVerifyCacheScheduleImports: Import todo: #1 'dxgi.dll'.
2638.19f4: supR3HardenedWinVerifyCacheScheduleImports: Import todo: #2 'qt5corevbox.dll'.
2638.19f4: supR3HardenedWinVerifyCacheScheduleImports: Import todo: #3 'ole32.dll'.
2638.19f4: supR3HardenedWinVerifyCacheScheduleImports: Import todo: #4 'opengl32.dll'.
2638.19f4: supR3HardenedWinVerifyCacheScheduleImports: Import todo: #5 'gdi32.dll'.
2638.19f4: supR3HardenedWinVerifyCacheScheduleImports: Import todo: #6 'user32.dll'.
2638.19f4: supR3HardenedWinVerifyCacheScheduleImports: Import todo: #7 'msvcp140.dll'.
2638.19f4: supR3HardenedWinVerifyCacheScheduleImports: Import todo: #9 'vcruntime140.dll'.
2638.19f4: supR3HardenedWinVerifyCacheScheduleImports: Import todo: #10 'vcruntime140_1.dll'.
2638.19f4: supHardenedWinVerifyImageByHandle: -> 24202 (\Device\HarddiskVolume4\Program Files\Oracle\VirtualBox\Qt5GuiVBox.dll)
2638.19f4: supR3HardenedWinVerifyCacheInsert: \Device\HarddiskVolume4\Program Files\Oracle\VirtualBox\Qt5GuiVBox.dll
2638.19f4: supR3HardenedWinVerifyCacheProcessImportTodos: Processing 'vcruntime140_1.dll'...
2638.19f4: supR3HardenedWinVerifyCacheProcessImportTodos: 'vcruntime140_1.dll' -> '\Device\HarddiskVolume4\Windows\System32\vcruntime140_1.dll' [rcNtRedir=0xc0150008]
2638.19f4: supR3HardenedScreenImage/Imports: cache hit (VINF_SUCCESS) on \Device\HarddiskVolume4\Windows\System32\vcruntime140_1.dll
2638.19f4: supR3HardenedWinVerifyCacheProcessImportTodos: Processing 'vcruntime140.dll'...
2638.19f4: supR3HardenedWinVerifyCacheProcessImportTodos: 'vcruntime140.dll' -> '\Device\HarddiskVolume4\Windows\System32\vcruntime140.dll' [rcNtRedir=0xc0150008]
2638.19f4: supR3HardenedScreenImage/Imports: cache hit (VINF_SUCCESS) on \Device\HarddiskVolume4\Windows\System32\vcruntime140.dll
2638.19f4: supR3HardenedWinVerifyCacheProcessImportTodos: Processing 'msvcp140.dll'...
2638.19f4: supR3HardenedWinVerifyCacheProcessImportTodos: 'msvcp140.dll' -> '\Device\HarddiskVolume4\Windows\System32\msvcp140.dll' [rcNtRedir=0xc0150008]
2638.19f4: supR3HardenedScreenImage/Imports: cache hit (VINF_SUCCESS) on \Device\HarddiskVolume4\Windows\System32\msvcp140.dll
2638.19f4: supR3HardenedWinVerifyCacheProcessImportTodos: Processing 'user32.dll'...
2638.19f4: supR3HardenedWinVerifyCacheProcessImportTodos: 'user32.dll' -> '\Device\HarddiskVolume4\Windows\System32\user32.dll' [rcNtRedir=0xc0150008]
2638.19f4: supR3HardenedScreenImage/Imports: cache hit (VINF_SUCCESS) on \Device\HarddiskVolume4\Windows\System32\user32.dll
2638.19f4: supR3HardenedWinVerifyCacheProcessImportTodos: Processing 'gdi32.dll'...
2638.19f4: supR3HardenedWinVerifyCacheProcessImportTodos: 'gdi32.dll' -> '\Device\HarddiskVolume4\Windows\System32\gdi32.dll' [rcNtRedir=0xc0150008]
2638.19f4: supR3HardenedScreenImage/Imports: cache hit (VINF_SUCCESS) on \Device\HarddiskVolume4\Windows\System32\gdi32.dll
2638.19f4: supR3HardenedWinVerifyCacheProcessImportTodos: Processing 'opengl32.dll'...
2638.19f4: supR3HardenedWinVerifyCacheProcessImportTodos: 'opengl32.dll' -> '\Device\HarddiskVolume4\Windows\System32\opengl32.dll' [rcNtRedir=0xc0150008]
2638.19f4: Detected WinVerifyTrust recursion: rc=22900 '\Device\HarddiskVolume4\Windows\System32\opengl32.dll'.
2638.19f4: supR3HardenedWinVerifyCacheScheduleImports: Import todo: #0 'msvcrt.dll'.
2638.19f4: supR3HardenedWinVerifyCacheScheduleImports: Import todo: #2 'advapi32.dll'.
2638.19f4: supR3HardenedWinVerifyCacheScheduleImports: Import todo: #3 'user32.dll'.
2638.19f4: supR3HardenedWinVerifyCacheScheduleImports: Import todo: #7 'gdi32.dll'.
2638.19f4: supR3HardenedWinVerifyCacheScheduleImports: Import todo: #8 'glu32.dll'.
2638.19f4: supHardenedWinVerifyImageByHandle: -> 22900 (\Device\HarddiskVolume4\Windows\System32\opengl32.dll)
2638.19f4: supR3HardenedWinVerifyCacheInsert: \Device\HarddiskVolume4\Windows\System32\opengl32.dll
2638.19f4: supR3HardenedWinVerifyCacheProcessImportTodos: Processing 'ole32.dll'...
2638.19f4: supR3HardenedWinVerifyCacheProcessImportTodos: 'ole32.dll' -> '\Device\HarddiskVolume4\Windows\System32\ole32.dll' [rcNtRedir=0xc0150008]
2638.19f4: supR3HardenedScreenImage/Imports: cache hit (VINF_SUCCESS) on \Device\HarddiskVolume4\Windows\System32\ole32.dll
2638.19f4: supR3HardenedWinVerifyCacheProcessImportTodos: Processing 'qt5corevbox.dll'...
2638.19f4: supR3HardenedWinVerifyCacheProcessImportTodos: 'qt5corevbox.dll' -> '\Device\HarddiskVolume4\Program Files\Oracle\VirtualBox\qt5corevbox.dll' [rcNtRedir=0xc0150008]
2638.19f4: supR3HardenedScreenImage/Imports: cache hit (24202) on \Device\HarddiskVolume4\Program Files\Oracle\VirtualBox\Qt5CoreVBox.dll [lacks WinVerifyTrust]
2638.19f4: supR3HardenedWinVerifyCacheProcessImportTodos: Processing 'dxgi.dll'...
2638.19f4: supR3HardenedWinVerifyCacheProcessImportTodos: 'dxgi.dll' -> '\Device\HarddiskVolume4\Windows\System32\dxgi.dll' [rcNtRedir=0xc0150008]
2638.19f4: Detected WinVerifyTrust recursion: rc=VINF_SUCCESS '\Device\HarddiskVolume4\Windows\System32\dxgi.dll'.
2638.19f4: supR3HardenedWinVerifyCacheScheduleImports: Import todo: #0 'msvcp_win.dll'.
2638.19f4: supR3HardenedWinVerifyCacheScheduleImports: Import todo: #6 'win32u.dll'.
2638.19f4: supHardenedWinVerifyImageByHandle: -> 0 (\Device\HarddiskVolume4\Windows\System32\dxgi.dll)
2638.19f4: supR3HardenedWinVerifyCacheInsert: \Device\HarddiskVolume4\Windows\System32\dxgi.dll
2638.19f4: supR3HardenedWinVerifyCacheProcessImportTodos: Processing 'd3d11.dll'...
2638.19f4: supR3HardenedWinVerifyCacheProcessImportTodos: 'd3d11.dll' -> '\Device\HarddiskVolume4\Windows\System32\d3d11.dll' [rcNtRedir=0xc0150008]
2638.19f4: Detected WinVerifyTrust recursion: rc=VINF_SUCCESS '\Device\HarddiskVolume4\Windows\System32\d3d11.dll'.
2638.19f4: supR3HardenedWinVerifyCacheScheduleImports: Import todo: #0 'msvcp_win.dll'.
2638.19f4: supR3HardenedWinVerifyCacheScheduleImports: Import todo: #28 'dxgi.dll'.
2638.19f4: supR3HardenedWinVerifyCacheScheduleImports: Import todo: #30 'win32u.dll'.
2638.19f4: supHardenedWinVerifyImageByHandle: -> 0 (\Device\HarddiskVolume4\Windows\System32\d3d11.dll)
2638.19f4: supR3HardenedWinVerifyCacheInsert: \Device\HarddiskVolume4\Windows\System32\d3d11.dll
2638.19f4: supR3HardenedWinVerifyCacheProcessImportTodos: Processing 'vcruntime140_1.dll'...
2638.19f4: supR3HardenedWinVerifyCacheProcessImportTodos: 'vcruntime140_1.dll' -> '\Device\HarddiskVolume4\Windows\System32\vcruntime140_1.dll' [rcNtRedir=0xc0150008]
2638.19f4: supR3HardenedScreenImage/Imports: cache hit (VINF_SUCCESS) on \Device\HarddiskVolume4\Windows\System32\vcruntime140_1.dll
2638.19f4: supR3HardenedWinVerifyCacheProcessImportTodos: Processing 'vcruntime140.dll'...
2638.19f4: supR3HardenedWinVerifyCacheProcessImportTodos: 'vcruntime140.dll' -> '\Device\HarddiskVolume4\Windows\System32\vcruntime140.dll' [rcNtRedir=0xc0150008]
2638.19f4: supR3HardenedScreenImage/Imports: cache hit (VINF_SUCCESS) on \Device\HarddiskVolume4\Windows\System32\vcruntime140.dll
2638.19f4: supR3HardenedWinVerifyCacheProcessImportTodos: Processing 'msvcp140_1.dll'...
2638.19f4: supR3HardenedWinVerifyCacheProcessImportTodos: 'msvcp140_1.dll' -> '\Device\HarddiskVolume4\Windows\System32\msvcp140_1.dll' [rcNtRedir=0xc0150008]
2638.19f4: supR3HardenedScreenImage/Imports: cache hit (VINF_SUCCESS) on \Device\HarddiskVolume4\Windows\System32\msvcp140_1.dll [lacks WinVerifyTrust]
2638.19f4: supR3HardenedWinVerifyCacheProcessImportTodos: Processing 'msvcp140.dll'...
2638.19f4: supR3HardenedWinVerifyCacheProcessImportTodos: 'msvcp140.dll' -> '\Device\HarddiskVolume4\Windows\System32\msvcp140.dll' [rcNtRedir=0xc0150008]
2638.19f4: supR3HardenedScreenImage/Imports: cache hit (VINF_SUCCESS) on \Device\HarddiskVolume4\Windows\System32\msvcp140.dll
2638.19f4: supR3HardenedWinVerifyCacheProcessImportTodos: Processing 'winmm.dll'...
2638.19f4: supR3HardenedWinVerifyCacheProcessImportTodos: 'winmm.dll' -> '\Device\HarddiskVolume4\Windows\System32\winmm.dll' [rcNtRedir=0xc0150008]
2638.19f4: supR3HardenedScreenImage/Imports: cache hit (VINF_SUCCESS) on \Device\HarddiskVolume4\Windows\System32\winmm.dll
2638.19f4: supR3HardenedWinVerifyCacheProcessImportTodos: Processing 'user32.dll'...
2638.19f4: supR3HardenedWinVerifyCacheProcessImportTodos: 'user32.dll' -> '\Device\HarddiskVolume4\Windows\System32\user32.dll' [rcNtRedir=0xc0150008]
2638.19f4: supR3HardenedScreenImage/Imports: cache hit (VINF_SUCCESS) on \Device\HarddiskVolume4\Windows\System32\user32.dll
2638.19f4: supR3HardenedWinVerifyCacheProcessImportTodos: Processing 'shell32.dll'...
2638.19f4: supR3HardenedWinVerifyCacheProcessImportTodos: 'shell32.dll' -> '\Device\HarddiskVolume4\Windows\System32\shell32.dll' [rcNtRedir=0xc0150008]
2638.19f4: supR3HardenedScreenImage/Imports: cache hit (VINF_SUCCESS) on \Device\HarddiskVolume4\Windows\System32\shell32.dll [lacks WinVerifyTrust]
2638.19f4: supR3HardenedWinVerifyCacheProcessImportTodos: Processing 'ole32.dll'...
2638.19f4: supR3HardenedWinVerifyCacheProcessImportTodos: 'ole32.dll' -> '\Device\HarddiskVolume4\Windows\System32\ole32.dll' [rcNtRedir=0xc0150008]
2638.19f4: supR3HardenedScreenImage/Imports: cache hit (VINF_SUCCESS) on \Device\HarddiskVolume4\Windows\System32\ole32.dll
2638.19f4: supR3HardenedWinVerifyCacheProcessImportTodos: Processing 'advapi32.dll'...
2638.19f4: supR3HardenedWinVerifyCacheProcessImportTodos: 'advapi32.dll' -> '\Device\HarddiskVolume4\Windows\System32\advapi32.dll' [rcNtRedir=0xc0150008]
2638.19f4: supR3HardenedScreenImage/Imports: cache hit (VINF_SUCCESS) on \Device\HarddiskVolume4\Windows\System32\advapi32.dll
2638.19f4: supR3HardenedWinVerifyCacheProcessImportTodos: Processing 'ws2_32.dll'...
2638.19f4: supR3HardenedWinVerifyCacheProcessImportTodos: 'ws2_32.dll' -> '\Device\HarddiskVolume4\Windows\System32\ws2_32.dll' [rcNtRedir=0xc0150008]
2638.19f4: supR3HardenedScreenImage/Imports: cache hit (VINF_SUCCESS) on \Device\HarddiskVolume4\Windows\System32\ws2_32.dll
2638.19f4: supR3HardenedWinVerifyCacheProcessImportTodos: Processing 'netapi32.dll'...
2638.19f4: supR3HardenedWinVerifyCacheProcessImportTodos: 'netapi32.dll' -> '\Device\HarddiskVolume4\Windows\System32\netapi32.dll' [rcNtRedir=0xc0150008]
2638.19f4: Detected WinVerifyTrust recursion: rc=VINF_SUCCESS '\Device\HarddiskVolume4\Windows\System32\netapi32.dll'.
2638.19f4: supR3HardenedWinVerifyCacheScheduleImports: Import todo: #0 'msvcrt.dll'.
2638.19f4: supHardenedWinVerifyImageByHandle: -> 0 (\Device\HarddiskVolume4\Windows\System32\netapi32.dll)
2638.19f4: supR3HardenedWinVerifyCacheInsert: \Device\HarddiskVolume4\Windows\System32\netapi32.dll
2638.19f4: supR3HardenedWinVerifyCacheProcessImportTodos: Processing 'version.dll'...
2638.19f4: supR3HardenedWinVerifyCacheProcessImportTodos: 'version.dll' -> '\Device\HarddiskVolume4\Windows\System32\version.dll' [rcNtRedir=0xc0150008]
2638.19f4: Detected WinVerifyTrust recursion: rc=VINF_SUCCESS '\Device\HarddiskVolume4\Windows\System32\version.dll'.
2638.19f4: supR3HardenedWinVerifyCacheScheduleImports: Import todo: #0 'msvcrt.dll'.
2638.19f4: supHardenedWinVerifyImageByHandle: -> 0 (\Device\HarddiskVolume4\Windows\System32\version.dll)
2638.19f4: supR3HardenedWinVerifyCacheInsert: \Device\HarddiskVolume4\Windows\System32\version.dll
2638.19f4: supR3HardenedWinVerifyCacheProcessImportTodos: Processing 'userenv.dll'...
2638.19f4: supR3HardenedWinVerifyCacheProcessImportTodos: 'userenv.dll' -> '\Device\HarddiskVolume4\Windows\System32\userenv.dll' [rcNtRedir=0xc0150008]
2638.19f4: Detected WinVerifyTrust recursion: rc=VINF_SUCCESS '\Device\HarddiskVolume4\Windows\System32\userenv.dll'.
2638.19f4: supR3HardenedWinVerifyCacheScheduleImports: Import todo: #17 'rpcrt4.dll'.
2638.19f4: supHardenedWinVerifyImageByHandle: -> 0 (\Device\HarddiskVolume4\Windows\System32\userenv.dll)
2638.19f4: supR3HardenedWinVerifyCacheInsert: \Device\HarddiskVolume4\Windows\System32\userenv.dll
2638.19f4: supR3HardenedWinVerifyCacheProcessImportTodos: Processing 'mpr.dll'...
2638.19f4: supR3HardenedWinVerifyCacheProcessImportTodos: 'mpr.dll' -> '\Device\HarddiskVolume4\Windows\System32\mpr.dll' [rcNtRedir=0xc0150008]
2638.19f4: Detected WinVerifyTrust recursion: rc=VINF_SUCCESS '\Device\HarddiskVolume4\Windows\System32\mpr.dll'.
2638.19f4: supHardenedWinVerifyImageByHandle: -> 0 (\Device\HarddiskVolume4\Windows\System32\mpr.dll)
2638.19f4: supR3HardenedWinVerifyCacheInsert: \Device\HarddiskVolume4\Windows\System32\mpr.dll
2638.19f4: supR3HardenedWinVerifyCacheProcessImportTodos: Processing 'user32.dll'...
2638.19f4: supR3HardenedWinVerifyCacheProcessImportTodos: 'user32.dll' -> '\Device\HarddiskVolume4\Windows\System32\user32.dll' [rcNtRedir=0xc0150008]
2638.19f4: supR3HardenedScreenImage/Imports: cache hit (VINF_SUCCESS) on \Device\HarddiskVolume4\Windows\System32\user32.dll
2638.19f4: supR3HardenedWinVerifyCacheProcessImportTodos: Processing 'gdi32.dll'...
2638.19f4: supR3HardenedWinVerifyCacheProcessImportTodos: 'gdi32.dll' -> '\Device\HarddiskVolume4\Windows\System32\gdi32.dll' [rcNtRedir=0xc0150008]
2638.19f4: supR3HardenedScreenImage/Imports: cache hit (VINF_SUCCESS) on \Device\HarddiskVolume4\Windows\System32\gdi32.dll
2638.19f4: supR3HardenedWinVerifyCacheProcessImportTodos: Processing 'gdi32.dll'...
2638.19f4: supR3HardenedWinVerifyCacheProcessImportTodos: 'gdi32.dll' -> '\Device\HarddiskVolume4\Windows\System32\gdi32.dll' [rcNtRedir=0xc0150008]
2638.19f4: supR3HardenedScreenImage/Imports: cache hit (VINF_SUCCESS) on \Device\HarddiskVolume4\Windows\System32\gdi32.dll
2638.19f4: supR3HardenedWinVerifyCacheProcessImportTodos: Processing 'user32.dll'...
2638.19f4: supR3HardenedWinVerifyCacheProcessImportTodos: 'user32.dll' -> '\Device\HarddiskVolume4\Windows\System32\user32.dll' [rcNtRedir=0xc0150008]
2638.19f4: supR3HardenedScreenImage/Imports: cache hit (VINF_SUCCESS) on \Device\HarddiskVolume4\Windows\System32\user32.dll
2638.19f4: supR3HardenedWinVerifyCacheProcessImportTodos: Processing 'win32u.dll'...
2638.19f4: supR3HardenedWinVerifyCacheProcessImportTodos: 'win32u.dll' -> '\Device\HarddiskVolume4\Windows\System32\win32u.dll' [rcNtRedir=0xc0150008]
2638.19f4: supR3HardenedScreenImage/Imports: cache hit (VINF_SUCCESS) on \Device\HarddiskVolume4\Windows\System32\win32u.dll
2638.19f4: supR3HardenedWinVerifyCacheProcessImportTodos: Processing 'gdi32.dll'...
2638.19f4: supR3HardenedWinVerifyCacheProcessImportTodos: 'gdi32.dll' -> '\Device\HarddiskVolume4\Windows\System32\gdi32.dll' [rcNtRedir=0xc0150008]
2638.19f4: supR3HardenedScreenImage/Imports: cache hit (VINF_SUCCESS) on \Device\HarddiskVolume4\Windows\System32\gdi32.dll
2638.19f4: supR3HardenedWinVerifyCacheProcessImportTodos: Processing 'user32.dll'...
2638.19f4: supR3HardenedWinVerifyCacheProcessImportTodos: 'user32.dll' -> '\Device\HarddiskVolume4\Windows\System32\user32.dll' [rcNtRedir=0xc0150008]
2638.19f4: supR3HardenedWinVerifyCacheProcessImportTodos: Processing 'msvcp_win.dll'...
2638.19f4: supR3HardenedWinVerifyCacheProcessImportTodos: 'msvcp_win.dll' -> '\Device\HarddiskVolume4\Windows\System32\msvcp_win.dll' [rcNtRedir=0xc0150008]
2638.19f4: supR3HardenedScreenImage/Imports: cache hit (VINF_SUCCESS) on \Device\HarddiskVolume4\Windows\System32\msvcp_win.dll
2638.19f4: supR3HardenedWinVerifyCacheProcessImportTodos: Processing 'vcruntime140.dll'...
2638.19f4: supR3HardenedWinVerifyCacheProcessImportTodos: 'vcruntime140.dll' -> '\Device\HarddiskVolume4\Windows\System32\vcruntime140.dll' [rcNtRedir=0xc0150008]
2638.19f4: supR3HardenedWinVerifyCacheProcessImportTodos: Processing 'msvcp140.dll'...
2638.19f4: supR3HardenedWinVerifyCacheProcessImportTodos: 'msvcp140.dll' -> '\Device\HarddiskVolume4\Windows\System32\msvcp140.dll' [rcNtRedir=0xc0150008]
2638.19f4: supR3HardenedScreenImage/Imports: cache hit (VINF_SUCCESS) on \Device\HarddiskVolume4\Windows\System32\msvcp140.dll
2638.19f4: supR3HardenedWinVerifyCacheProcessImportTodos: Processing 'rpcrt4.dll'...
2638.19f4: supR3HardenedWinVerifyCacheProcessImportTodos: 'rpcrt4.dll' -> '\Device\HarddiskVolume4\Windows\System32\rpcrt4.dll' [rcNtRedir=0xc0150008]
2638.19f4: supR3HardenedWinVerifyCacheProcessImportTodos: Processing 'msvcrt.dll'...
2638.19f4: supR3HardenedWinVerifyCacheProcessImportTodos: 'msvcrt.dll' -> '\Device\HarddiskVolume4\Windows\System32\msvcrt.dll' [rcNtRedir=0xc0150008]
2638.19f4: supR3HardenedScreenImage/Imports: cache hit (VINF_SUCCESS) on \Device\HarddiskVolume4\Windows\System32\msvcrt.dll
2638.19f4: supR3HardenedWinVerifyCacheProcessImportTodos: Processing 'msvcrt.dll'...
2638.19f4: supR3HardenedWinVerifyCacheProcessImportTodos: 'msvcrt.dll' -> '\Device\HarddiskVolume4\Windows\System32\msvcrt.dll' [rcNtRedir=0xc0150008]
2638.19f4: supR3HardenedScreenImage/Imports: cache hit (VINF_SUCCESS) on \Device\HarddiskVolume4\Windows\System32\msvcrt.dll
2638.19f4: supR3HardenedWinVerifyCacheProcessImportTodos: Processing 'win32u.dll'...
2638.19f4: supR3HardenedWinVerifyCacheProcessImportTodos: 'win32u.dll' -> '\Device\HarddiskVolume4\Windows\System32\win32u.dll' [rcNtRedir=0xc0150008]
2638.19f4: supR3HardenedScreenImage/Imports: cache hit (VINF_SUCCESS) on \Device\HarddiskVolume4\Windows\System32\win32u.dll
2638.19f4: supR3HardenedWinVerifyCacheProcessImportTodos: Processing 'dxgi.dll'...
2638.19f4: supR3HardenedWinVerifyCacheProcessImportTodos: 'dxgi.dll' -> '\Device\HarddiskVolume4\Windows\System32\dxgi.dll' [rcNtRedir=0xc0150008]
2638.19f4: supR3HardenedScreenImage/Imports: cache hit (VINF_SUCCESS) on \Device\HarddiskVolume4\Windows\System32\dxgi.dll [lacks WinVerifyTrust]
2638.19f4: supR3HardenedWinVerifyCacheProcessImportTodos: Processing 'msvcp_win.dll'...
2638.19f4: supR3HardenedWinVerifyCacheProcessImportTodos: 'msvcp_win.dll' -> '\Device\HarddiskVolume4\Windows\System32\msvcp_win.dll' [rcNtRedir=0xc0150008]
2638.19f4: supR3HardenedScreenImage/Imports: cache hit (VINF_SUCCESS) on \Device\HarddiskVolume4\Windows\System32\msvcp_win.dll
2638.19f4: supR3HardenedWinVerifyCacheProcessImportTodos: Processing 'win32u.dll'...
2638.19f4: supR3HardenedWinVerifyCacheProcessImportTodos: 'win32u.dll' -> '\Device\HarddiskVolume4\Windows\System32\win32u.dll' [rcNtRedir=0xc0150008]
2638.19f4: supR3HardenedScreenImage/Imports: cache hit (VINF_SUCCESS) on \Device\HarddiskVolume4\Windows\System32\win32u.dll
2638.19f4: supR3HardenedWinVerifyCacheProcessImportTodos: Processing 'msvcp_win.dll'...
2638.19f4: supR3HardenedWinVerifyCacheProcessImportTodos: 'msvcp_win.dll' -> '\Device\HarddiskVolume4\Windows\System32\msvcp_win.dll' [rcNtRedir=0xc0150008]
2638.19f4: supR3HardenedScreenImage/Imports: cache hit (VINF_SUCCESS) on \Device\HarddiskVolume4\Windows\System32\msvcp_win.dll
2638.19f4: supR3HardenedWinVerifyCacheProcessImportTodos: Processing 'glu32.dll'...
2638.19f4: supR3HardenedWinVerifyCacheProcessImportTodos: 'glu32.dll' -> '\Device\HarddiskVolume4\Windows\System32\glu32.dll' [rcNtRedir=0xc0150008]
2638.19f4: Detected WinVerifyTrust recursion: rc=22900 '\Device\HarddiskVolume4\Windows\System32\glu32.dll'.
2638.19f4: supR3HardenedWinVerifyCacheScheduleImports: Import todo: #0 'msvcrt.dll'.
2638.19f4: supR3HardenedWinVerifyCacheScheduleImports: Import todo: #2 'user32.dll'.
2638.19f4: supR3HardenedWinVerifyCacheScheduleImports: Import todo: #3 'opengl32.dll'.
2638.19f4: supHardenedWinVerifyImageByHandle: -> 22900 (\Device\HarddiskVolume4\Windows\System32\glu32.dll)
2638.19f4: supR3HardenedWinVerifyCacheInsert: \Device\HarddiskVolume4\Windows\System32\glu32.dll
2638.19f4: supR3HardenedWinVerifyCacheProcessImportTodos: Processing 'gdi32.dll'...
2638.19f4: supR3HardenedWinVerifyCacheProcessImportTodos: 'gdi32.dll' -> '\Device\HarddiskVolume4\Windows\System32\gdi32.dll' [rcNtRedir=0xc0150008]
2638.19f4: supR3HardenedWinVerifyCacheProcessImportTodos: Processing 'user32.dll'...
2638.19f4: supR3HardenedWinVerifyCacheProcessImportTodos: 'user32.dll' -> '\Device\HarddiskVolume4\Windows\System32\user32.dll' [rcNtRedir=0xc0150008]
2638.19f4: supR3HardenedWinVerifyCacheProcessImportTodos: Processing 'advapi32.dll'...
2638.19f4: supR3HardenedWinVerifyCacheProcessImportTodos: 'advapi32.dll' -> '\Device\HarddiskVolume4\Windows\System32\advapi32.dll' [rcNtRedir=0xc0150008]
2638.19f4: supR3HardenedScreenImage/Imports: cache hit (VINF_SUCCESS) on \Device\HarddiskVolume4\Windows\System32\advapi32.dll
2638.19f4: supR3HardenedWinVerifyCacheProcessImportTodos: Processing 'msvcrt.dll'...
2638.19f4: supR3HardenedWinVerifyCacheProcessImportTodos: 'msvcrt.dll' -> '\Device\HarddiskVolume4\Windows\System32\msvcrt.dll' [rcNtRedir=0xc0150008]
2638.19f4: supR3HardenedScreenImage/Imports: cache hit (VINF_SUCCESS) on \Device\HarddiskVolume4\Windows\System32\msvcrt.dll
2638.19f4: supR3HardenedWinVerifyCacheProcessImportTodos: Processing 'opengl32.dll'...
2638.19f4: supR3HardenedWinVerifyCacheProcessImportTodos: 'opengl32.dll' -> '\Device\HarddiskVolume4\Windows\System32\opengl32.dll' [rcNtRedir=0xc0150008]
2638.19f4: supR3HardenedScreenImage/Imports: cache hit (22900) on \Device\HarddiskVolume4\Windows\System32\opengl32.dll [lacks WinVerifyTrust]
2638.19f4: supR3HardenedWinVerifyCacheProcessImportTodos: Processing 'user32.dll'...
2638.19f4: supR3HardenedWinVerifyCacheProcessImportTodos: 'user32.dll' -> '\Device\HarddiskVolume4\Windows\System32\user32.dll' [rcNtRedir=0xc0150008]
2638.19f4: supR3HardenedWinVerifyCacheProcessImportTodos: Processing 'msvcrt.dll'...
2638.19f4: supR3HardenedWinVerifyCacheProcessImportTodos: 'msvcrt.dll' -> '\Device\HarddiskVolume4\Windows\System32\msvcrt.dll' [rcNtRedir=0xc0150008]
2638.19f4: supR3HardenedMonitor_LdrLoadDll: returns rcNt=0x0 hMod=00007ffdd12a0000 'C:\WINDOWS\system32\rsaenh.dll'
2638.19f4: supR3HardenedMonitor_LdrLoadDll: returns rcNt=0x0 hMod=00007ffdd2380000 'C:\WINDOWS\System32\crypt32.dll'
2638.19f4: supR3HardenedWinVerifyCacheScheduleImports: Import todo: #0 'd3d11.dll'.
2638.19f4: supR3HardenedWinVerifyCacheScheduleImports: Import todo: #1 'dxgi.dll'.
2638.19f4: supR3HardenedWinVerifyCacheScheduleImports: Import todo: #2 'qt5corevbox.dll'.
2638.19f4: supR3HardenedWinVerifyCacheScheduleImports: Import todo: #3 'ole32.dll'.
2638.19f4: supR3HardenedWinVerifyCacheScheduleImports: Import todo: #4 'opengl32.dll'.
2638.19f4: supR3HardenedWinVerifyCacheScheduleImports: Import todo: #5 'gdi32.dll'.
2638.19f4: supR3HardenedWinVerifyCacheScheduleImports: Import todo: #6 'user32.dll'.
2638.19f4: supR3HardenedWinVerifyCacheScheduleImports: Import todo: #7 'msvcp140.dll'.
2638.19f4: supR3HardenedWinVerifyCacheScheduleImports: Import todo: #9 'vcruntime140.dll'.
2638.19f4: supR3HardenedWinVerifyCacheScheduleImports: Import todo: #10 'vcruntime140_1.dll'.
2638.19f4: supHardenedWinVerifyImageByHandle: -> 0 (\Device\HarddiskVolume4\Program Files\Oracle\VirtualBox\Qt5GuiVBox.dll) WinVerifyTrust
2638.19f4: supR3HardenedWinVerifyCacheProcessImportTodos: Processing 'qt5corevbox.dll'...
2638.19f4: supR3HardenedWinVerifyCacheProcessImportTodos: 'qt5corevbox.dll' -> '\Device\HarddiskVolume4\Program Files\Oracle\VirtualBox\qt5corevbox.dll' [rcNtRedir=0xc0150008]
2638.19f4: supR3HardenedScreenImage/Imports: cache hit (24202) on \Device\HarddiskVolume4\Program Files\Oracle\VirtualBox\Qt5CoreVBox.dll [redoing WinVerifyTrust]
2638.19f4: supR3HardenedWinVerifyCacheProcessImportTodos: Processing 'vcruntime140_1.dll'...
2638.19f4: supR3HardenedWinVerifyCacheProcessImportTodos: 'vcruntime140_1.dll' -> '\Device\HarddiskVolume4\Windows\System32\vcruntime140_1.dll' [rcNtRedir=0xc0150008]
2638.19f4: supR3HardenedScreenImage/Imports: cache hit (VINF_SUCCESS) on \Device\HarddiskVolume4\Windows\System32\vcruntime140_1.dll
2638.19f4: supR3HardenedWinVerifyCacheProcessImportTodos: Processing 'vcruntime140.dll'...
2638.19f4: supR3HardenedWinVerifyCacheProcessImportTodos: 'vcruntime140.dll' -> '\Device\HarddiskVolume4\Windows\System32\vcruntime140.dll' [rcNtRedir=0xc0150008]
2638.19f4: supR3HardenedWinVerifyCacheProcessImportTodos: Processing 'msvcp140.dll'...
2638.19f4: supR3HardenedWinVerifyCacheProcessImportTodos: 'msvcp140.dll' -> '\Device\HarddiskVolume4\Windows\System32\msvcp140.dll' [rcNtRedir=0xc0150008]
2638.19f4: supR3HardenedScreenImage/Imports: cache hit (VINF_SUCCESS) on \Device\HarddiskVolume4\Windows\System32\msvcp140.dll
2638.19f4: supR3HardenedWinVerifyCacheProcessImportTodos: Processing 'user32.dll'...
2638.19f4: supR3HardenedWinVerifyCacheProcessImportTodos: 'user32.dll' -> '\Device\HarddiskVolume4\Windows\System32\user32.dll' [rcNtRedir=0xc0150008]
2638.19f4: supR3HardenedWinVerifyCacheProcessImportTodos: Processing 'gdi32.dll'...
2638.19f4: supR3HardenedWinVerifyCacheProcessImportTodos: 'gdi32.dll' -> '\Device\HarddiskVolume4\Windows\System32\gdi32.dll' [rcNtRedir=0xc0150008]
2638.19f4: supR3HardenedWinVerifyCacheProcessImportTodos: Processing 'opengl32.dll'...
2638.19f4: supR3HardenedWinVerifyCacheProcessImportTodos: 'opengl32.dll' -> '\Device\HarddiskVolume4\Windows\System32\opengl32.dll' [rcNtRedir=0xc0150008]
2638.19f4: supR3HardenedScreenImage/Imports: cache hit (22900) on \Device\HarddiskVolume4\Windows\System32\opengl32.dll [lacks WinVerifyTrust]
2638.19f4: supR3HardenedWinVerifyCacheProcessImportTodos: Processing 'ole32.dll'...
2638.19f4: supR3HardenedWinVerifyCacheProcessImportTodos: 'ole32.dll' -> '\Device\HarddiskVolume4\Windows\System32\ole32.dll' [rcNtRedir=0xc0150008]
2638.19f4: supR3HardenedScreenImage/Imports: cache hit (VINF_SUCCESS) on \Device\HarddiskVolume4\Windows\System32\ole32.dll
2638.19f4: supR3HardenedWinVerifyCacheProcessImportTodos: Processing 'qt5corevbox.dll'...
2638.19f4: supR3HardenedWinVerifyCacheProcessImportTodos: 'qt5corevbox.dll' -> '\Device\HarddiskVolume4\Program Files\Oracle\VirtualBox\qt5corevbox.dll' [rcNtRedir=0xc0150008]
2638.19f4: supR3HardenedScreenImage/Imports: cache hit (24202) on \Device\HarddiskVolume4\Program Files\Oracle\VirtualBox\Qt5CoreVBox.dll [lacks WinVerifyTrust]
2638.19f4: supR3HardenedWinVerifyCacheProcessImportTodos: Processing 'dxgi.dll'...
2638.19f4: supR3HardenedWinVerifyCacheProcessImportTodos: 'dxgi.dll' -> '\Device\HarddiskVolume4\Windows\System32\dxgi.dll' [rcNtRedir=0xc0150008]
2638.19f4: supR3HardenedScreenImage/Imports: cache hit (VINF_SUCCESS) on \Device\HarddiskVolume4\Windows\System32\dxgi.dll [lacks WinVerifyTrust]
2638.19f4: supR3HardenedWinVerifyCacheProcessImportTodos: Processing 'd3d11.dll'...
2638.19f4: supR3HardenedWinVerifyCacheProcessImportTodos: 'd3d11.dll' -> '\Device\HarddiskVolume4\Windows\System32\d3d11.dll' [rcNtRedir=0xc0150008]
2638.19f4: supR3HardenedScreenImage/Imports: cache hit (VINF_SUCCESS) on \Device\HarddiskVolume4\Windows\System32\d3d11.dll [lacks WinVerifyTrust]
2638.19f4: supR3HardenedMonitor_LdrLoadDll: returns rcNt=0x0 hMod=00007ffdd12a0000 'C:\WINDOWS\system32\rsaenh.dll'
2638.19f4: supR3HardenedMonitor_LdrLoadDll: returns rcNt=0x0 hMod=00007ffdd2380000 'C:\WINDOWS\System32\crypt32.dll'
2638.19f4: supR3HardenedScreenImage/Imports: 0 (was 24202) fWinVerifyTrust=1 for '\Device\HarddiskVolume4\Program Files\Oracle\VirtualBox\Qt5CoreVBox.dll'
2638.19f4: supR3HardenedWinVerifyCacheProcessImportTodos: Processing 'vcruntime140_1.dll'...
2638.19f4: supR3HardenedWinVerifyCacheProcessImportTodos: 'vcruntime140_1.dll' -> '\Device\HarddiskVolume4\Windows\System32\vcruntime140_1.dll' [rcNtRedir=0xc0150008]
2638.19f4: supR3HardenedScreenImage/Imports: cache hit (VINF_SUCCESS) on \Device\HarddiskVolume4\Windows\System32\vcruntime140_1.dll
2638.19f4: supR3HardenedWinVerifyCacheProcessImportTodos: Processing 'vcruntime140.dll'...
2638.19f4: supR3HardenedWinVerifyCacheProcessImportTodos: 'vcruntime140.dll' -> '\Device\HarddiskVolume4\Windows\System32\vcruntime140.dll' [rcNtRedir=0xc0150008]
2638.19f4: supR3HardenedWinVerifyCacheProcessImportTodos: Processing 'vboxrt.dll'...
2638.19f4: supR3HardenedWinVerifyCacheProcessImportTodos: 'vboxrt.dll' -> '\Device\HarddiskVolume4\Program Files\Oracle\VirtualBox\vboxrt.dll' [rcNtRedir=0xc0150008]
2638.19f4: supR3HardenedWinVerifyCacheProcessImportTodos: Processing 'uicommon.dll'...
2638.19f4: supR3HardenedWinVerifyCacheProcessImportTodos: 'uicommon.dll' -> '\Device\HarddiskVolume4\Program Files\Oracle\VirtualBox\uicommon.dll' [rcNtRedir=0xc0150008]
2638.19f4: \Device\HarddiskVolume4\Program Files\Oracle\VirtualBox\UICommon.dll: Signature #1/2: info status: 24202
2638.19f4: supR3HardenedMonitor_LdrLoadDll: returns rcNt=0x0 hMod=00007ffdd12a0000 'C:\WINDOWS\system32\rsaenh.dll'
2638.19f4: supR3HardenedMonitor_LdrLoadDll: returns rcNt=0x0 hMod=00007ffdd2380000 'C:\WINDOWS\System32\crypt32.dll'
2638.19f4: supR3HardenedWinVerifyCacheScheduleImports: Import todo: #0 'vboxrt.dll'.
2638.19f4: supR3HardenedWinVerifyCacheScheduleImports: Import todo: #1 'vcruntime140.dll'.
2638.19f4: supR3HardenedWinVerifyCacheScheduleImports: Import todo: #2 'vcruntime140_1.dll'.
2638.19f4: supR3HardenedWinVerifyCacheScheduleImports: Import todo: #3 'qt5corevbox.dll'.
2638.19f4: supR3HardenedWinVerifyCacheScheduleImports: Import todo: #4 'qt5guivbox.dll'.
2638.19f4: supR3HardenedWinVerifyCacheScheduleImports: Import todo: #5 'qt5widgetsvbox.dll'.
2638.19f4: supR3HardenedWinVerifyCacheScheduleImports: Import todo: #6 'qt5helpvbox.dll'.
2638.19f4: supR3HardenedWinVerifyCacheScheduleImports: Import todo: #13 'user32.dll'.
2638.19f4: supR3HardenedWinVerifyCacheScheduleImports: Import todo: #14 'advapi32.dll'.
2638.19f4: supR3HardenedWinVerifyCacheScheduleImports: Import todo: #15 'ole32.dll'.
2638.19f4: supR3HardenedWinVerifyCacheScheduleImports: Import todo: #16 'oleaut32.dll'.
2638.19f4: supR3HardenedWinVerifyCacheScheduleImports: Import todo: #17 'rpcrt4.dll'.
2638.19f4: supHardenedWinVerifyImageByHandle: -> 0 (\Device\HarddiskVolume4\Program Files\Oracle\VirtualBox\UICommon.dll) WinVerifyTrust
2638.19f4: supR3HardenedWinVerifyCacheInsert: \Device\HarddiskVolume4\Program Files\Oracle\VirtualBox\UICommon.dll
2638.19f4: supR3HardenedWinVerifyCacheProcessImportTodos: Processing 'rpcrt4.dll'...
2638.19f4: supR3HardenedWinVerifyCacheProcessImportTodos: 'rpcrt4.dll' -> '\Device\HarddiskVolume4\Windows\System32\rpcrt4.dll' [rcNtRedir=0xc0150008]
2638.19f4: supR3HardenedWinVerifyCacheProcessImportTodos: Processing 'oleaut32.dll'...
2638.19f4: supR3HardenedWinVerifyCacheProcessImportTodos: 'oleaut32.dll' -> '\Device\HarddiskVolume4\Windows\System32\oleaut32.dll' [rcNtRedir=0xc0150008]
2638.19f4: supR3HardenedScreenImage/Imports: cache hit (VINF_SUCCESS) on \Device\HarddiskVolume4\Windows\System32\oleaut32.dll
2638.19f4: supR3HardenedWinVerifyCacheProcessImportTodos: Processing 'ole32.dll'...
2638.19f4: supR3HardenedWinVerifyCacheProcessImportTodos: 'ole32.dll' -> '\Device\HarddiskVolume4\Windows\System32\ole32.dll' [rcNtRedir=0xc0150008]
2638.19f4: supR3HardenedScreenImage/Imports: cache hit (VINF_SUCCESS) on \Device\HarddiskVolume4\Windows\System32\ole32.dll
2638.19f4: supR3HardenedWinVerifyCacheProcessImportTodos: Processing 'advapi32.dll'...
2638.19f4: supR3HardenedWinVerifyCacheProcessImportTodos: 'advapi32.dll' -> '\Device\HarddiskVolume4\Windows\System32\advapi32.dll' [rcNtRedir=0xc0150008]
2638.19f4: supR3HardenedScreenImage/Imports: cache hit (VINF_SUCCESS) on \Device\HarddiskVolume4\Windows\System32\advapi32.dll
2638.19f4: supR3HardenedWinVerifyCacheProcessImportTodos: Processing 'user32.dll'...
2638.19f4: supR3HardenedWinVerifyCacheProcessImportTodos: 'user32.dll' -> '\Device\HarddiskVolume4\Windows\System32\user32.dll' [rcNtRedir=0xc0150008]
2638.19f4: supR3HardenedWinVerifyCacheProcessImportTodos: Processing 'qt5helpvbox.dll'...
2638.19f4: supR3HardenedWinVerifyCacheProcessImportTodos: 'qt5helpvbox.dll' -> '\Device\HarddiskVolume4\Program Files\Oracle\VirtualBox\qt5helpvbox.dll' [rcNtRedir=0xc0150008]
2638.19f4: \Device\HarddiskVolume4\Program Files\Oracle\VirtualBox\Qt5HelpVBox.dll: Signature #1/2: info status: 24202
2638.19f4: supR3HardenedMonitor_LdrLoadDll: returns rcNt=0x0 hMod=00007ffdd12a0000 'C:\WINDOWS\system32\rsaenh.dll'
2638.19f4: supR3HardenedMonitor_LdrLoadDll: returns rcNt=0x0 hMod=00007ffdd2380000 'C:\WINDOWS\System32\crypt32.dll'
2638.19f4: supR3HardenedWinVerifyCacheScheduleImports: Import todo: #0 'qt5widgetsvbox.dll'.
2638.19f4: supR3HardenedWinVerifyCacheScheduleImports: Import todo: #1 'qt5guivbox.dll'.
2638.19f4: supR3HardenedWinVerifyCacheScheduleImports: Import todo: #2 'qt5sqlvbox.dll'.
2638.19f4: supR3HardenedWinVerifyCacheScheduleImports: Import todo: #3 'qt5corevbox.dll'.
2638.19f4: supR3HardenedWinVerifyCacheScheduleImports: Import todo: #5 'vcruntime140.dll'.
2638.19f4: supHardenedWinVerifyImageByHandle: -> 0 (\Device\HarddiskVolume4\Program Files\Oracle\VirtualBox\Qt5HelpVBox.dll) WinVerifyTrust
2638.19f4: supR3HardenedWinVerifyCacheInsert: \Device\HarddiskVolume4\Program Files\Oracle\VirtualBox\Qt5HelpVBox.dll
2638.19f4: supR3HardenedWinVerifyCacheProcessImportTodos: Processing 'qt5widgetsvbox.dll'...
2638.19f4: supR3HardenedWinVerifyCacheProcessImportTodos: 'qt5widgetsvbox.dll' -> '\Device\HarddiskVolume4\Program Files\Oracle\VirtualBox\qt5widgetsvbox.dll' [rcNtRedir=0xc0150008]
2638.19f4: supR3HardenedScreenImage/Imports: cache hit (VINF_SUCCESS) on \Device\HarddiskVolume4\Program Files\Oracle\VirtualBox\Qt5WidgetsVBox.dll
2638.19f4: supR3HardenedWinVerifyCacheProcessImportTodos: Processing 'qt5guivbox.dll'...
2638.19f4: supR3HardenedWinVerifyCacheProcessImportTodos: 'qt5guivbox.dll' -> '\Device\HarddiskVolume4\Program Files\Oracle\VirtualBox\qt5guivbox.dll' [rcNtRedir=0xc0150008]
2638.19f4: supR3HardenedScreenImage/Imports: cache hit (24202) on \Device\HarddiskVolume4\Program Files\Oracle\VirtualBox\Qt5GuiVBox.dll [redoing WinVerifyTrust]
2638.19f4: supR3HardenedWinVerifyCacheProcessImportTodos: Processing 'vcruntime140.dll'...
2638.19f4: supR3HardenedWinVerifyCacheProcessImportTodos: 'vcruntime140.dll' -> '\Device\HarddiskVolume4\Windows\System32\vcruntime140.dll' [rcNtRedir=0xc0150008]
2638.19f4: supR3HardenedWinVerifyCacheProcessImportTodos: Processing 'qt5corevbox.dll'...
2638.19f4: supR3HardenedWinVerifyCacheProcessImportTodos: 'qt5corevbox.dll' -> '\Device\HarddiskVolume4\Program Files\Oracle\VirtualBox\qt5corevbox.dll' [rcNtRedir=0xc0150008]
2638.19f4: supR3HardenedScreenImage/Imports: cache hit (VINF_SUCCESS) on \Device\HarddiskVolume4\Program Files\Oracle\VirtualBox\Qt5CoreVBox.dll
2638.19f4: supR3HardenedWinVerifyCacheProcessImportTodos: Processing 'qt5sqlvbox.dll'...
2638.19f4: supR3HardenedWinVerifyCacheProcessImportTodos: 'qt5sqlvbox.dll' -> '\Device\HarddiskVolume4\Program Files\Oracle\VirtualBox\qt5sqlvbox.dll' [rcNtRedir=0xc0150008]
2638.19f4: \Device\HarddiskVolume4\Program Files\Oracle\VirtualBox\Qt5SqlVBox.dll: Signature #1/2: info status: 24202
2638.19f4: Detected WinVerifyTrust recursion: rc=24202 '\Device\HarddiskVolume4\Program Files\Oracle\VirtualBox\Qt5SqlVBox.dll'.
2638.19f4: supR3HardenedWinVerifyCacheScheduleImports: Import todo: #0 'qt5corevbox.dll'.
2638.19f4: supR3HardenedWinVerifyCacheScheduleImports: Import todo: #2 'vcruntime140.dll'.
2638.19f4: supHardenedWinVerifyImageByHandle: -> 24202 (\Device\HarddiskVolume4\Program Files\Oracle\VirtualBox\Qt5SqlVBox.dll)
2638.19f4: supR3HardenedWinVerifyCacheInsert: \Device\HarddiskVolume4\Program Files\Oracle\VirtualBox\Qt5SqlVBox.dll
2638.19f4: supR3HardenedWinVerifyCacheProcessImportTodos: Processing 'qt5guivbox.dll'...
2638.19f4: supR3HardenedWinVerifyCacheProcessImportTodos: 'qt5guivbox.dll' -> '\Device\HarddiskVolume4\Program Files\Oracle\VirtualBox\qt5guivbox.dll' [rcNtRedir=0xc0150008]
2638.19f4: supR3HardenedScreenImage/Imports: cache hit (24202) on \Device\HarddiskVolume4\Program Files\Oracle\VirtualBox\Qt5GuiVBox.dll [lacks WinVerifyTrust]
2638.19f4: supR3HardenedWinVerifyCacheProcessImportTodos: Processing 'qt5widgetsvbox.dll'...
2638.19f4: supR3HardenedWinVerifyCacheProcessImportTodos: 'qt5widgetsvbox.dll' -> '\Device\HarddiskVolume4\Program Files\Oracle\VirtualBox\qt5widgetsvbox.dll' [rcNtRedir=0xc0150008]
2638.19f4: supR3HardenedScreenImage/Imports: cache hit (VINF_SUCCESS) on \Device\HarddiskVolume4\Program Files\Oracle\VirtualBox\Qt5WidgetsVBox.dll
2638.19f4: supR3HardenedWinVerifyCacheProcessImportTodos: Processing 'vcruntime140.dll'...
2638.19f4: supR3HardenedWinVerifyCacheProcessImportTodos: 'vcruntime140.dll' -> '\Device\HarddiskVolume4\Windows\System32\vcruntime140.dll' [rcNtRedir=0xc0150008]
2638.19f4: supR3HardenedWinVerifyCacheProcessImportTodos: Processing 'qt5corevbox.dll'...
2638.19f4: supR3HardenedWinVerifyCacheProcessImportTodos: 'qt5corevbox.dll' -> '\Device\HarddiskVolume4\Program Files\Oracle\VirtualBox\qt5corevbox.dll' [rcNtRedir=0xc0150008]
2638.19f4: supR3HardenedScreenImage/Imports: cache hit (VINF_SUCCESS) on \Device\HarddiskVolume4\Program Files\Oracle\VirtualBox\Qt5CoreVBox.dll
2638.19f4: supR3HardenedMonitor_LdrLoadDll: returns rcNt=0x0 hMod=00007ffdd12a0000 'C:\WINDOWS\system32\rsaenh.dll'
2638.19f4: supR3HardenedMonitor_LdrLoadDll: returns rcNt=0x0 hMod=00007ffdd2380000 'C:\WINDOWS\System32\crypt32.dll'
2638.19f4: supR3HardenedScreenImage/Imports: 0 (was 24202) fWinVerifyTrust=1 for '\Device\HarddiskVolume4\Program Files\Oracle\VirtualBox\Qt5GuiVBox.dll'
2638.19f4: supR3HardenedWinVerifyCacheProcessImportTodos: Processing 'qt5corevbox.dll'...
2638.19f4: supR3HardenedWinVerifyCacheProcessImportTodos: 'qt5corevbox.dll' -> '\Device\HarddiskVolume4\Program Files\Oracle\VirtualBox\qt5corevbox.dll' [rcNtRedir=0xc0150008]
2638.19f4: supR3HardenedScreenImage/Imports: cache hit (VINF_SUCCESS) on \Device\HarddiskVolume4\Program Files\Oracle\VirtualBox\Qt5CoreVBox.dll
2638.19f4: supR3HardenedWinVerifyCacheProcessImportTodos: Processing 'vcruntime140_1.dll'...
2638.19f4: supR3HardenedWinVerifyCacheProcessImportTodos: 'vcruntime140_1.dll' -> '\Device\HarddiskVolume4\Windows\System32\vcruntime140_1.dll' [rcNtRedir=0xc0150008]
2638.19f4: supR3HardenedScreenImage/Imports: cache hit (VINF_SUCCESS) on \Device\HarddiskVolume4\Windows\System32\vcruntime140_1.dll
2638.19f4: supR3HardenedWinVerifyCacheProcessImportTodos: Processing 'vcruntime140.dll'...
2638.19f4: supR3HardenedWinVerifyCacheProcessImportTodos: 'vcruntime140.dll' -> '\Device\HarddiskVolume4\Windows\System32\vcruntime140.dll' [rcNtRedir=0xc0150008]
2638.19f4: supR3HardenedWinVerifyCacheProcessImportTodos: Processing 'vboxrt.dll'...
2638.19f4: supR3HardenedWinVerifyCacheProcessImportTodos: 'vboxrt.dll' -> '\Device\HarddiskVolume4\Program Files\Oracle\VirtualBox\vboxrt.dll' [rcNtRedir=0xc0150008]
2638.19f4: supR3HardenedMonitor_LdrLoadDll: pName=C:\Program Files\Oracle\VirtualBox\VirtualBoxVM.dll (rcNtResolve=0xc0150008) *pfFlags=0x0 pwszSearchPath=0000000000000a01:<flags> [calling]
2638.19f4: supR3HardenedScreenImage/NtCreateSection: cache hit (VINF_SUCCESS) on \Device\HarddiskVolume4\Program Files\Oracle\VirtualBox\VirtualBoxVM.dll
2638.19f4: supR3HardenedScreenImage/NtCreateSection: cache hit (VINF_SUCCESS) on \Device\HarddiskVolume4\Program Files\Oracle\VirtualBox\UICommon.dll
2638.19f4: supR3HardenedScreenImage/NtCreateSection: cache hit (VINF_SUCCESS) on \Device\HarddiskVolume4\Program Files\Oracle\VirtualBox\Qt5CoreVBox.dll
2638.19f4: supR3HardenedScreenImage/NtCreateSection: cache hit (VINF_SUCCESS) on \Device\HarddiskVolume4\Program Files\Oracle\VirtualBox\Qt5GuiVBox.dll
2638.19f4: supR3HardenedScreenImage/NtCreateSection: cache hit (VINF_SUCCESS) on \Device\HarddiskVolume4\Program Files\Oracle\VirtualBox\Qt5WidgetsVBox.dll
2638.19f4: supR3HardenedScreenImage/NtCreateSection: cache hit (VINF_SUCCESS) on \Device\HarddiskVolume4\Windows\System32\winmm.dll
2638.19f4: supR3HardenedScreenImage/NtCreateSection: cache hit (VINF_SUCCESS) on \Device\HarddiskVolume4\Program Files\Oracle\VirtualBox\Qt5HelpVBox.dll
2638.19f4: supR3HardenedScreenImage/NtCreateSection: cache hit (VINF_SUCCESS) on \Device\HarddiskVolume4\Windows\System32\mpr.dll [avoiding WinVerifyTrust]
2638.19f4: supR3HardenedScreenImage/NtCreateSection: cache hit (VINF_SUCCESS) on \Device\HarddiskVolume4\Windows\System32\userenv.dll [avoiding WinVerifyTrust]
2638.19f4: supR3HardenedScreenImage/NtCreateSection: cache hit (VINF_SUCCESS) on \Device\HarddiskVolume4\Windows\System32\version.dll [avoiding WinVerifyTrust]
2638.19f4: supR3HardenedScreenImage/NtCreateSection: cache hit (VINF_SUCCESS) on \Device\HarddiskVolume4\Windows\System32\netapi32.dll [avoiding WinVerifyTrust]
2638.19f4: supR3HardenedScreenImage/NtCreateSection: cache hit (VINF_SUCCESS) on \Device\HarddiskVolume4\Windows\System32\msvcp140_1.dll [avoiding WinVerifyTrust]
2638.19f4: supR3HardenedScreenImage/NtCreateSection: cache hit (VINF_SUCCESS) on \Device\HarddiskVolume4\Windows\System32\d3d11.dll [avoiding WinVerifyTrust]
2638.19f4: supR3HardenedScreenImage/NtCreateSection: cache hit (VINF_SUCCESS) on \Device\HarddiskVolume4\Windows\System32\dxgi.dll [avoiding WinVerifyTrust]
2638.19f4: supR3HardenedScreenImage/NtCreateSection: cache hit (22900) on \Device\HarddiskVolume4\Windows\System32\opengl32.dll [avoiding WinVerifyTrust]
2638.19f4: supR3HardenedScreenImage/NtCreateSection: cache hit (22900) on \Device\HarddiskVolume4\Windows\System32\uxtheme.dll [avoiding WinVerifyTrust]
2638.19f4: supR3HardenedScreenImage/NtCreateSection: cache hit (VINF_SUCCESS) on \Device\HarddiskVolume4\Windows\System32\dwmapi.dll [avoiding WinVerifyTrust]
2638.19f4: supR3HardenedScreenImage/NtCreateSection: cache hit (24202) on \Device\HarddiskVolume4\Program Files\Oracle\VirtualBox\Qt5SqlVBox.dll [avoiding WinVerifyTrust]
2638.19f4: supR3HardenedScreenImage/NtCreateSection: cache hit (22900) on \Device\HarddiskVolume4\Windows\System32\glu32.dll [avoiding WinVerifyTrust]
2638.19f4: supHardenedWinVerifyImageByHandle: -> 0 (\Device\HarddiskVolume4\Windows\System32\netutils.dll)
2638.19f4: supR3HardenedWinVerifyCacheInsert: \Device\HarddiskVolume4\Windows\System32\netutils.dll
2638.19f4: supR3HardenedWinVerifyCacheScheduleImports: Import todo: #0 'msvcp_win.dll'.
2638.19f4: supR3HardenedWinVerifyCacheScheduleImports: Import todo: #26 'win32u.dll'.
2638.19f4: supHardenedWinVerifyImageByHandle: -> 0 (\Device\HarddiskVolume4\Windows\System32\DXCore.dll)
2638.19f4: supR3HardenedWinVerifyCacheInsert: \Device\HarddiskVolume4\Windows\System32\DXCore.dll
2638.19f4: supR3HardenedWinVerifyCacheScheduleImports: Import todo: #3 'rpcrt4.dll'.
2638.19f4: supHardenedWinVerifyImageByHandle: -> 0 (\Device\HarddiskVolume4\Windows\System32\srvcli.dll)
2638.19f4: supR3HardenedWinVerifyCacheInsert: \Device\HarddiskVolume4\Windows\System32\srvcli.dll
2638.19f4: supR3HardenedDllNotificationCallback: load   00007ffdc2640000 LB 0x0001e000 C:\WINDOWS\SYSTEM32\MPR.dll [fFlags=0x0]
2638.19f4: supR3HardenedScreenImage/LdrLoadDll: cache hit (VINF_SUCCESS) on \Device\HarddiskVolume4\Windows\System32\mpr.dll [avoiding WinVerifyTrust]
2638.19f4: supR3HardenedDllNotificationCallback: load   00007ffdd1850000 LB 0x0002c000 C:\WINDOWS\SYSTEM32\USERENV.dll [fFlags=0x0]
2638.19f4: supR3HardenedScreenImage/LdrLoadDll: cache hit (VINF_SUCCESS) on \Device\HarddiskVolume4\Windows\System32\userenv.dll [avoiding WinVerifyTrust]
2638.19f4: supR3HardenedDllNotificationCallback: load   00007ffdc9df0000 LB 0x0000a000 C:\WINDOWS\SYSTEM32\VERSION.dll [fFlags=0x0]
2638.19f4: supR3HardenedScreenImage/LdrLoadDll: cache hit (VINF_SUCCESS) on \Device\HarddiskVolume4\Windows\System32\version.dll [avoiding WinVerifyTrust]
2638.19f4: supR3HardenedDllNotificationCallback: load   00007ffdc4fe0000 LB 0x00019000 C:\WINDOWS\SYSTEM32\NETAPI32.dll [fFlags=0x0]
2638.19f4: supR3HardenedScreenImage/LdrLoadDll: cache hit (VINF_SUCCESS) on \Device\HarddiskVolume4\Windows\System32\netapi32.dll [avoiding WinVerifyTrust]
2638.19f4: supR3HardenedDllNotificationCallback: load   00007ffdd3ed0000 LB 0x00836000 C:\WINDOWS\System32\SHELL32.dll [fFlags=0x0]
2638.19f4: supR3HardenedScreenImage/LdrLoadDll: cache hit (VINF_SUCCESS) on \Device\HarddiskVolume4\Windows\System32\shell32.dll [avoiding WinVerifyTrust]
2638.19f4: supR3HardenedDllNotificationCallback: load   00007ffdc73b0000 LB 0x00034000 C:\WINDOWS\SYSTEM32\WINMM.dll [fFlags=0x0]
2638.19f4: supR3HardenedScreenImage/LdrLoadDll: cache hit (VINF_SUCCESS) on \Device\HarddiskVolume4\Windows\System32\winmm.dll
2638.19f4: supR3HardenedDllNotificationCallback: load   00007ffda9fe0000 LB 0x00009000 C:\WINDOWS\SYSTEM32\MSVCP140_1.dll [fFlags=0x0]
2638.19f4: supR3HardenedScreenImage/LdrLoadDll: cache hit (VINF_SUCCESS) on \Device\HarddiskVolume4\Windows\System32\msvcp140_1.dll [avoiding WinVerifyTrust]
2638.19f4: supR3HardenedDllNotificationCallback: load   00007ffdd0da0000 LB 0x0000c000 C:\WINDOWS\SYSTEM32\NETUTILS.DLL [fFlags=0x0]
2638.19f4: supR3HardenedScreenImage/LdrLoadDll: cache hit (VINF_SUCCESS) on \Device\HarddiskVolume4\Windows\System32\netutils.dll [avoiding WinVerifyTrust]
2638.19f4: supR3HardenedDllNotificationCallback: load   00007ffdc4f60000 LB 0x00029000 C:\WINDOWS\SYSTEM32\SRVCLI.DLL [fFlags=0x0]
2638.19f4: supR3HardenedScreenImage/LdrLoadDll: cache hit (VINF_SUCCESS) on \Device\HarddiskVolume4\Windows\System32\srvcli.dll [avoiding WinVerifyTrust]
2638.19f4: supR3HardenedDllNotificationCallback: load   00007ffd36110000 LB 0x005c6000 C:\Program Files\Oracle\VirtualBox\Qt5CoreVBox.dll [fFlags=0x0]
2638.19f4: supR3HardenedScreenImage/LdrLoadDll: cache hit (VINF_SUCCESS) on \Device\HarddiskVolume4\Program Files\Oracle\VirtualBox\Qt5CoreVBox.dll
2638.19f4: supR3HardenedDllNotificationCallback: load   00007ffdcf9d0000 LB 0x000f8000 C:\WINDOWS\SYSTEM32\dxgi.dll [fFlags=0x0]
2638.19f4: supR3HardenedScreenImage/LdrLoadDll: cache hit (VINF_SUCCESS) on \Device\HarddiskVolume4\Windows\System32\dxgi.dll [avoiding WinVerifyTrust]
2638.19f4: supR3HardenedDllNotificationCallback: load   00007ffdce360000 LB 0x00257000 C:\WINDOWS\SYSTEM32\d3d11.dll [fFlags=0x0]
2638.19f4: supR3HardenedScreenImage/LdrLoadDll: cache hit (VINF_SUCCESS) on \Device\HarddiskVolume4\Windows\System32\d3d11.dll [avoiding WinVerifyTrust]
2638.19f4: supR3HardenedDllNotificationCallback: load   00007ffdcf980000 LB 0x00038000 C:\WINDOWS\SYSTEM32\dxcore.dll [fFlags=0x0]
2638.19f4: supR3HardenedScreenImage/LdrLoadDll: cache hit (VINF_SUCCESS) on \Device\HarddiskVolume4\Windows\System32\DXCore.dll [avoiding WinVerifyTrust]
2638.19f4: supR3HardenedDllNotificationCallback: load   00007ffd61ea0000 LB 0x0002d000 C:\WINDOWS\SYSTEM32\GLU32.dll [fFlags=0x0]
2638.19f4: supR3HardenedScreenImage/LdrLoadDll: cache hit (22900) on \Device\HarddiskVolume4\Windows\System32\glu32.dll [avoiding WinVerifyTrust]
2638.19f4: supR3HardenedDllNotificationCallback: load   00007ffd6a690000 LB 0x00100000 C:\WINDOWS\SYSTEM32\OPENGL32.dll [fFlags=0x0]
2638.19f4: supR3HardenedScreenImage/LdrLoadDll: cache hit (22900) on \Device\HarddiskVolume4\Windows\System32\opengl32.dll [avoiding WinVerifyTrust]
2638.19f4: supR3HardenedDllNotificationCallback: load   00007ffd32fe0000 LB 0x0067c000 C:\Program Files\Oracle\VirtualBox\Qt5GuiVBox.dll [fFlags=0x0]
2638.19f4: supR3HardenedScreenImage/LdrLoadDll: cache hit (VINF_SUCCESS) on \Device\HarddiskVolume4\Program Files\Oracle\VirtualBox\Qt5GuiVBox.dll
2638.19f4: supR3HardenedDllNotificationCallback: load   00007ffdcf880000 LB 0x000ab000 C:\WINDOWS\SYSTEM32\UxTheme.dll [fFlags=0x0]
2638.19f4: supR3HardenedScreenImage/LdrLoadDll: cache hit (22900) on \Device\HarddiskVolume4\Windows\System32\uxtheme.dll [avoiding WinVerifyTrust]
2638.19f4: supR3HardenedDllNotificationCallback: load   00007ffdcfcb0000 LB 0x0002b000 C:\WINDOWS\SYSTEM32\dwmapi.dll [fFlags=0x0]
2638.19f4: supR3HardenedScreenImage/LdrLoadDll: cache hit (VINF_SUCCESS) on \Device\HarddiskVolume4\Windows\System32\dwmapi.dll [avoiding WinVerifyTrust]
2638.19f4: supR3HardenedDllNotificationCallback: load   00007ffd32a90000 LB 0x00541000 C:\Program Files\Oracle\VirtualBox\Qt5WidgetsVBox.dll [fFlags=0x0]
2638.19f4: supR3HardenedScreenImage/LdrLoadDll: cache hit (VINF_SUCCESS) on \Device\HarddiskVolume4\Program Files\Oracle\VirtualBox\Qt5WidgetsVBox.dll
2638.19f4: supR3HardenedDllNotificationCallback: load   00007ffdade40000 LB 0x00036000 C:\Program Files\Oracle\VirtualBox\Qt5SqlVBox.dll [fFlags=0x0]
2638.19f4: supR3HardenedScreenImage/LdrLoadDll: cache hit (24202) on \Device\HarddiskVolume4\Program Files\Oracle\VirtualBox\Qt5SqlVBox.dll [avoiding WinVerifyTrust]
2638.19f4: supR3HardenedDllNotificationCallback: load   00007ffdab7e0000 LB 0x0006a000 C:\Program Files\Oracle\VirtualBox\Qt5HelpVBox.dll [fFlags=0x0]
2638.19f4: supR3HardenedScreenImage/LdrLoadDll: cache hit (VINF_SUCCESS) on \Device\HarddiskVolume4\Program Files\Oracle\VirtualBox\Qt5HelpVBox.dll
2638.19f4: supR3HardenedDllNotificationCallback: load   00007ffdd2d30000 LB 0x000d7000 C:\WINDOWS\System32\OLEAUT32.dll [fFlags=0x0]
2638.19f4: supR3HardenedScreenImage/LdrLoadDll: cache hit (VINF_SUCCESS) on \Device\HarddiskVolume4\Windows\System32\oleaut32.dll
2638.19f4: supR3HardenedDllNotificationCallback: load   00007ffd33660000 LB 0x01bdc000 C:\Program Files\Oracle\VirtualBox\UICommon.dll [fFlags=0x0]
2638.19f4: supR3HardenedScreenImage/LdrLoadDll: cache hit (VINF_SUCCESS) on \Device\HarddiskVolume4\Program Files\Oracle\VirtualBox\UICommon.dll
2638.19f4: supR3HardenedDllNotificationCallback: load   00007ffd9b770000 LB 0x00147000 C:\Program Files\Oracle\VirtualBox\VirtualBoxVM.dll [fFlags=0x0]
2638.19f4: supR3HardenedScreenImage/LdrLoadDll: cache hit (VINF_SUCCESS) on \Device\HarddiskVolume4\Program Files\Oracle\VirtualBox\VirtualBoxVM.dll
2638.19f4: Detected loader lock ownership: rc=VINF_SUCCESS '\Device\HarddiskVolume4\Windows\System32\srvcli.dll'.
2638.19f4: supR3HardenedWinVerifyCacheProcessWvtTodos: 0 (was 0) fWinVerifyTrust=0 for '\Device\HarddiskVolume4\Windows\System32\srvcli.dll' [rescheduled]
2638.19f4: Detected loader lock ownership: rc=VINF_SUCCESS '\Device\HarddiskVolume4\Windows\System32\DXCore.dll'.
2638.19f4: supR3HardenedWinVerifyCacheProcessWvtTodos: 0 (was 0) fWinVerifyTrust=0 for '\Device\HarddiskVolume4\Windows\System32\DXCore.dll' [rescheduled]
2638.19f4: Detected loader lock ownership: rc=VINF_SUCCESS '\Device\HarddiskVolume4\Windows\System32\netutils.dll'.
2638.19f4: supR3HardenedWinVerifyCacheProcessWvtTodos: 0 (was 0) fWinVerifyTrust=0 for '\Device\HarddiskVolume4\Windows\System32\netutils.dll' [rescheduled]
2638.19f4: Detected loader lock ownership: rc=24202 '\Device\HarddiskVolume4\Program Files\Oracle\VirtualBox\Qt5SqlVBox.dll'.
2638.19f4: supR3HardenedWinVerifyCacheProcessWvtTodos: 24202 (was 24202) fWinVerifyTrust=0 for '\Device\HarddiskVolume4\Program Files\Oracle\VirtualBox\Qt5SqlVBox.dll' [rescheduled]
2638.19f4: Detected loader lock ownership: rc=22900 '\Device\HarddiskVolume4\Windows\System32\glu32.dll'.
2638.19f4: supR3HardenedWinVerifyCacheProcessWvtTodos: 22900 (was 22900) fWinVerifyTrust=0 for '\Device\HarddiskVolume4\Windows\System32\glu32.dll' [rescheduled]
2638.19f4: Detected loader lock ownership: rc=VINF_SUCCESS '\Device\HarddiskVolume4\Windows\System32\mpr.dll'.
2638.19f4: supR3HardenedWinVerifyCacheProcessWvtTodos: 0 (was 0) fWinVerifyTrust=0 for '\Device\HarddiskVolume4\Windows\System32\mpr.dll' [rescheduled]
2638.19f4: Detected loader lock ownership: rc=VINF_SUCCESS '\Device\HarddiskVolume4\Windows\System32\userenv.dll'.
2638.19f4: supR3HardenedWinVerifyCacheProcessWvtTodos: 0 (was 0) fWinVerifyTrust=0 for '\Device\HarddiskVolume4\Windows\System32\userenv.dll' [rescheduled]
2638.19f4: Detected loader lock ownership: rc=VINF_SUCCESS '\Device\HarddiskVolume4\Windows\System32\version.dll'.
2638.19f4: supR3HardenedWinVerifyCacheProcessWvtTodos: 0 (was 0) fWinVerifyTrust=0 for '\Device\HarddiskVolume4\Windows\System32\version.dll' [rescheduled]
2638.19f4: Detected loader lock ownership: rc=VINF_SUCCESS '\Device\HarddiskVolume4\Windows\System32\netapi32.dll'.
2638.19f4: supR3HardenedWinVerifyCacheProcessWvtTodos: 0 (was 0) fWinVerifyTrust=0 for '\Device\HarddiskVolume4\Windows\System32\netapi32.dll' [rescheduled]
2638.19f4: Detected loader lock ownership: rc=VINF_SUCCESS '\Device\HarddiskVolume4\Windows\System32\d3d11.dll'.
2638.19f4: supR3HardenedWinVerifyCacheProcessWvtTodos: 0 (was 0) fWinVerifyTrust=0 for '\Device\HarddiskVolume4\Windows\System32\d3d11.dll' [rescheduled]
2638.19f4: Detected loader lock ownership: rc=VINF_SUCCESS '\Device\HarddiskVolume4\Windows\System32\dxgi.dll'.
2638.19f4: supR3HardenedWinVerifyCacheProcessWvtTodos: 0 (was 0) fWinVerifyTrust=0 for '\Device\HarddiskVolume4\Windows\System32\dxgi.dll' [rescheduled]
2638.19f4: Detected loader lock ownership: rc=22900 '\Device\HarddiskVolume4\Windows\System32\opengl32.dll'.
2638.19f4: supR3HardenedWinVerifyCacheProcessWvtTodos: 22900 (was 22900) fWinVerifyTrust=0 for '\Device\HarddiskVolume4\Windows\System32\opengl32.dll' [rescheduled]
2638.19f4: Detected loader lock ownership: rc=22900 '\Device\HarddiskVolume4\Windows\System32\uxtheme.dll'.
2638.19f4: supR3HardenedWinVerifyCacheProcessWvtTodos: 22900 (was 22900) fWinVerifyTrust=0 for '\Device\HarddiskVolume4\Windows\System32\uxtheme.dll' [rescheduled]
2638.19f4: Detected loader lock ownership: rc=VINF_SUCCESS '\Device\HarddiskVolume4\Windows\System32\dwmapi.dll'.
2638.19f4: supR3HardenedWinVerifyCacheProcessWvtTodos: 0 (was 0) fWinVerifyTrust=0 for '\Device\HarddiskVolume4\Windows\System32\dwmapi.dll' [rescheduled]
2638.19f4: Detected loader lock ownership: rc=VINF_SUCCESS '\Device\HarddiskVolume4\Windows\System32\shell32.dll'.
2638.19f4: supR3HardenedWinVerifyCacheProcessWvtTodos: 0 (was 0) fWinVerifyTrust=0 for '\Device\HarddiskVolume4\Windows\System32\shell32.dll' [rescheduled]
2638.19f4: Detected loader lock ownership: rc=VINF_SUCCESS '\Device\HarddiskVolume4\Windows\System32\msvcp140_1.dll'.
2638.19f4: supR3HardenedWinVerifyCacheProcessWvtTodos: 0 (was 0) fWinVerifyTrust=0 for '\Device\HarddiskVolume4\Windows\System32\msvcp140_1.dll' [rescheduled]
2638.19f4: supR3HardenedWinVerifyCacheProcessImportTodos: Processing 'rpcrt4.dll'...
2638.19f4: supR3HardenedWinVerifyCacheProcessImportTodos: 'rpcrt4.dll' -> '\Device\HarddiskVolume4\Windows\System32\rpcrt4.dll' [rcNtRedir=0xc0150008]
2638.19f4: supR3HardenedWinVerifyCacheProcessImportTodos: Processing 'win32u.dll'...
2638.19f4: supR3HardenedWinVerifyCacheProcessImportTodos: 'win32u.dll' -> '\Device\HarddiskVolume4\Windows\System32\win32u.dll' [rcNtRedir=0xc0150008]
2638.19f4: supR3HardenedScreenImage/Imports: cache hit (VINF_SUCCESS) on \Device\HarddiskVolume4\Windows\System32\win32u.dll
2638.19f4: supR3HardenedWinVerifyCacheProcessImportTodos: Processing 'msvcp_win.dll'...
2638.19f4: supR3HardenedWinVerifyCacheProcessImportTodos: 'msvcp_win.dll' -> '\Device\HarddiskVolume4\Windows\System32\msvcp_win.dll' [rcNtRedir=0xc0150008]
2638.19f4: supR3HardenedScreenImage/Imports: cache hit (VINF_SUCCESS) on \Device\HarddiskVolume4\Windows\System32\msvcp_win.dll
2638.19f4: supR3HardenedMonitor_LdrLoadDll: returns rcNt=0x0 hMod=00007ffdd4e30000 'C:\WINDOWS\System32\gdi32.dll'
2638.19f4: Detected loader lock ownership: rc=VINF_SUCCESS '\Device\HarddiskVolume4\Windows\System32\srvcli.dll'.
2638.19f4: supR3HardenedWinVerifyCacheProcessWvtTodos: 0 (was 0) fWinVerifyTrust=0 for '\Device\HarddiskVolume4\Windows\System32\srvcli.dll' [rescheduled]
2638.19f4: Detected loader lock ownership: rc=VINF_SUCCESS '\Device\HarddiskVolume4\Windows\System32\DXCore.dll'.
2638.19f4: supR3HardenedWinVerifyCacheProcessWvtTodos: 0 (was 0) fWinVerifyTrust=0 for '\Device\HarddiskVolume4\Windows\System32\DXCore.dll' [rescheduled]
2638.19f4: Detected loader lock ownership: rc=VINF_SUCCESS '\Device\HarddiskVolume4\Windows\System32\netutils.dll'.
2638.19f4: supR3HardenedWinVerifyCacheProcessWvtTodos: 0 (was 0) fWinVerifyTrust=0 for '\Device\HarddiskVolume4\Windows\System32\netutils.dll' [rescheduled]
2638.19f4: Detected loader lock ownership: rc=24202 '\Device\HarddiskVolume4\Program Files\Oracle\VirtualBox\Qt5SqlVBox.dll'.
2638.19f4: supR3HardenedWinVerifyCacheProcessWvtTodos: 24202 (was 24202) fWinVerifyTrust=0 for '\Device\HarddiskVolume4\Program Files\Oracle\VirtualBox\Qt5SqlVBox.dll' [rescheduled]
2638.19f4: Detected loader lock ownership: rc=22900 '\Device\HarddiskVolume4\Windows\System32\glu32.dll'.
2638.19f4: supR3HardenedWinVerifyCacheProcessWvtTodos: 22900 (was 22900) fWinVerifyTrust=0 for '\Device\HarddiskVolume4\Windows\System32\glu32.dll' [rescheduled]
2638.19f4: Detected loader lock ownership: rc=VINF_SUCCESS '\Device\HarddiskVolume4\Windows\System32\mpr.dll'.
2638.19f4: supR3HardenedWinVerifyCacheProcessWvtTodos: 0 (was 0) fWinVerifyTrust=0 for '\Device\HarddiskVolume4\Windows\System32\mpr.dll' [rescheduled]
2638.19f4: Detected loader lock ownership: rc=VINF_SUCCESS '\Device\HarddiskVolume4\Windows\System32\userenv.dll'.
2638.19f4: supR3HardenedWinVerifyCacheProcessWvtTodos: 0 (was 0) fWinVerifyTrust=0 for '\Device\HarddiskVolume4\Windows\System32\userenv.dll' [rescheduled]
2638.19f4: Detected loader lock ownership: rc=VINF_SUCCESS '\Device\HarddiskVolume4\Windows\System32\version.dll'.
2638.19f4: supR3HardenedWinVerifyCacheProcessWvtTodos: 0 (was 0) fWinVerifyTrust=0 for '\Device\HarddiskVolume4\Windows\System32\version.dll' [rescheduled]
2638.19f4: Detected loader lock ownership: rc=VINF_SUCCESS '\Device\HarddiskVolume4\Windows\System32\netapi32.dll'.
2638.19f4: supR3HardenedWinVerifyCacheProcessWvtTodos: 0 (was 0) fWinVerifyTrust=0 for '\Device\HarddiskVolume4\Windows\System32\netapi32.dll' [rescheduled]
2638.19f4: Detected loader lock ownership: rc=VINF_SUCCESS '\Device\HarddiskVolume4\Windows\System32\d3d11.dll'.
2638.19f4: supR3HardenedWinVerifyCacheProcessWvtTodos: 0 (was 0) fWinVerifyTrust=0 for '\Device\HarddiskVolume4\Windows\System32\d3d11.dll' [rescheduled]
2638.19f4: Detected loader lock ownership: rc=VINF_SUCCESS '\Device\HarddiskVolume4\Windows\System32\dxgi.dll'.
2638.19f4: supR3HardenedWinVerifyCacheProcessWvtTodos: 0 (was 0) fWinVerifyTrust=0 for '\Device\HarddiskVolume4\Windows\System32\dxgi.dll' [rescheduled]
2638.19f4: Detected loader lock ownership: rc=22900 '\Device\HarddiskVolume4\Windows\System32\opengl32.dll'.
2638.19f4: supR3HardenedWinVerifyCacheProcessWvtTodos: 22900 (was 22900) fWinVerifyTrust=0 for '\Device\HarddiskVolume4\Windows\System32\opengl32.dll' [rescheduled]
2638.19f4: Detected loader lock ownership: rc=22900 '\Device\HarddiskVolume4\Windows\System32\uxtheme.dll'.
2638.19f4: supR3HardenedWinVerifyCacheProcessWvtTodos: 22900 (was 22900) fWinVerifyTrust=0 for '\Device\HarddiskVolume4\Windows\System32\uxtheme.dll' [rescheduled]
2638.19f4: Detected loader lock ownership: rc=VINF_SUCCESS '\Device\HarddiskVolume4\Windows\System32\dwmapi.dll'.
2638.19f4: supR3HardenedWinVerifyCacheProcessWvtTodos: 0 (was 0) fWinVerifyTrust=0 for '\Device\HarddiskVolume4\Windows\System32\dwmapi.dll' [rescheduled]
2638.19f4: Detected loader lock ownership: rc=VINF_SUCCESS '\Device\HarddiskVolume4\Windows\System32\shell32.dll'.
2638.19f4: supR3HardenedWinVerifyCacheProcessWvtTodos: 0 (was 0) fWinVerifyTrust=0 for '\Device\HarddiskVolume4\Windows\System32\shell32.dll' [rescheduled]
2638.19f4: Detected loader lock ownership: rc=VINF_SUCCESS '\Device\HarddiskVolume4\Windows\System32\msvcp140_1.dll'.
2638.19f4: supR3HardenedWinVerifyCacheProcessWvtTodos: 0 (was 0) fWinVerifyTrust=0 for '\Device\HarddiskVolume4\Windows\System32\msvcp140_1.dll' [rescheduled]
2638.19f4: supR3HardenedMonitor_LdrLoadDll: returns rcNt=0x0 hMod=00007ffd9b770000 'C:\Program Files\Oracle\VirtualBox\VirtualBoxVM.dll'
2638.19f4: supR3HardenedMonitor_LdrLoadDll: returns rcNt=0x0 hMod=00007ffdd12a0000 'C:\WINDOWS\system32\rsaenh.dll'
2638.19f4: supR3HardenedMonitor_LdrLoadDll: returns rcNt=0x0 hMod=00007ffdd2380000 'C:\WINDOWS\System32\crypt32.dll'
2638.19f4: supR3HardenedWinVerifyCacheProcessWvtTodos: 0 (was 0) fWinVerifyTrust=1 for '\Device\HarddiskVolume4\Windows\System32\srvcli.dll'
2638.19f4: supR3HardenedMonitor_LdrLoadDll: returns rcNt=0x0 hMod=00007ffdd12a0000 'C:\WINDOWS\system32\rsaenh.dll'
2638.19f4: supR3HardenedMonitor_LdrLoadDll: returns rcNt=0x0 hMod=00007ffdd2380000 'C:\WINDOWS\System32\crypt32.dll'
2638.19f4: supR3HardenedWinVerifyCacheProcessWvtTodos: 0 (was 0) fWinVerifyTrust=1 for '\Device\HarddiskVolume4\Windows\System32\DXCore.dll'
2638.19f4: supR3HardenedMonitor_LdrLoadDll: returns rcNt=0x0 hMod=00007ffdd12a0000 'C:\WINDOWS\system32\rsaenh.dll'
2638.19f4: supR3HardenedMonitor_LdrLoadDll: returns rcNt=0x0 hMod=00007ffdd2380000 'C:\WINDOWS\System32\crypt32.dll'
2638.19f4: supR3HardenedWinVerifyCacheProcessWvtTodos: 0 (was 0) fWinVerifyTrust=1 for '\Device\HarddiskVolume4\Windows\System32\netutils.dll'
2638.19f4: supR3HardenedMonitor_LdrLoadDll: returns rcNt=0x0 hMod=00007ffdd12a0000 'C:\WINDOWS\system32\rsaenh.dll'
2638.19f4: supR3HardenedMonitor_LdrLoadDll: returns rcNt=0x0 hMod=00007ffdd2380000 'C:\WINDOWS\System32\crypt32.dll'
2638.19f4: supR3HardenedWinVerifyCacheProcessWvtTodos: 0 (was 24202) fWinVerifyTrust=1 for '\Device\HarddiskVolume4\Program Files\Oracle\VirtualBox\Qt5SqlVBox.dll'
2638.19f4: supR3HardNtViCallWinVerifyTrustCatFile: hFile=0000000000000550 pwszName=\Device\HarddiskVolume4\Windows\System32\glu32.dll
2638.19f4: supR3HardNtViCallWinVerifyTrustCatFile: Cached context 00000212d3930690
2638.19f4: supR3HardNtViCallWinVerifyTrustCatFile: hCatAdmin=00000212d3930690
2638.19f4: supR3HardNtViCallWinVerifyTrustCatFile: cbHash=20 wszDigest=DF4EAB9F97FE419CE0553783E158B8BFFF5EBFEF
2638.19f4: supR3HardenedMonitor_LdrLoadDll: returns rcNt=0x0 hMod=00007ffdd12a0000 'C:\WINDOWS\system32\rsaenh.dll'
2638.19f4: supR3HardenedMonitor_LdrLoadDll: returns rcNt=0x0 hMod=00007ffdd2380000 'C:\WINDOWS\System32\crypt32.dll'
2638.19f4: supR3HardNtViCallWinVerifyTrustCatFile: WinVerifyTrust => 0x0; cat='C:\WINDOWS\system32\CatRoot\{F750E6C3-38EE-11D1-85E5-00C04FC295EE}\Microsoft-Windows-Client-Features-Package0212~31bf3856ad364e35~amd64~~10.0.22621.2129.cat'; file='\Device\HarddiskVolume4\Windows\System32\glu32.dll'
2638.19f4: supR3HardNtViCallWinVerifyTrustCatFile -> 0 (org 22900)
2638.19f4: supR3HardenedWinVerifyCacheProcessWvtTodos: 0 (was 22900) fWinVerifyTrust=1 for '\Device\HarddiskVolume4\Windows\System32\glu32.dll'
2638.19f4: supR3HardenedMonitor_LdrLoadDll: returns rcNt=0x0 hMod=00007ffdd12a0000 'C:\WINDOWS\system32\rsaenh.dll'
2638.19f4: supR3HardenedMonitor_LdrLoadDll: returns rcNt=0x0 hMod=00007ffdd2380000 'C:\WINDOWS\System32\crypt32.dll'
2638.19f4: supR3HardenedWinVerifyCacheProcessWvtTodos: 0 (was 0) fWinVerifyTrust=1 for '\Device\HarddiskVolume4\Windows\System32\mpr.dll'
2638.19f4: supR3HardenedMonitor_LdrLoadDll: returns rcNt=0x0 hMod=00007ffdd12a0000 'C:\WINDOWS\system32\rsaenh.dll'
2638.19f4: supR3HardenedMonitor_LdrLoadDll: returns rcNt=0x0 hMod=00007ffdd2380000 'C:\WINDOWS\System32\crypt32.dll'
2638.19f4: supR3HardenedWinVerifyCacheProcessWvtTodos: 0 (was 0) fWinVerifyTrust=1 for '\Device\HarddiskVolume4\Windows\System32\userenv.dll'
2638.19f4: supR3HardenedMonitor_LdrLoadDll: returns rcNt=0x0 hMod=00007ffdd12a0000 'C:\WINDOWS\system32\rsaenh.dll'
2638.19f4: supR3HardenedMonitor_LdrLoadDll: returns rcNt=0x0 hMod=00007ffdd2380000 'C:\WINDOWS\System32\crypt32.dll'
2638.19f4: supR3HardenedWinVerifyCacheProcessWvtTodos: 0 (was 0) fWinVerifyTrust=1 for '\Device\HarddiskVolume4\Windows\System32\version.dll'
2638.19f4: supR3HardenedMonitor_LdrLoadDll: returns rcNt=0x0 hMod=00007ffdd12a0000 'C:\WINDOWS\system32\rsaenh.dll'
2638.19f4: supR3HardenedScreenImage/LdrLoadDll: cache hit (VINF_SUCCESS) on \Device\HarddiskVolume4\Windows\System32\crypt32.dll
2638.19f4: supR3HardenedMonitor_LdrLoadDll: pName=C:\WINDOWS\System32\crypt32.dll (Input=crypt32.dll, rcNtResolve=0xc0150008) *pfFlags=0x0 pwszSearchPath=0000000000000001:<flags> [calling]
2638.19f4: supR3HardenedMonitor_LdrLoadDll: returns rcNt=0x0 hMod=00007ffdd2380000 'C:\WINDOWS\System32\crypt32.dll'
2638.19f4: supR3HardenedWinVerifyCacheProcessWvtTodos: 0 (was 0) fWinVerifyTrust=1 for '\Device\HarddiskVolume4\Windows\System32\netapi32.dll'
2638.19f4: supR3HardenedMonitor_LdrLoadDll: returns rcNt=0x0 hMod=00007ffdd12a0000 'C:\WINDOWS\system32\rsaenh.dll'
2638.19f4: supR3HardenedMonitor_LdrLoadDll: returns rcNt=0x0 hMod=00007ffdd2380000 'C:\WINDOWS\System32\crypt32.dll'
2638.19f4: supR3HardenedWinVerifyCacheProcessWvtTodos: 0 (was 0) fWinVerifyTrust=1 for '\Device\HarddiskVolume4\Windows\System32\d3d11.dll'
2638.19f4: supR3HardenedMonitor_LdrLoadDll: returns rcNt=0x0 hMod=00007ffdd12a0000 'C:\WINDOWS\system32\rsaenh.dll'
2638.19f4: supR3HardenedMonitor_LdrLoadDll: returns rcNt=0x0 hMod=00007ffdd2380000 'C:\WINDOWS\System32\crypt32.dll'
2638.19f4: supR3HardenedWinVerifyCacheProcessWvtTodos: 0 (was 0) fWinVerifyTrust=1 for '\Device\HarddiskVolume4\Windows\System32\dxgi.dll'
2638.19f4: supR3HardNtViCallWinVerifyTrustCatFile: hFile=0000000000000508 pwszName=\Device\HarddiskVolume4\Windows\System32\opengl32.dll
2638.19f4: supR3HardNtViCallWinVerifyTrustCatFile: Cached context 00000212d3930690
2638.19f4: supR3HardNtViCallWinVerifyTrustCatFile: hCatAdmin=00000212d3930690
2638.19f4: supR3HardNtViCallWinVerifyTrustCatFile: cbHash=20 wszDigest=CAAD68F55A7F27A23D59D1732A5EE448CBE38C81
2638.19f4: supR3HardenedScreenImage/LdrLoadDll: cache hit (VINF_SUCCESS) on \Device\HarddiskVolume4\Windows\System32\rsaenh.dll
2638.19f4: supR3HardenedMonitor_LdrLoadDll: pName=C:\WINDOWS\system32\rsaenh.dll (rcNtResolve=0xc0150008) *pfFlags=0x0 pwszSearchPath=0000000000000001:<flags> [calling]
2638.19f4: supR3HardenedMonitor_LdrLoadDll: returns rcNt=0x0 hMod=00007ffdd12a0000 'C:\WINDOWS\system32\rsaenh.dll'
2638.19f4: supR3HardenedMonitor_LdrLoadDll: returns rcNt=0x0 hMod=00007ffdd2380000 'C:\WINDOWS\System32\crypt32.dll'
2638.19f4: supR3HardNtViCallWinVerifyTrustCatFile: WinVerifyTrust => 0x0; cat='C:\WINDOWS\system32\CatRoot\{F750E6C3-38EE-11D1-85E5-00C04FC295EE}\Microsoft-Windows-Client-Features-Package0212~31bf3856ad364e35~amd64~~10.0.22621.2129.cat'; file='\Device\HarddiskVolume4\Windows\System32\opengl32.dll'
2638.19f4: supR3HardNtViCallWinVerifyTrustCatFile -> 0 (org 22900)
2638.19f4: supR3HardenedWinVerifyCacheProcessWvtTodos: 0 (was 22900) fWinVerifyTrust=1 for '\Device\HarddiskVolume4\Windows\System32\opengl32.dll'
2638.19f4: supR3HardNtViCallWinVerifyTrustCatFile: hFile=0000000000000538 pwszName=\Device\HarddiskVolume4\Windows\System32\uxtheme.dll
2638.19f4: supR3HardNtViCallWinVerifyTrustCatFile: Cached context 00000212d3930690
2638.19f4: supR3HardNtViCallWinVerifyTrustCatFile: hCatAdmin=00000212d3930690
2638.19f4: supR3HardNtViCallWinVerifyTrustCatFile: cbHash=20 wszDigest=63418F2BDFF916288375E30EAD07846355C4D584
2638.19f4: supR3HardenedMonitor_LdrLoadDll: returns rcNt=0x0 hMod=00007ffdd12a0000 'C:\WINDOWS\system32\rsaenh.dll'
2638.19f4: supR3HardenedMonitor_LdrLoadDll: returns rcNt=0x0 hMod=00007ffdd2380000 'C:\WINDOWS\System32\crypt32.dll'
2638.19f4: supR3HardNtViCallWinVerifyTrustCatFile: WinVerifyTrust => 0x0; cat='C:\WINDOWS\system32\CatRoot\{F750E6C3-38EE-11D1-85E5-00C04FC295EE}\Microsoft-Windows-Client-Desktop-Required-Package05~31bf3856ad364e35~amd64~~10.0.22621.2129.cat'; file='\Device\HarddiskVolume4\Windows\System32\uxtheme.dll'
2638.19f4: supR3HardNtViCallWinVerifyTrustCatFile -> 0 (org 22900)
2638.19f4: supR3HardenedWinVerifyCacheProcessWvtTodos: 0 (was 22900) fWinVerifyTrust=1 for '\Device\HarddiskVolume4\Windows\System32\uxtheme.dll'
2638.19f4: supR3HardenedMonitor_LdrLoadDll: returns rcNt=0x0 hMod=00007ffdd12a0000 'C:\WINDOWS\system32\rsaenh.dll'
2638.19f4: supR3HardenedMonitor_LdrLoadDll: returns rcNt=0x0 hMod=00007ffdd2380000 'C:\WINDOWS\System32\crypt32.dll'
2638.19f4: supR3HardenedWinVerifyCacheProcessWvtTodos: 0 (was 0) fWinVerifyTrust=1 for '\Device\HarddiskVolume4\Windows\System32\dwmapi.dll'
2638.19f4: supR3HardenedMonitor_LdrLoadDll: returns rcNt=0x0 hMod=00007ffdd12a0000 'C:\WINDOWS\system32\rsaenh.dll'
2638.19f4: supR3HardenedMonitor_LdrLoadDll: returns rcNt=0x0 hMod=00007ffdd2380000 'C:\WINDOWS\System32\crypt32.dll'
2638.19f4: supR3HardenedWinVerifyCacheProcessWvtTodos: 0 (was 0) fWinVerifyTrust=1 for '\Device\HarddiskVolume4\Windows\System32\shell32.dll'
2638.19f4: supR3HardenedMonitor_LdrLoadDll: returns rcNt=0x0 hMod=00007ffdd12a0000 'C:\WINDOWS\system32\rsaenh.dll'
2638.19f4: supR3HardenedMonitor_LdrLoadDll: returns rcNt=0x0 hMod=00007ffdd2380000 'C:\WINDOWS\System32\crypt32.dll'
2638.19f4: supR3HardenedWinVerifyCacheProcessWvtTodos: 0 (was 0) fWinVerifyTrust=1 for '\Device\HarddiskVolume4\Windows\System32\msvcp140_1.dll'
2638.19f4: SUPR3HardenedMain: Calling TrustedMain (00007ffd9b771c90)...
2638.19f4: \Device\HarddiskVolume4\Program Files\Oracle\VirtualBox\platforms\qwindows.dll: Signature #1/2: info status: 24202
2638.19f4: supR3HardenedMonitor_LdrLoadDll: returns rcNt=0x0 hMod=00007ffdd12a0000 'C:\WINDOWS\system32\rsaenh.dll'
2638.19f4: supR3HardenedMonitor_LdrLoadDll: returns rcNt=0x0 hMod=00007ffdd2380000 'C:\WINDOWS\System32\crypt32.dll'
2638.19f4: supR3HardenedWinVerifyCacheScheduleImports: Import todo: #0 'dwmapi.dll'.
2638.19f4: supR3HardenedWinVerifyCacheScheduleImports: Import todo: #1 'imm32.dll'.
2638.19f4: supR3HardenedWinVerifyCacheScheduleImports: Import todo: #2 'oleaut32.dll'.
2638.19f4: supR3HardenedWinVerifyCacheScheduleImports: Import todo: #3 'wtsapi32.dll'.
2638.19f4: supR3HardenedWinVerifyCacheScheduleImports: Import todo: #4 'ole32.dll'.
2638.19f4: supR3HardenedWinVerifyCacheScheduleImports: Import todo: #5 'gdi32.dll'.
2638.19f4: supR3HardenedWinVerifyCacheScheduleImports: Import todo: #6 'user32.dll'.
2638.19f4: supR3HardenedWinVerifyCacheScheduleImports: Import todo: #7 'qt5guivbox.dll'.
2638.19f4: supR3HardenedWinVerifyCacheScheduleImports: Import todo: #8 'qt5corevbox.dll'.
2638.19f4: supR3HardenedWinVerifyCacheScheduleImports: Import todo: #9 'shell32.dll'.
2638.19f4: supR3HardenedWinVerifyCacheScheduleImports: Import todo: #10 'winmm.dll'.
2638.19f4: supR3HardenedWinVerifyCacheScheduleImports: Import todo: #11 'msvcp140.dll'.
2638.19f4: supR3HardenedWinVerifyCacheScheduleImports: Import todo: #13 'vcruntime140.dll'.
2638.19f4: supR3HardenedWinVerifyCacheScheduleImports: Import todo: #14 'vcruntime140_1.dll'.
2638.19f4: supHardenedWinVerifyImageByHandle: -> 0 (\Device\HarddiskVolume4\Program Files\Oracle\VirtualBox\platforms\qwindows.dll) WinVerifyTrust
2638.19f4: supR3HardenedWinVerifyCacheInsert: \Device\HarddiskVolume4\Program Files\Oracle\VirtualBox\platforms\qwindows.dll
2638.19f4: supR3HardenedWinVerifyCacheProcessImportTodos: Processing 'vcruntime140_1.dll'...
2638.19f4: supR3HardenedWinVerifyCacheProcessImportTodos: 'vcruntime140_1.dll' -> '\Device\HarddiskVolume4\Windows\System32\vcruntime140_1.dll' [rcNtRedir=0xc0150008]
2638.19f4: supR3HardenedWinVerifyCacheProcessImportTodos: Processing 'vcruntime140.dll'...
2638.19f4: supR3HardenedWinVerifyCacheProcessImportTodos: 'vcruntime140.dll' -> '\Device\HarddiskVolume4\Windows\System32\vcruntime140.dll' [rcNtRedir=0xc0150008]
2638.19f4: supR3HardenedWinVerifyCacheProcessImportTodos: Processing 'msvcp140.dll'...
2638.19f4: supR3HardenedWinVerifyCacheProcessImportTodos: 'msvcp140.dll' -> '\Device\HarddiskVolume4\Windows\System32\msvcp140.dll' [rcNtRedir=0xc0150008]
2638.19f4: supR3HardenedScreenImage/Imports: cache hit (VINF_SUCCESS) on \Device\HarddiskVolume4\Windows\System32\msvcp140.dll
2638.19f4: supR3HardenedWinVerifyCacheProcessImportTodos: Processing 'winmm.dll'...
2638.19f4: supR3HardenedWinVerifyCacheProcessImportTodos: 'winmm.dll' -> '\Device\HarddiskVolume4\Windows\System32\winmm.dll' [rcNtRedir=0xc0150008]
2638.19f4: supR3HardenedScreenImage/Imports: cache hit (VINF_SUCCESS) on \Device\HarddiskVolume4\Windows\System32\winmm.dll
2638.19f4: supR3HardenedWinVerifyCacheProcessImportTodos: Processing 'shell32.dll'...
2638.19f4: supR3HardenedWinVerifyCacheProcessImportTodos: 'shell32.dll' -> '\Device\HarddiskVolume4\Windows\System32\shell32.dll' [rcNtRedir=0xc0150008]
2638.19f4: supR3HardenedScreenImage/Imports: cache hit (VINF_SUCCESS) on \Device\HarddiskVolume4\Windows\System32\shell32.dll
2638.19f4: supR3HardenedWinVerifyCacheProcessImportTodos: Processing 'qt5corevbox.dll'...
2638.19f4: supR3HardenedWinVerifyCacheProcessImportTodos: 'qt5corevbox.dll' -> '\Device\HarddiskVolume4\Program Files\Oracle\VirtualBox\qt5corevbox.dll' [rcNtRedir=0xc0150008]
2638.19f4: supR3HardenedWinVerifyCacheProcessImportTodos: Processing 'qt5guivbox.dll'...
2638.19f4: supR3HardenedWinVerifyCacheProcessImportTodos: 'qt5guivbox.dll' -> '\Device\HarddiskVolume4\Program Files\Oracle\VirtualBox\qt5guivbox.dll' [rcNtRedir=0xc0150008]
2638.19f4: supR3HardenedScreenImage/Imports: cache hit (VINF_SUCCESS) on \Device\HarddiskVolume4\Program Files\Oracle\VirtualBox\Qt5GuiVBox.dll
2638.19f4: supR3HardenedWinVerifyCacheProcessImportTodos: Processing 'user32.dll'...
2638.19f4: supR3HardenedWinVerifyCacheProcessImportTodos: 'user32.dll' -> '\Device\HarddiskVolume4\Windows\System32\user32.dll' [rcNtRedir=0xc0150008]
2638.19f4: supR3HardenedWinVerifyCacheProcessImportTodos: Processing 'gdi32.dll'...
2638.19f4: supR3HardenedWinVerifyCacheProcessImportTodos: 'gdi32.dll' -> '\Device\HarddiskVolume4\Windows\System32\gdi32.dll' [rcNtRedir=0xc0150008]
2638.19f4: supR3HardenedWinVerifyCacheProcessImportTodos: Processing 'ole32.dll'...
2638.19f4: supR3HardenedWinVerifyCacheProcessImportTodos: 'ole32.dll' -> '\Device\HarddiskVolume4\Windows\System32\ole32.dll' [rcNtRedir=0xc0150008]
2638.19f4: supR3HardenedScreenImage/Imports: cache hit (VINF_SUCCESS) on \Device\HarddiskVolume4\Windows\System32\ole32.dll
2638.19f4: supR3HardenedWinVerifyCacheProcessImportTodos: Processing 'wtsapi32.dll'...
2638.19f4: supR3HardenedWinVerifyCacheProcessImportTodos: 'wtsapi32.dll' -> '\Device\HarddiskVolume4\Windows\System32\wtsapi32.dll' [rcNtRedir=0xc0150008]
2638.19f4: supR3HardenedMonitor_LdrLoadDll: returns rcNt=0x0 hMod=00007ffdd12a0000 'C:\WINDOWS\system32\rsaenh.dll'
2638.19f4: supR3HardenedMonitor_LdrLoadDll: returns rcNt=0x0 hMod=00007ffdd2380000 'C:\WINDOWS\System32\crypt32.dll'
2638.19f4: supR3HardenedWinVerifyCacheScheduleImports: Import todo: #0 'msvcrt.dll'.
2638.19f4: supHardenedWinVerifyImageByHandle: -> 0 (\Device\HarddiskVolume4\Windows\System32\wtsapi32.dll) WinVerifyTrust
2638.19f4: supR3HardenedWinVerifyCacheInsert: \Device\HarddiskVolume4\Windows\System32\wtsapi32.dll
2638.19f4: supR3HardenedWinVerifyCacheProcessImportTodos: Processing 'oleaut32.dll'...
2638.19f4: supR3HardenedWinVerifyCacheProcessImportTodos: 'oleaut32.dll' -> '\Device\HarddiskVolume4\Windows\System32\oleaut32.dll' [rcNtRedir=0xc0150008]
2638.19f4: supR3HardenedScreenImage/Imports: cache hit (VINF_SUCCESS) on \Device\HarddiskVolume4\Windows\System32\oleaut32.dll
2638.19f4: supR3HardenedWinVerifyCacheProcessImportTodos: Processing 'imm32.dll'...
2638.19f4: supR3HardenedWinVerifyCacheProcessImportTodos: 'imm32.dll' -> '\Device\HarddiskVolume4\Windows\System32\imm32.dll' [rcNtRedir=0xc0150008]
2638.19f4: supR3HardenedScreenImage/Imports: cache hit (VINF_SUCCESS) on \Device\HarddiskVolume4\Windows\System32\imm32.dll
2638.19f4: supR3HardenedWinVerifyCacheProcessImportTodos: Processing 'dwmapi.dll'...
2638.19f4: supR3HardenedWinVerifyCacheProcessImportTodos: 'dwmapi.dll' -> '\Device\HarddiskVolume4\Windows\System32\dwmapi.dll' [rcNtRedir=0xc0150008]
2638.19f4: supR3HardenedScreenImage/Imports: cache hit (VINF_SUCCESS) on \Device\HarddiskVolume4\Windows\System32\dwmapi.dll
2638.19f4: supR3HardenedWinVerifyCacheProcessImportTodos: Processing 'msvcrt.dll'...
2638.19f4: supR3HardenedWinVerifyCacheProcessImportTodos: 'msvcrt.dll' -> '\Device\HarddiskVolume4\Windows\System32\msvcrt.dll' [rcNtRedir=0xc0150008]
2638.19f4: supR3HardenedMonitor_LdrLoadDll: pName=C:\Program Files\Oracle\VirtualBox\platforms\qwindows.dll (rcNtResolve=0xc0150008) *pfFlags=0x0 pwszSearchPath=0000000000000001:<flags> [calling]
2638.19f4: supR3HardenedScreenImage/NtCreateSection: cache hit (VINF_SUCCESS) on \Device\HarddiskVolume4\Program Files\Oracle\VirtualBox\platforms\qwindows.dll
2638.19f4: supR3HardenedScreenImage/NtCreateSection: cache hit (VINF_SUCCESS) on \Device\HarddiskVolume4\Windows\System32\wtsapi32.dll
2638.19f4: supR3HardenedDllNotificationCallback: load   00007ffdd10f0000 LB 0x00014000 C:\WINDOWS\SYSTEM32\WTSAPI32.dll [fFlags=0x0]
2638.19f4: supR3HardenedScreenImage/LdrLoadDll: cache hit (VINF_SUCCESS) on \Device\HarddiskVolume4\Windows\System32\wtsapi32.dll
2638.19f4: supR3HardenedDllNotificationCallback: load   00007ffd9b9a0000 LB 0x00161000 C:\Program Files\Oracle\VirtualBox\platforms\qwindows.dll [fFlags=0x0]
2638.19f4: supR3HardenedScreenImage/LdrLoadDll: cache hit (VINF_SUCCESS) on \Device\HarddiskVolume4\Program Files\Oracle\VirtualBox\platforms\qwindows.dll
2638.19f4: supR3HardenedMonitor_LdrLoadDll: returns rcNt=0x0 hMod=00007ffd9b9a0000 'C:\Program Files\Oracle\VirtualBox\platforms\qwindows.dll'
2638.19f4: supR3HardenedWinVerifyCacheScheduleImports: Import todo: #4 'rpcrt4.dll'.
2638.19f4: supR3HardenedWinVerifyCacheScheduleImports: Import todo: #38 'bcryptprimitives.dll'.
2638.19f4: supR3HardenedWinVerifyCacheScheduleImports: Import todo: #51 'combase.dll'.
2638.19f4: supHardenedWinVerifyImageByHandle: -> 22900 (\Device\HarddiskVolume4\Windows\System32\rpcss.dll)
2638.19f4: supR3HardenedWinVerifyCacheInsert: \Device\HarddiskVolume4\Windows\System32\rpcss.dll
2638.19f4: supR3HardenedMonitor_NtCreateSection: NtMapViewOfSection failed on 0000000000000618 (hFile=000000000000061c) with 0xc0000022 -> STATUS_TRUST_FAILURE
2638.19f4: supR3HardNtViCallWinVerifyTrustCatFile: hFile=0000000000000668 pwszName=\Device\HarddiskVolume4\Windows\System32\rpcss.dll
2638.19f4: supR3HardNtViCallWinVerifyTrustCatFile: Cached context 00000212d3930690
2638.19f4: supR3HardNtViCallWinVerifyTrustCatFile: hCatAdmin=00000212d3930690
2638.19f4: supR3HardNtViCallWinVerifyTrustCatFile: cbHash=20 wszDigest=1056E7D284FAD01B30CCF0E4854688799AD7CD69
2638.19f4: supR3HardenedWinVerifyCacheProcessImportTodos: Processing 'combase.dll'...
2638.19f4: supR3HardenedWinVerifyCacheProcessImportTodos: 'combase.dll' -> '\Device\HarddiskVolume4\Windows\System32\combase.dll' [rcNtRedir=0xc0150008]
2638.19f4: supR3HardenedScreenImage/Imports: cache hit (VINF_SUCCESS) on \Device\HarddiskVolume4\Windows\System32\combase.dll
2638.19f4: supR3HardenedWinVerifyCacheProcessImportTodos: Processing 'bcryptprimitives.dll'...
2638.19f4: supR3HardenedWinVerifyCacheProcessImportTodos: 'bcryptprimitives.dll' -> '\Device\HarddiskVolume4\Windows\System32\bcryptprimitives.dll' [rcNtRedir=0xc0150008]
2638.19f4: supR3HardenedScreenImage/Imports: cache hit (VINF_SUCCESS) on \Device\HarddiskVolume4\Windows\System32\bcryptprimitives.dll
2638.19f4: supR3HardenedWinVerifyCacheProcessImportTodos: Processing 'rpcrt4.dll'...
2638.19f4: supR3HardenedWinVerifyCacheProcessImportTodos: 'rpcrt4.dll' -> '\Device\HarddiskVolume4\Windows\System32\rpcrt4.dll' [rcNtRedir=0xc0150008]
2638.19f4: supR3HardenedMonitor_LdrLoadDll: returns rcNt=0x0 hMod=00007ffdd12a0000 'C:\WINDOWS\system32\rsaenh.dll'
2638.19f4: supR3HardenedMonitor_LdrLoadDll: returns rcNt=0x0 hMod=00007ffdd2380000 'C:\WINDOWS\System32\crypt32.dll'
2638.19f4: supR3HardNtViCallWinVerifyTrustCatFile: WinVerifyTrust => 0x0; cat='C:\WINDOWS\system32\CatRoot\{F750E6C3-38EE-11D1-85E5-00C04FC295EE}\Microsoft-Windows-Client-Desktop-Required-Package05142030~31bf3856ad364e35~amd64~~10.0.22621.2129.cat'; file='\Device\HarddiskVolume4\Windows\System32\rpcss.dll'
2638.19f4: supR3HardNtViCallWinVerifyTrustCatFile -> 0 (org 22900)
2638.19f4: supR3HardenedWinVerifyCacheProcessWvtTodos: 0 (was 22900) fWinVerifyTrust=1 for '\Device\HarddiskVolume4\Windows\System32\rpcss.dll'
2638.19f4: supR3HardenedScreenImage/LdrLoadDll: cache hit (VINF_SUCCESS) on \Device\HarddiskVolume4\Windows\System32\uxtheme.dll
2638.19f4: supR3HardenedMonitor_LdrLoadDll: pName=C:\WINDOWS\system32\uxtheme.dll (rcNtResolve=0xc0150008) *pfFlags=0x0 pwszSearchPath=0000000000000009:<flags> [calling]
2638.19f4: supR3HardenedMonitor_LdrLoadDll: returns rcNt=0x0 hMod=00007ffdcf880000 'C:\WINDOWS\system32\uxtheme.dll'
2638.19f4: supR3HardenedMonitor_LdrLoadDll: returns rcNt=0x0 hMod=00007ffdd3810000 'C:\WINDOWS\system32\user32.dll'
2638.19f4: supR3HardenedMonitor_LdrLoadDll: returns rcNt=0x0 hMod=00007ffdd12a0000 'C:\WINDOWS\system32\rsaenh.dll'
2638.19f4: supR3HardenedMonitor_LdrLoadDll: returns rcNt=0x0 hMod=00007ffdd2380000 'C:\WINDOWS\System32\crypt32.dll'
2638.19f4: supR3HardenedWinVerifyCacheScheduleImports: Import todo: #0 'msvcp_win.dll'.
2638.19f4: supHardenedWinVerifyImageByHandle: -> 0 (\Device\HarddiskVolume4\Windows\System32\SHCore.dll) WinVerifyTrust
2638.19f4: supR3HardenedWinVerifyCacheInsert: \Device\HarddiskVolume4\Windows\System32\SHCore.dll
2638.19f4: supR3HardenedWinVerifyCacheProcessImportTodos: Processing 'msvcp_win.dll'...
2638.19f4: supR3HardenedWinVerifyCacheProcessImportTodos: 'msvcp_win.dll' -> '\Device\HarddiskVolume4\Windows\System32\msvcp_win.dll' [rcNtRedir=0xc0150008]
2638.19f4: supR3HardenedScreenImage/Imports: cache hit (VINF_SUCCESS) on \Device\HarddiskVolume4\Windows\System32\msvcp_win.dll
2638.19f4: supR3HardenedMonitor_LdrLoadDll: pName=C:\WINDOWS\system32\SHCore.dll (rcNtResolve=0xc0150008) *pfFlags=0x0 pwszSearchPath=0000000000000001:<flags> [calling]
2638.19f4: supR3HardenedDllNotificationCallback: load   00007ffdd39d0000 LB 0x000f3000 C:\WINDOWS\System32\SHCore.dll [fFlags=0x0]
2638.19f4: supR3HardenedScreenImage/LdrLoadDll: cache hit (VINF_SUCCESS) on \Device\HarddiskVolume4\Windows\System32\SHCore.dll
2638.19f4: supR3HardenedMonitor_LdrLoadDll: returns rcNt=0x0 hMod=00007ffdd39d0000 'C:\WINDOWS\system32\SHCore.dll'
2638.19f4: supR3HardenedScreenImage/LdrLoadDll: cache hit (VINF_SUCCESS) on \Device\HarddiskVolume4\Windows\System32\shell32.dll
2638.19f4: supR3HardenedMonitor_LdrLoadDll: pName=C:\WINDOWS\system32\shell32.dll (rcNtResolve=0xc0150008) *pfFlags=0x0 pwszSearchPath=0000000000000001:<flags> [calling]
2638.19f4: supR3HardenedMonitor_LdrLoadDll: returns rcNt=0x0 hMod=00007ffdd3ed0000 'C:\WINDOWS\system32\shell32.dll'
2638.19f4: supR3HardenedWinVerifyCacheScheduleImports: Import todo: #31 'combase.dll'.
2638.19f4: supR3HardenedWinVerifyCacheScheduleImports: Import todo: #32 'msvcp_win.dll'.
2638.19f4: supHardenedWinVerifyImageByHandle: -> 0 (\Device\HarddiskVolume4\Windows\System32\windows.storage.dll)
2638.19f4: supR3HardenedWinVerifyCacheInsert: \Device\HarddiskVolume4\Windows\System32\windows.storage.dll
2638.19f4: supR3HardenedWinVerifyCacheScheduleImports: Import todo: #3 'combase.dll'.
2638.19f4: supHardenedWinVerifyImageByHandle: -> 0 (\Device\HarddiskVolume4\Windows\System32\WinTypes.dll)
2638.19f4: supR3HardenedWinVerifyCacheInsert: \Device\HarddiskVolume4\Windows\System32\WinTypes.dll
2638.19f4: supR3HardenedDllNotificationCallback: load   00007ffdd0120000 LB 0x0013e000 C:\WINDOWS\SYSTEM32\wintypes.dll [fFlags=0x0]
2638.19f4: supR3HardenedScreenImage/LdrLoadDll: cache hit (VINF_SUCCESS) on \Device\HarddiskVolume4\Windows\System32\WinTypes.dll [avoiding WinVerifyTrust]
2638.19f4: supR3HardenedDllNotificationCallback: load   00007ffdd0260000 LB 0x008ec000 C:\WINDOWS\SYSTEM32\windows.storage.dll [fFlags=0x0]
2638.19f4: supR3HardenedScreenImage/LdrLoadDll: cache hit (VINF_SUCCESS) on \Device\HarddiskVolume4\Windows\System32\windows.storage.dll [avoiding WinVerifyTrust]
2638.19f4: supR3HardenedDllNotificationCallback: load   00007ffdd4e60000 LB 0x0005e000 C:\WINDOWS\System32\shlwapi.dll [fFlags=0x0]
2638.19f4: supR3HardenedWinVerifyCacheScheduleImports: Import todo: #1 'msvcrt.dll'.
2638.19f4: supHardenedWinVerifyImageByHandle: -> 0 (\Device\HarddiskVolume4\Windows\System32\shlwapi.dll)
2638.19f4: supR3HardenedWinVerifyCacheInsert: \Device\HarddiskVolume4\Windows\System32\shlwapi.dll
2638.19f4: supR3HardenedWinVerifyCacheScheduleImports: Import todo: #12 'rpcrt4.dll'.
2638.19f4: supHardenedWinVerifyImageByHandle: -> 0 (\Device\HarddiskVolume4\Windows\System32\powrprof.dll)
2638.19f4: supR3HardenedWinVerifyCacheInsert: \Device\HarddiskVolume4\Windows\System32\powrprof.dll
2638.19f4: supR3HardenedDllNotificationCallback: load   00007ffdd1e20000 LB 0x0004d000 C:\WINDOWS\SYSTEM32\powrprof.dll [fFlags=0x0]
2638.19f4: supR3HardenedScreenImage/LdrLoadDll: cache hit (VINF_SUCCESS) on \Device\HarddiskVolume4\Windows\System32\powrprof.dll [avoiding WinVerifyTrust]
2638.19f4: supHardenedWinVerifyImageByHandle: -> 0 (\Device\HarddiskVolume4\Windows\System32\umpdc.dll)
2638.19f4: supR3HardenedWinVerifyCacheInsert: \Device\HarddiskVolume4\Windows\System32\umpdc.dll
2638.19f4: supR3HardenedDllNotificationCallback: load   00007ffdd1c90000 LB 0x00013000 C:\WINDOWS\SYSTEM32\UMPDC.dll [fFlags=0x0]
2638.19f4: supR3HardenedScreenImage/LdrLoadDll: cache hit (VINF_SUCCESS) on \Device\HarddiskVolume4\Windows\System32\umpdc.dll [avoiding WinVerifyTrust]
2638.19f4: supR3HardenedWinVerifyCacheProcessImportTodos: Processing 'rpcrt4.dll'...
2638.19f4: supR3HardenedWinVerifyCacheProcessImportTodos: 'rpcrt4.dll' -> '\Device\HarddiskVolume4\Windows\System32\rpcrt4.dll' [rcNtRedir=0xc0150008]
2638.19f4: supR3HardenedWinVerifyCacheProcessImportTodos: Processing 'msvcrt.dll'...
2638.19f4: supR3HardenedWinVerifyCacheProcessImportTodos: 'msvcrt.dll' -> '\Device\HarddiskVolume4\Windows\System32\msvcrt.dll' [rcNtRedir=0xc0150008]
2638.19f4: supR3HardenedWinVerifyCacheProcessImportTodos: Processing 'combase.dll'...
2638.19f4: supR3HardenedWinVerifyCacheProcessImportTodos: 'combase.dll' -> '\Device\HarddiskVolume4\Windows\System32\combase.dll' [rcNtRedir=0xc0150008]
2638.19f4: supR3HardenedScreenImage/Imports: cache hit (VINF_SUCCESS) on \Device\HarddiskVolume4\Windows\System32\combase.dll
2638.19f4: supR3HardenedWinVerifyCacheProcessImportTodos: Processing 'msvcp_win.dll'...
2638.19f4: supR3HardenedWinVerifyCacheProcessImportTodos: 'msvcp_win.dll' -> '\Device\HarddiskVolume4\Windows\System32\msvcp_win.dll' [rcNtRedir=0xc0150008]
2638.19f4: supR3HardenedWinVerifyCacheProcessImportTodos: Processing 'combase.dll'...
2638.19f4: supR3HardenedWinVerifyCacheProcessImportTodos: 'combase.dll' -> '\Device\HarddiskVolume4\Windows\System32\combase.dll' [rcNtRedir=0xc0150008]
2638.19f4: supR3HardenedScreenImage/Imports: cache hit (VINF_SUCCESS) on \Device\HarddiskVolume4\Windows\System32\combase.dll
2638.19f4: supR3HardenedMonitor_LdrLoadDll: returns rcNt=0x0 hMod=00007ffdd12a0000 'C:\WINDOWS\system32\rsaenh.dll'
2638.19f4: supR3HardenedMonitor_LdrLoadDll: returns rcNt=0x0 hMod=00007ffdd2380000 'C:\WINDOWS\System32\crypt32.dll'
2638.19f4: supR3HardenedWinVerifyCacheProcessWvtTodos: 0 (was 0) fWinVerifyTrust=1 for '\Device\HarddiskVolume4\Windows\System32\umpdc.dll'
2638.19f4: supR3HardenedMonitor_LdrLoadDll: returns rcNt=0x0 hMod=00007ffdd12a0000 'C:\WINDOWS\system32\rsaenh.dll'
2638.19f4: supR3HardenedMonitor_LdrLoadDll: returns rcNt=0x0 hMod=00007ffdd2380000 'C:\WINDOWS\System32\crypt32.dll'
2638.19f4: supR3HardenedWinVerifyCacheProcessWvtTodos: 0 (was 0) fWinVerifyTrust=1 for '\Device\HarddiskVolume4\Windows\System32\powrprof.dll'
2638.19f4: supR3HardenedMonitor_LdrLoadDll: returns rcNt=0x0 hMod=00007ffdd12a0000 'C:\WINDOWS\system32\rsaenh.dll'
2638.19f4: supR3HardenedMonitor_LdrLoadDll: returns rcNt=0x0 hMod=00007ffdd2380000 'C:\WINDOWS\System32\crypt32.dll'
2638.19f4: supR3HardenedWinVerifyCacheProcessWvtTodos: 0 (was 0) fWinVerifyTrust=1 for '\Device\HarddiskVolume4\Windows\System32\shlwapi.dll'
2638.19f4: supR3HardenedMonitor_LdrLoadDll: returns rcNt=0x0 hMod=00007ffdd12a0000 'C:\WINDOWS\system32\rsaenh.dll'
2638.19f4: supR3HardenedMonitor_LdrLoadDll: returns rcNt=0x0 hMod=00007ffdd2380000 'C:\WINDOWS\System32\crypt32.dll'
2638.19f4: supR3HardenedWinVerifyCacheProcessWvtTodos: 0 (was 0) fWinVerifyTrust=1 for '\Device\HarddiskVolume4\Windows\System32\WinTypes.dll'
2638.19f4: supR3HardenedMonitor_LdrLoadDll: returns rcNt=0x0 hMod=00007ffdd12a0000 'C:\WINDOWS\system32\rsaenh.dll'
2638.19f4: supR3HardenedMonitor_LdrLoadDll: returns rcNt=0x0 hMod=00007ffdd2380000 'C:\WINDOWS\System32\crypt32.dll'
2638.19f4: supR3HardenedWinVerifyCacheProcessWvtTodos: 0 (was 0) fWinVerifyTrust=1 for '\Device\HarddiskVolume4\Windows\System32\windows.storage.dll'
2638.19f4: \Device\HarddiskVolume4\Program Files\Oracle\VirtualBox\styles\qwindowsvistastyle.dll: Signature #1/2: info status: 24202
2638.19f4: supR3HardenedMonitor_LdrLoadDll: returns rcNt=0x0 hMod=00007ffdd12a0000 'C:\WINDOWS\system32\rsaenh.dll'
2638.19f4: supR3HardenedMonitor_LdrLoadDll: returns rcNt=0x0 hMod=00007ffdd2380000 'C:\WINDOWS\System32\crypt32.dll'
2638.19f4: supR3HardenedWinVerifyCacheScheduleImports: Import todo: #0 'qt5widgetsvbox.dll'.
2638.19f4: supR3HardenedWinVerifyCacheScheduleImports: Import todo: #1 'qt5guivbox.dll'.
2638.19f4: supR3HardenedWinVerifyCacheScheduleImports: Import todo: #2 'qt5corevbox.dll'.
2638.19f4: supR3HardenedWinVerifyCacheScheduleImports: Import todo: #3 'uxtheme.dll'.
2638.19f4: supR3HardenedWinVerifyCacheScheduleImports: Import todo: #4 'user32.dll'.
2638.19f4: supR3HardenedWinVerifyCacheScheduleImports: Import todo: #5 'gdi32.dll'.
2638.19f4: supR3HardenedWinVerifyCacheScheduleImports: Import todo: #7 'vcruntime140.dll'.
2638.19f4: supR3HardenedWinVerifyCacheScheduleImports: Import todo: #8 'vcruntime140_1.dll'.
2638.19f4: supHardenedWinVerifyImageByHandle: -> 0 (\Device\HarddiskVolume4\Program Files\Oracle\VirtualBox\styles\qwindowsvistastyle.dll) WinVerifyTrust
2638.19f4: supR3HardenedWinVerifyCacheInsert: \Device\HarddiskVolume4\Program Files\Oracle\VirtualBox\styles\qwindowsvistastyle.dll
2638.19f4: supR3HardenedWinVerifyCacheProcessImportTodos: Processing 'vcruntime140_1.dll'...
2638.19f4: supR3HardenedWinVerifyCacheProcessImportTodos: 'vcruntime140_1.dll' -> '\Device\HarddiskVolume4\Windows\System32\vcruntime140_1.dll' [rcNtRedir=0xc0150008]
2638.19f4: supR3HardenedWinVerifyCacheProcessImportTodos: Processing 'vcruntime140.dll'...
2638.19f4: supR3HardenedWinVerifyCacheProcessImportTodos: 'vcruntime140.dll' -> '\Device\HarddiskVolume4\Windows\System32\vcruntime140.dll' [rcNtRedir=0xc0150008]
2638.19f4: supR3HardenedScreenImage/Imports: cache hit (VINF_SUCCESS) on \Device\HarddiskVolume4\Windows\System32\vcruntime140.dll
2638.19f4: supR3HardenedWinVerifyCacheProcessImportTodos: Processing 'gdi32.dll'...
2638.19f4: supR3HardenedWinVerifyCacheProcessImportTodos: 'gdi32.dll' -> '\Device\HarddiskVolume4\Windows\System32\gdi32.dll' [rcNtRedir=0xc0150008]
2638.19f4: supR3HardenedWinVerifyCacheProcessImportTodos: Processing 'user32.dll'...
2638.19f4: supR3HardenedWinVerifyCacheProcessImportTodos: 'user32.dll' -> '\Device\HarddiskVolume4\Windows\System32\user32.dll' [rcNtRedir=0xc0150008]
2638.19f4: supR3HardenedScreenImage/Imports: cache hit (VINF_SUCCESS) on \Device\HarddiskVolume4\Windows\System32\user32.dll
2638.19f4: supR3HardenedWinVerifyCacheProcessImportTodos: Processing 'uxtheme.dll'...
2638.19f4: supR3HardenedWinVerifyCacheProcessImportTodos: 'uxtheme.dll' -> '\Device\HarddiskVolume4\Windows\System32\uxtheme.dll' [rcNtRedir=0xc0150008]
2638.19f4: supR3HardenedScreenImage/Imports: cache hit (VINF_SUCCESS) on \Device\HarddiskVolume4\Windows\System32\uxtheme.dll
2638.19f4: supR3HardenedWinVerifyCacheProcessImportTodos: Processing 'qt5corevbox.dll'...
2638.19f4: supR3HardenedWinVerifyCacheProcessImportTodos: 'qt5corevbox.dll' -> '\Device\HarddiskVolume4\Program Files\Oracle\VirtualBox\qt5corevbox.dll' [rcNtRedir=0xc0150008]
2638.19f4: supR3HardenedWinVerifyCacheProcessImportTodos: Processing 'qt5guivbox.dll'...
2638.19f4: supR3HardenedWinVerifyCacheProcessImportTodos: 'qt5guivbox.dll' -> '\Device\HarddiskVolume4\Program Files\Oracle\VirtualBox\qt5guivbox.dll' [rcNtRedir=0xc0150008]
2638.19f4: supR3HardenedScreenImage/Imports: cache hit (VINF_SUCCESS) on \Device\HarddiskVolume4\Program Files\Oracle\VirtualBox\Qt5GuiVBox.dll
2638.19f4: supR3HardenedWinVerifyCacheProcessImportTodos: Processing 'qt5widgetsvbox.dll'...
2638.19f4: supR3HardenedWinVerifyCacheProcessImportTodos: 'qt5widgetsvbox.dll' -> '\Device\HarddiskVolume4\Program Files\Oracle\VirtualBox\qt5widgetsvbox.dll' [rcNtRedir=0xc0150008]
2638.19f4: supR3HardenedScreenImage/Imports: cache hit (VINF_SUCCESS) on \Device\HarddiskVolume4\Program Files\Oracle\VirtualBox\Qt5WidgetsVBox.dll
2638.19f4: supR3HardenedMonitor_LdrLoadDll: pName=C:\Program Files\Oracle\VirtualBox\styles\qwindowsvistastyle.dll (rcNtResolve=0xc0150008) *pfFlags=0x0 pwszSearchPath=0000000000000001:<flags> [calling]
2638.19f4: supR3HardenedScreenImage/NtCreateSection: cache hit (VINF_SUCCESS) on \Device\HarddiskVolume4\Program Files\Oracle\VirtualBox\styles\qwindowsvistastyle.dll
2638.19f4: supR3HardenedDllNotificationCallback: load   00007ffdb5290000 LB 0x00026000 C:\Program Files\Oracle\VirtualBox\styles\qwindowsvistastyle.dll [fFlags=0x0]
2638.19f4: supR3HardenedScreenImage/LdrLoadDll: cache hit (VINF_SUCCESS) on \Device\HarddiskVolume4\Program Files\Oracle\VirtualBox\styles\qwindowsvistastyle.dll
2638.19f4: supR3HardenedMonitor_LdrLoadDll: returns rcNt=0x0 hMod=00007ffdb5290000 'C:\Program Files\Oracle\VirtualBox\styles\qwindowsvistastyle.dll'
2638.19f4: supR3HardenedMonitor_LdrLoadDll: returns rcNt=0x0 hMod=00007ffdd12a0000 'C:\WINDOWS\system32\rsaenh.dll'
2638.19f4: supR3HardenedMonitor_LdrLoadDll: returns rcNt=0x0 hMod=00007ffdd2380000 'C:\WINDOWS\System32\crypt32.dll'
2638.19f4: supR3HardenedWinVerifyCacheScheduleImports: Import todo: #0 'msvcrt.dll'.
2638.19f4: supR3HardenedWinVerifyCacheScheduleImports: Import todo: #39 'gdi32.dll'.
2638.19f4: supR3HardenedWinVerifyCacheScheduleImports: Import todo: #40 'user32.dll'.
2638.19f4: supHardenedWinVerifyImageByHandle: -> 0 (\Device\HarddiskVolume4\Windows\WinSxS\amd64_microsoft.windows.common-controls_6595b64144ccf1df_6.0.22621.2050_none_2711e5bf7383c458\comctl32.dll) WinVerifyTrust
2638.19f4: supR3HardenedWinVerifyCacheInsert: \Device\HarddiskVolume4\Windows\WinSxS\amd64_microsoft.windows.common-controls_6595b64144ccf1df_6.0.22621.2050_none_2711e5bf7383c458\comctl32.dll
2638.19f4: supR3HardenedWinVerifyCacheProcessImportTodos: Processing 'user32.dll'...
2638.19f4: supR3HardenedWinVerifyCacheProcessImportTodos: 'user32.dll' -> '\Device\HarddiskVolume4\Windows\System32\user32.dll' [rcNtRedir=0xc0150008]
2638.19f4: supR3HardenedWinVerifyCacheProcessImportTodos: Processing 'gdi32.dll'...
2638.19f4: supR3HardenedWinVerifyCacheProcessImportTodos: 'gdi32.dll' -> '\Device\HarddiskVolume4\Windows\System32\gdi32.dll' [rcNtRedir=0xc0150008]
2638.19f4: supR3HardenedWinVerifyCacheProcessImportTodos: Processing 'msvcrt.dll'...
2638.19f4: supR3HardenedWinVerifyCacheProcessImportTodos: 'msvcrt.dll' -> '\Device\HarddiskVolume4\Windows\System32\msvcrt.dll' [rcNtRedir=0xc0150008]
2638.19f4: supR3HardenedMonitor_LdrLoadDll: pName=C:\WINDOWS\WinSxS\amd64_microsoft.windows.common-controls_6595b64144ccf1df_6.0.22621.2050_none_2711e5bf7383c458\comctl32.dll (Input=comctl32.dll, rcNtResolve=0x0) *pfFlags=0x0 pwszSearchPath=0000000000004001:<flags> [calling]
2638.19f4: supR3HardenedScreenImage/NtCreateSection: cache hit (VINF_SUCCESS) on \Device\HarddiskVolume4\Windows\WinSxS\amd64_microsoft.windows.common-controls_6595b64144ccf1df_6.0.22621.2050_none_2711e5bf7383c458\comctl32.dll
2638.19f4: supR3HardenedDllNotificationCallback: load   00007ffdbde40000 LB 0x00293000 C:\WINDOWS\WinSxS\amd64_microsoft.windows.common-controls_6595b64144ccf1df_6.0.22621.2050_none_2711e5bf7383c458\comctl32.dll [fFlags=0x0]
2638.19f4: supR3HardenedScreenImage/LdrLoadDll: cache hit (VINF_SUCCESS) on \Device\HarddiskVolume4\Windows\WinSxS\amd64_microsoft.windows.common-controls_6595b64144ccf1df_6.0.22621.2050_none_2711e5bf7383c458\comctl32.dll
2638.19f4: supR3HardenedMonitor_LdrLoadDll: returns rcNt=0x0 hMod=00007ffdbde40000 'C:\WINDOWS\WinSxS\amd64_microsoft.windows.common-controls_6595b64144ccf1df_6.0.22621.2050_none_2711e5bf7383c458\comctl32.dll'
2638.19f4: supR3HardenedScreenImage/LdrLoadDll: cache hit (VINF_SUCCESS) on \Device\HarddiskVolume4\Windows\WinSxS\amd64_microsoft.windows.common-controls_6595b64144ccf1df_6.0.22621.2050_none_2711e5bf7383c458\comctl32.dll
2638.19f4: supR3HardenedMonitor_LdrLoadDll: pName=C:\WINDOWS\WinSxS\amd64_microsoft.windows.common-controls_6595b64144ccf1df_6.0.22621.2050_none_2711e5bf7383c458\comctl32.dll (Input=comctl32.dll, rcNtResolve=0x0) *pfFlags=0x0 pwszSearchPath=0000000000004001:<flags> [calling]
2638.19f4: supR3HardenedMonitor_LdrLoadDll: returns rcNt=0x0 hMod=00007ffdbde40000 'C:\WINDOWS\WinSxS\amd64_microsoft.windows.common-controls_6595b64144ccf1df_6.0.22621.2050_none_2711e5bf7383c458\comctl32.dll'
2638.19f4: supHardenedWinVerifyImageByHandle: -> 0 (\Device\HarddiskVolume4\Windows\System32\WindowsCodecs.dll)
2638.19f4: supR3HardenedWinVerifyCacheInsert: \Device\HarddiskVolume4\Windows\System32\WindowsCodecs.dll
2638.19f4: supR3HardenedDllNotificationCallback: load   00007ffdcde90000 LB 0x001b0000 C:\WINDOWS\SYSTEM32\WindowsCodecs.dll [fFlags=0x0]
2638.19f4: supR3HardenedScreenImage/LdrLoadDll: cache hit (VINF_SUCCESS) on \Device\HarddiskVolume4\Windows\System32\WindowsCodecs.dll [avoiding WinVerifyTrust]
2638.19f4: supR3HardenedDllNotificationCallback: load   00007ffdd3030000 LB 0x000b0000 C:\WINDOWS\System32\clbcatq.dll [fFlags=0x0]
2638.19f4: supR3HardenedWinVerifyCacheScheduleImports: Import todo: #0 'msvcrt.dll'.
2638.19f4: supR3HardenedWinVerifyCacheScheduleImports: Import todo: #30 'rpcrt4.dll'.
2638.19f4: supHardenedWinVerifyImageByHandle: -> 0 (\Device\HarddiskVolume4\Windows\System32\clbcatq.dll)
2638.19f4: supR3HardenedWinVerifyCacheInsert: \Device\HarddiskVolume4\Windows\System32\clbcatq.dll
2638.19f4: supR3HardenedWinVerifyCacheProcessImportTodos: Processing 'rpcrt4.dll'...
2638.19f4: supR3HardenedWinVerifyCacheProcessImportTodos: 'rpcrt4.dll' -> '\Device\HarddiskVolume4\Windows\System32\rpcrt4.dll' [rcNtRedir=0xc0150008]
2638.19f4: supR3HardenedWinVerifyCacheProcessImportTodos: Processing 'msvcrt.dll'...
2638.19f4: supR3HardenedWinVerifyCacheProcessImportTodos: 'msvcrt.dll' -> '\Device\HarddiskVolume4\Windows\System32\msvcrt.dll' [rcNtRedir=0xc0150008]
2638.19f4: supR3HardenedMonitor_LdrLoadDll: returns rcNt=0x0 hMod=00007ffdd12a0000 'C:\WINDOWS\system32\rsaenh.dll'
2638.19f4: supR3HardenedMonitor_LdrLoadDll: returns rcNt=0x0 hMod=00007ffdd2380000 'C:\WINDOWS\System32\crypt32.dll'
2638.19f4: supR3HardenedWinVerifyCacheProcessWvtTodos: 0 (was 0) fWinVerifyTrust=1 for '\Device\HarddiskVolume4\Windows\System32\clbcatq.dll'
2638.19f4: supR3HardenedMonitor_LdrLoadDll: returns rcNt=0x0 hMod=00007ffdd12a0000 'C:\WINDOWS\system32\rsaenh.dll'
2638.19f4: supR3HardenedMonitor_LdrLoadDll: returns rcNt=0x0 hMod=00007ffdd2380000 'C:\WINDOWS\System32\crypt32.dll'
2638.19f4: supR3HardenedWinVerifyCacheProcessWvtTodos: 0 (was 0) fWinVerifyTrust=1 for '\Device\HarddiskVolume4\Windows\System32\WindowsCodecs.dll'
2638.19f4: supR3HardenedMonitor_LdrLoadDll: returns rcNt=0x0 hMod=00007ffdd12a0000 'C:\WINDOWS\system32\rsaenh.dll'
2638.19f4: supR3HardenedMonitor_LdrLoadDll: returns rcNt=0x0 hMod=00007ffdd2380000 'C:\WINDOWS\System32\crypt32.dll'
2638.19f4: supR3HardenedWinVerifyCacheScheduleImports: Import todo: #39 'msvcp_win.dll'.
2638.19f4: supHardenedWinVerifyImageByHandle: -> 0 (\Device\HarddiskVolume4\Windows\System32\thumbcache.dll) WinVerifyTrust
2638.19f4: supR3HardenedWinVerifyCacheInsert: \Device\HarddiskVolume4\Windows\System32\thumbcache.dll
2638.19f4: supR3HardenedWinVerifyCacheProcessImportTodos: Processing 'msvcp_win.dll'...
2638.19f4: supR3HardenedWinVerifyCacheProcessImportTodos: 'msvcp_win.dll' -> '\Device\HarddiskVolume4\Windows\System32\msvcp_win.dll' [rcNtRedir=0xc0150008]
2638.19f4: supR3HardenedMonitor_LdrLoadDll: pName=C:\Windows\System32\thumbcache.dll (rcNtResolve=0xc0150008) *pfFlags=0x0 pwszSearchPath=0000000000002009:<flags> [calling]
2638.19f4: supR3HardenedScreenImage/NtCreateSection: cache hit (VINF_SUCCESS) on \Device\HarddiskVolume4\Windows\System32\thumbcache.dll
2638.19f4: supR3HardenedDllNotificationCallback: load   00007ffdb5ad0000 LB 0x0006b000 C:\Windows\System32\thumbcache.dll [fFlags=0x0]
2638.19f4: supR3HardenedScreenImage/LdrLoadDll: cache hit (VINF_SUCCESS) on \Device\HarddiskVolume4\Windows\System32\thumbcache.dll
2638.19f4: supR3HardenedMonitor_LdrLoadDll: returns rcNt=0x0 hMod=00007ffdb5ad0000 'C:\Windows\System32\thumbcache.dll'
2638.19f4: '\Device\HarddiskVolume4\Windows\System32\imageres.dll' has no imports
2638.19f4: supHardenedWinVerifyImageByHandle: -> 22900 (\Device\HarddiskVolume4\Windows\System32\imageres.dll)
2638.19f4: supR3HardenedWinVerifyCacheInsert: \Device\HarddiskVolume4\Windows\System32\imageres.dll
2638.19f4: supR3HardenedMonitor_NtCreateSection: NtMapViewOfSection failed on 00000000000007b8 (hFile=00000000000007c4) with 0xc0000022 -> STATUS_TRUST_FAILURE
2638.19f4: supR3HardenedWinVerifyCacheScheduleImports: Import todo: #0 'msvcp110_win.dll'.
2638.19f4: supR3HardenedWinVerifyCacheScheduleImports: Import todo: #1 'msvcrt.dll'.
2638.19f4: supHardenedWinVerifyImageByHandle: -> 0 (\Device\HarddiskVolume4\Windows\System32\policymanager.dll)
2638.19f4: supR3HardenedWinVerifyCacheInsert: \Device\HarddiskVolume4\Windows\System32\policymanager.dll
2638.19f4: supR3HardenedWinVerifyCacheScheduleImports: Import todo: #0 'msvcrt.dll'.
2638.19f4: supHardenedWinVerifyImageByHandle: -> 0 (\Device\HarddiskVolume4\Windows\System32\msvcp110_win.dll)
2638.19f4: supR3HardenedWinVerifyCacheInsert: \Device\HarddiskVolume4\Windows\System32\msvcp110_win.dll
2638.19f4: supR3HardenedDllNotificationCallback: load   00007ffdce040000 LB 0x00093000 C:\WINDOWS\SYSTEM32\msvcp110_win.dll [fFlags=0x0]
2638.19f4: supR3HardenedScreenImage/LdrLoadDll: cache hit (VINF_SUCCESS) on \Device\HarddiskVolume4\Windows\System32\msvcp110_win.dll [avoiding WinVerifyTrust]
2638.19f4: supR3HardenedDllNotificationCallback: load   00007ffdce5c0000 LB 0x000a5000 C:\WINDOWS\SYSTEM32\policymanager.dll [fFlags=0x0]
2638.19f4: supR3HardenedScreenImage/LdrLoadDll: cache hit (VINF_SUCCESS) on \Device\HarddiskVolume4\Windows\System32\policymanager.dll [avoiding WinVerifyTrust]
2638.19f4: supR3HardenedWinVerifyCacheProcessImportTodos: Processing 'msvcrt.dll'...
2638.19f4: supR3HardenedWinVerifyCacheProcessImportTodos: 'msvcrt.dll' -> '\Device\HarddiskVolume4\Windows\System32\msvcrt.dll' [rcNtRedir=0xc0150008]
2638.19f4: supR3HardenedWinVerifyCacheProcessImportTodos: Processing 'msvcrt.dll'...
2638.19f4: supR3HardenedWinVerifyCacheProcessImportTodos: 'msvcrt.dll' -> '\Device\HarddiskVolume4\Windows\System32\msvcrt.dll' [rcNtRedir=0xc0150008]
2638.19f4: supR3HardenedWinVerifyCacheProcessImportTodos: Processing 'msvcp110_win.dll'...
2638.19f4: supR3HardenedWinVerifyCacheProcessImportTodos: 'msvcp110_win.dll' -> '\Device\HarddiskVolume4\Windows\System32\msvcp110_win.dll' [rcNtRedir=0xc0150008]
2638.19f4: supR3HardenedScreenImage/Imports: cache hit (VINF_SUCCESS) on \Device\HarddiskVolume4\Windows\System32\msvcp110_win.dll [lacks WinVerifyTrust]
2638.19f4: supR3HardenedMonitor_LdrLoadDll: returns rcNt=0x0 hMod=00007ffdd12a0000 'C:\WINDOWS\system32\rsaenh.dll'
2638.19f4: supR3HardenedMonitor_LdrLoadDll: returns rcNt=0x0 hMod=00007ffdd2380000 'C:\WINDOWS\System32\crypt32.dll'
2638.19f4: supR3HardenedWinVerifyCacheProcessWvtTodos: 0 (was 0) fWinVerifyTrust=1 for '\Device\HarddiskVolume4\Windows\System32\msvcp110_win.dll'
2638.19f4: supR3HardenedMonitor_LdrLoadDll: returns rcNt=0x0 hMod=00007ffdd12a0000 'C:\WINDOWS\system32\rsaenh.dll'
2638.19f4: supR3HardenedMonitor_LdrLoadDll: returns rcNt=0x0 hMod=00007ffdd2380000 'C:\WINDOWS\System32\crypt32.dll'
2638.19f4: supR3HardenedWinVerifyCacheProcessWvtTodos: 0 (was 0) fWinVerifyTrust=1 for '\Device\HarddiskVolume4\Windows\System32\policymanager.dll'
2638.19f4: supR3HardNtViCallWinVerifyTrustCatFile: hFile=00000000000007c0 pwszName=\Device\HarddiskVolume4\Windows\System32\imageres.dll
2638.19f4: supR3HardNtViCallWinVerifyTrustCatFile: Cached context 00000212d3930690
2638.19f4: supR3HardNtViCallWinVerifyTrustCatFile: hCatAdmin=00000212d3930690
2638.19f4: supR3HardNtViCallWinVerifyTrustCatFile: cbHash=20 wszDigest=0738B6A90394A31AB04126000655E50FD73FB3D9
2638.19f4: supR3HardenedMonitor_LdrLoadDll: returns rcNt=0x0 hMod=00007ffdd12a0000 'C:\WINDOWS\system32\rsaenh.dll'
2638.19f4: supR3HardenedMonitor_LdrLoadDll: returns rcNt=0x0 hMod=00007ffdd2380000 'C:\WINDOWS\System32\crypt32.dll'
2638.19f4: supR3HardNtViCallWinVerifyTrustCatFile: WinVerifyTrust => 0x0; cat='C:\WINDOWS\system32\CatRoot\{F750E6C3-38EE-11D1-85E5-00C04FC295EE}\Microsoft-Windows-Client-Desktop-Required-Package04~31bf3856ad364e35~amd64~~10.0.22621.2129.cat'; file='\Device\HarddiskVolume4\Windows\System32\imageres.dll'
2638.19f4: supR3HardNtViCallWinVerifyTrustCatFile -> 0 (org 22900)
2638.19f4: supR3HardenedWinVerifyCacheProcessWvtTodos: 0 (was 22900) fWinVerifyTrust=1 for '\Device\HarddiskVolume4\Windows\System32\imageres.dll'
2638.19f4: supR3HardenedScreenImage/LdrLoadDll: cache hit (VINF_SUCCESS) on \Device\HarddiskVolume4\Windows\System32\WindowsCodecs.dll
2638.19f4: supR3HardenedMonitor_LdrLoadDll: pName=C:\WINDOWS\system32\windowscodecs.dll (rcNtResolve=0xc0150008) *pfFlags=0x0 pwszSearchPath=0000000000002009:<flags> [calling]
2638.19f4: supR3HardenedMonitor_LdrLoadDll: returns rcNt=0x0 hMod=00007ffdcde90000 'C:\WINDOWS\system32\windowscodecs.dll'
2638.19f4: supR3HardenedScreenImage/NtCreateSection: cache hit (VINF_SUCCESS) on \Device\HarddiskVolume4\Windows\System32\imageres.dll
2638.19f4: supR3HardenedMonitor_NtCreateSection: NtMapViewOfSection failed on 00000000000007f8 (hFile=00000000000007f4) with 0xc0000022 -> STATUS_TRUST_FAILURE
2638.19f4: supR3HardenedScreenImage/NtCreateSection: cache hit (VINF_SUCCESS) on \Device\HarddiskVolume4\Windows\System32\imageres.dll
2638.19f4: supR3HardenedMonitor_NtCreateSection: NtMapViewOfSection failed on 0000000000000804 (hFile=0000000000000808) with 0xc0000022 -> STATUS_TRUST_FAILURE
2638.19f4: supR3HardenedScreenImage/NtCreateSection: cache hit (VINF_SUCCESS) on \Device\HarddiskVolume4\Windows\System32\imageres.dll
2638.19f4: supR3HardenedMonitor_NtCreateSection: NtMapViewOfSection failed on 0000000000000804 (hFile=00000000000007e8) with 0xc0000022 -> STATUS_TRUST_FAILURE
2638.19f4: supR3HardenedScreenImage/NtCreateSection: cache hit (VINF_SUCCESS) on \Device\HarddiskVolume4\Windows\System32\rpcss.dll
2638.19f4: supR3HardenedMonitor_NtCreateSection: NtMapViewOfSection failed on 00000000000007d8 (hFile=0000000000000814) with 0xc0000022 -> STATUS_TRUST_FAILURE
2638.17b0: \Device\HarddiskVolume4\Program Files\Oracle\VirtualBox\VBoxC.dll: Signature #1/2: info status: 24202
2638.17b0: supR3HardenedMonitor_LdrLoadDll: returns rcNt=0x0 hMod=00007ffdd12a0000 'C:\WINDOWS\system32\rsaenh.dll'
2638.17b0: supR3HardenedMonitor_LdrLoadDll: returns rcNt=0x0 hMod=00007ffdd2380000 'C:\WINDOWS\System32\crypt32.dll'
2638.17b0: supR3HardenedWinVerifyCacheScheduleImports: Import todo: #0 'vcruntime140.dll'.
2638.17b0: supR3HardenedWinVerifyCacheScheduleImports: Import todo: #1 'vcruntime140_1.dll'.
2638.17b0: supR3HardenedWinVerifyCacheScheduleImports: Import todo: #2 'msvcp140.dll'.
2638.17b0: supR3HardenedWinVerifyCacheScheduleImports: Import todo: #3 'vboxrt.dll'.
2638.17b0: supR3HardenedWinVerifyCacheScheduleImports: Import todo: #13 'advapi32.dll'.
2638.17b0: supR3HardenedWinVerifyCacheScheduleImports: Import todo: #14 'ole32.dll'.
2638.17b0: supR3HardenedWinVerifyCacheScheduleImports: Import todo: #15 'oleaut32.dll'.
2638.17b0: supHardenedWinVerifyImageByHandle: -> 0 (\Device\HarddiskVolume4\Program Files\Oracle\VirtualBox\VBoxC.dll) WinVerifyTrust
2638.17b0: supR3HardenedWinVerifyCacheInsert: \Device\HarddiskVolume4\Program Files\Oracle\VirtualBox\VBoxC.dll
2638.17b0: supR3HardenedWinVerifyCacheProcessImportTodos: Processing 'oleaut32.dll'...
2638.17b0: supR3HardenedWinVerifyCacheProcessImportTodos: 'oleaut32.dll' -> '\Device\HarddiskVolume4\Windows\System32\oleaut32.dll' [rcNtRedir=0xc0150008]
2638.17b0: supR3HardenedScreenImage/Imports: cache hit (VINF_SUCCESS) on \Device\HarddiskVolume4\Windows\System32\oleaut32.dll
2638.17b0: supR3HardenedWinVerifyCacheProcessImportTodos: Processing 'ole32.dll'...
2638.17b0: supR3HardenedWinVerifyCacheProcessImportTodos: 'ole32.dll' -> '\Device\HarddiskVolume4\Windows\System32\ole32.dll' [rcNtRedir=0xc0150008]
2638.17b0: supR3HardenedWinVerifyCacheProcessImportTodos: Processing 'advapi32.dll'...
2638.17b0: supR3HardenedWinVerifyCacheProcessImportTodos: 'advapi32.dll' -> '\Device\HarddiskVolume4\Windows\System32\advapi32.dll' [rcNtRedir=0xc0150008]
2638.17b0: supR3HardenedScreenImage/Imports: cache hit (VINF_SUCCESS) on \Device\HarddiskVolume4\Windows\System32\advapi32.dll
2638.17b0: supR3HardenedWinVerifyCacheProcessImportTodos: Processing 'vboxrt.dll'...
2638.17b0: supR3HardenedWinVerifyCacheProcessImportTodos: 'vboxrt.dll' -> '\Device\HarddiskVolume4\Program Files\Oracle\VirtualBox\vboxrt.dll' [rcNtRedir=0xc0150008]
2638.17b0: supR3HardenedWinVerifyCacheProcessImportTodos: Processing 'msvcp140.dll'...
2638.17b0: supR3HardenedWinVerifyCacheProcessImportTodos: 'msvcp140.dll' -> '\Device\HarddiskVolume4\Windows\System32\msvcp140.dll' [rcNtRedir=0xc0150008]
2638.17b0: supR3HardenedWinVerifyCacheProcessImportTodos: Processing 'vcruntime140_1.dll'...
2638.17b0: supR3HardenedWinVerifyCacheProcessImportTodos: 'vcruntime140_1.dll' -> '\Device\HarddiskVolume4\Windows\System32\vcruntime140_1.dll' [rcNtRedir=0xc0150008]
2638.17b0: supR3HardenedWinVerifyCacheProcessImportTodos: Processing 'vcruntime140.dll'...
2638.17b0: supR3HardenedWinVerifyCacheProcessImportTodos: 'vcruntime140.dll' -> '\Device\HarddiskVolume4\Windows\System32\vcruntime140.dll' [rcNtRedir=0xc0150008]
2638.17b0: supR3HardenedMonitor_LdrLoadDll: pName=C:\Program Files\Oracle\VirtualBox\VBoxC.dll (rcNtResolve=0xc0150008) *pfFlags=0x0 pwszSearchPath=0000000000002009:<flags> [calling]
2638.17b0: supR3HardenedScreenImage/NtCreateSection: cache hit (VINF_SUCCESS) on \Device\HarddiskVolume4\Program Files\Oracle\VirtualBox\VBoxC.dll
2638.17b0: supR3HardenedDllNotificationCallback: load   00007ffd326b0000 LB 0x003db000 C:\Program Files\Oracle\VirtualBox\VBoxC.dll [fFlags=0x0]
2638.17b0: supR3HardenedScreenImage/LdrLoadDll: cache hit (VINF_SUCCESS) on \Device\HarddiskVolume4\Program Files\Oracle\VirtualBox\VBoxC.dll
2638.17b0: supR3HardenedMonitor_LdrLoadDll: returns rcNt=0x0 hMod=00007ffd326b0000 'C:\Program Files\Oracle\VirtualBox\VBoxC.dll'
2638.17b0: \Device\HarddiskVolume4\Program Files\Oracle\VirtualBox\VBoxProxyStub.dll: Signature #1/2: info status: 24202
2638.17b0: supR3HardenedMonitor_LdrLoadDll: returns rcNt=0x0 hMod=00007ffdd12a0000 'C:\WINDOWS\system32\rsaenh.dll'
2638.17b0: supR3HardenedMonitor_LdrLoadDll: returns rcNt=0x0 hMod=00007ffdd2380000 'C:\WINDOWS\System32\crypt32.dll'
2638.17b0: supR3HardenedWinVerifyCacheScheduleImports: Import todo: #0 'vcruntime140.dll'.
2638.17b0: supR3HardenedWinVerifyCacheScheduleImports: Import todo: #1 'vboxrt.dll'.
2638.17b0: supR3HardenedWinVerifyCacheScheduleImports: Import todo: #6 'advapi32.dll'.
2638.17b0: supR3HardenedWinVerifyCacheScheduleImports: Import todo: #7 'shlwapi.dll'.
2638.17b0: supR3HardenedWinVerifyCacheScheduleImports: Import todo: #8 'ole32.dll'.
2638.17b0: supR3HardenedWinVerifyCacheScheduleImports: Import todo: #9 'oleaut32.dll'.
2638.17b0: supR3HardenedWinVerifyCacheScheduleImports: Import todo: #10 'rpcrt4.dll'.
2638.17b0: supHardenedWinVerifyImageByHandle: -> 0 (\Device\HarddiskVolume4\Program Files\Oracle\VirtualBox\VBoxProxyStub.dll) WinVerifyTrust
2638.17b0: supR3HardenedWinVerifyCacheInsert: \Device\HarddiskVolume4\Program Files\Oracle\VirtualBox\VBoxProxyStub.dll
2638.17b0: supR3HardenedWinVerifyCacheProcessImportTodos: Processing 'rpcrt4.dll'...
2638.17b0: supR3HardenedWinVerifyCacheProcessImportTodos: 'rpcrt4.dll' -> '\Device\HarddiskVolume4\Windows\System32\rpcrt4.dll' [rcNtRedir=0xc0150008]
2638.17b0: supR3HardenedWinVerifyCacheProcessImportTodos: Processing 'oleaut32.dll'...
2638.17b0: supR3HardenedWinVerifyCacheProcessImportTodos: 'oleaut32.dll' -> '\Device\HarddiskVolume4\Windows\System32\oleaut32.dll' [rcNtRedir=0xc0150008]
2638.17b0: supR3HardenedScreenImage/Imports: cache hit (VINF_SUCCESS) on \Device\HarddiskVolume4\Windows\System32\oleaut32.dll
2638.17b0: supR3HardenedWinVerifyCacheProcessImportTodos: Processing 'ole32.dll'...
2638.17b0: supR3HardenedWinVerifyCacheProcessImportTodos: 'ole32.dll' -> '\Device\HarddiskVolume4\Windows\System32\ole32.dll' [rcNtRedir=0xc0150008]
2638.17b0: supR3HardenedWinVerifyCacheProcessImportTodos: Processing 'shlwapi.dll'...
2638.17b0: supR3HardenedWinVerifyCacheProcessImportTodos: 'shlwapi.dll' -> '\Device\HarddiskVolume4\Windows\System32\shlwapi.dll' [rcNtRedir=0xc0150008]
2638.17b0: supR3HardenedScreenImage/Imports: cache hit (VINF_SUCCESS) on \Device\HarddiskVolume4\Windows\System32\shlwapi.dll
2638.17b0: supR3HardenedWinVerifyCacheProcessImportTodos: Processing 'advapi32.dll'...
2638.17b0: supR3HardenedWinVerifyCacheProcessImportTodos: 'advapi32.dll' -> '\Device\HarddiskVolume4\Windows\System32\advapi32.dll' [rcNtRedir=0xc0150008]
2638.17b0: supR3HardenedScreenImage/Imports: cache hit (VINF_SUCCESS) on \Device\HarddiskVolume4\Windows\System32\advapi32.dll
2638.17b0: supR3HardenedWinVerifyCacheProcessImportTodos: Processing 'vboxrt.dll'...
2638.17b0: supR3HardenedWinVerifyCacheProcessImportTodos: 'vboxrt.dll' -> '\Device\HarddiskVolume4\Program Files\Oracle\VirtualBox\vboxrt.dll' [rcNtRedir=0xc0150008]
2638.17b0: supR3HardenedWinVerifyCacheProcessImportTodos: Processing 'vcruntime140.dll'...
2638.17b0: supR3HardenedWinVerifyCacheProcessImportTodos: 'vcruntime140.dll' -> '\Device\HarddiskVolume4\Windows\System32\vcruntime140.dll' [rcNtRedir=0xc0150008]
2638.17b0: supR3HardenedMonitor_LdrLoadDll: pName=C:\Program Files\Oracle\VirtualBox\VBoxProxyStub.dll (rcNtResolve=0xc0150008) *pfFlags=0x0 pwszSearchPath=0000000000002009:<flags> [calling]
2638.17b0: supR3HardenedScreenImage/NtCreateSection: cache hit (VINF_SUCCESS) on \Device\HarddiskVolume4\Program Files\Oracle\VirtualBox\VBoxProxyStub.dll
2638.17b0: supR3HardenedDllNotificationCallback: load   00007ffd9b8c0000 LB 0x000db000 C:\Program Files\Oracle\VirtualBox\VBoxProxyStub.dll [fFlags=0x0]
2638.17b0: supR3HardenedScreenImage/LdrLoadDll: cache hit (VINF_SUCCESS) on \Device\HarddiskVolume4\Program Files\Oracle\VirtualBox\VBoxProxyStub.dll
2638.17b0: supR3HardenedMonitor_LdrLoadDll: returns rcNt=0x0 hMod=00007ffd9b8c0000 'C:\Program Files\Oracle\VirtualBox\VBoxProxyStub.dll'
2638.17b0: supR3HardNtViCallWinVerifyTrustCatFile: hFile=00000000000008bc pwszName=\Device\HarddiskVolume4\Windows\System32\msiltcfg.dll
2638.17b0: supR3HardNtViCallWinVerifyTrustCatFile: Cached context 00000212d3930690
2638.17b0: supR3HardNtViCallWinVerifyTrustCatFile: hCatAdmin=00000212d3930690
2638.17b0: supR3HardNtViCallWinVerifyTrustCatFile: cbHash=20 wszDigest=FECD7E811DE5467827535034021DEF0073E6FF58
2638.17b0: supR3HardenedMonitor_LdrLoadDll: returns rcNt=0x0 hMod=00007ffdd12a0000 'C:\WINDOWS\system32\rsaenh.dll'
2638.17b0: supR3HardenedMonitor_LdrLoadDll: returns rcNt=0x0 hMod=00007ffdd2380000 'C:\WINDOWS\System32\crypt32.dll'
2638.17b0: supR3HardNtViCallWinVerifyTrustCatFile: WinVerifyTrust => 0x0; cat='C:\WINDOWS\system32\CatRoot\{F750E6C3-38EE-11D1-85E5-00C04FC295EE}\Microsoft-Windows-Client-Features-Package0211~31bf3856ad364e35~amd64~~10.0.22621.1.cat'; file='\Device\HarddiskVolume4\Windows\System32\msiltcfg.dll'
2638.17b0: supR3HardNtViCallWinVerifyTrustCatFile -> 0 (org 22900)
2638.17b0: supR3HardenedWinVerifyCacheScheduleImports: Import todo: #0 'msvcrt.dll'.
2638.17b0: supR3HardenedWinVerifyCacheScheduleImports: Import todo: #2 'advapi32.dll'.
2638.17b0: supR3HardenedWinVerifyCacheScheduleImports: Import todo: #3 'version.dll'.
2638.17b0: supHardenedWinVerifyImageByHandle: -> 0 (\Device\HarddiskVolume4\Windows\System32\msiltcfg.dll) WinVerifyTrust
2638.17b0: supR3HardenedWinVerifyCacheInsert: \Device\HarddiskVolume4\Windows\System32\msiltcfg.dll
2638.17b0: supR3HardenedWinVerifyCacheProcessImportTodos: Processing 'version.dll'...
2638.17b0: supR3HardenedWinVerifyCacheProcessImportTodos: 'version.dll' -> '\Device\HarddiskVolume4\Windows\System32\version.dll' [rcNtRedir=0xc0150008]
2638.17b0: supR3HardenedScreenImage/Imports: cache hit (VINF_SUCCESS) on \Device\HarddiskVolume4\Windows\System32\version.dll
2638.17b0: supR3HardenedWinVerifyCacheProcessImportTodos: Processing 'advapi32.dll'...
2638.17b0: supR3HardenedWinVerifyCacheProcessImportTodos: 'advapi32.dll' -> '\Device\HarddiskVolume4\Windows\System32\advapi32.dll' [rcNtRedir=0xc0150008]
2638.17b0: supR3HardenedScreenImage/Imports: cache hit (VINF_SUCCESS) on \Device\HarddiskVolume4\Windows\System32\advapi32.dll
2638.17b0: supR3HardenedWinVerifyCacheProcessImportTodos: Processing 'msvcrt.dll'...
2638.17b0: supR3HardenedWinVerifyCacheProcessImportTodos: 'msvcrt.dll' -> '\Device\HarddiskVolume4\Windows\System32\msvcrt.dll' [rcNtRedir=0xc0150008]
2638.17b0: supR3HardenedScreenImage/Imports: cache hit (VINF_SUCCESS) on \Device\HarddiskVolume4\Windows\System32\msvcrt.dll
2638.17b0: supR3HardenedMonitor_LdrLoadDll: pName=C:\WINDOWS\System32\msiltcfg.dll (Input=msiltcfg.dll, rcNtResolve=0xc0150008) *pfFlags=0x0 pwszSearchPath=0000000000000801:<flags> [calling]
2638.17b0: supR3HardenedScreenImage/NtCreateSection: cache hit (VINF_SUCCESS) on \Device\HarddiskVolume4\Windows\System32\msiltcfg.dll
2638.17b0: supR3HardenedDllNotificationCallback: load   00007ffda8f40000 LB 0x0000a000 C:\WINDOWS\System32\msiltcfg.dll [fFlags=0x0]
2638.17b0: supR3HardenedScreenImage/LdrLoadDll: cache hit (VINF_SUCCESS) on \Device\HarddiskVolume4\Windows\System32\msiltcfg.dll
2638.17b0: supR3HardenedMonitor_LdrLoadDll: returns rcNt=0x0 hMod=00007ffda8f40000 'C:\WINDOWS\System32\msiltcfg.dll'
2638.17b0: supR3HardenedMonitor_LdrLoadDll: returns rcNt=0x0 hMod=00007ffdd3810000 'C:\WINDOWS\System32\user32.dll'
2638.17b0: supR3HardNtViCallWinVerifyTrustCatFile: hFile=00000000000008dc pwszName=\Device\HarddiskVolume4\Windows\System32\msi.dll
2638.17b0: supR3HardNtViCallWinVerifyTrustCatFile: Cached context 00000212d3930690
2638.17b0: supR3HardNtViCallWinVerifyTrustCatFile: hCatAdmin=00000212d3930690
2638.17b0: supR3HardNtViCallWinVerifyTrustCatFile: cbHash=20 wszDigest=DEE37BE2D59AA7A2BC0D5F7148A0B96AFED9968F
2638.17b0: supR3HardenedMonitor_LdrLoadDll: returns rcNt=0x0 hMod=00007ffdd12a0000 'C:\WINDOWS\system32\rsaenh.dll'
2638.17b0: supR3HardenedMonitor_LdrLoadDll: returns rcNt=0x0 hMod=00007ffdd2380000 'C:\WINDOWS\System32\crypt32.dll'
2638.17b0: supR3HardNtViCallWinVerifyTrustCatFile: WinVerifyTrust => 0x0; cat='C:\WINDOWS\system32\CatRoot\{F750E6C3-38EE-11D1-85E5-00C04FC295EE}\Microsoft-Windows-Client-Features-Package0211~31bf3856ad364e35~amd64~~10.0.22621.2129.cat'; file='\Device\HarddiskVolume4\Windows\System32\msi.dll'
2638.17b0: supR3HardNtViCallWinVerifyTrustCatFile -> 0 (org 22900)
2638.17b0: supR3HardenedWinVerifyCacheScheduleImports: Import todo: #0 'msvcrt.dll'.
2638.17b0: supR3HardenedWinVerifyCacheScheduleImports: Import todo: #2 'advapi32.dll'.
2638.17b0: supR3HardenedWinVerifyCacheScheduleImports: Import todo: #4 'user32.dll'.
2638.17b0: supR3HardenedWinVerifyCacheScheduleImports: Import todo: #5 'shell32.dll'.
2638.17b0: supR3HardenedWinVerifyCacheScheduleImports: Import todo: #6 'gdi32.dll'.
2638.17b0: supR3HardenedWinVerifyCacheScheduleImports: Import todo: #7 'rpcrt4.dll'.
2638.17b0: supR3HardenedWinVerifyCacheScheduleImports: Import todo: #8 'ole32.dll'.
2638.17b0: supR3HardenedWinVerifyCacheScheduleImports: Import todo: #9 'bcrypt.dll'.
2638.17b0: supHardenedWinVerifyImageByHandle: -> 0 (\Device\HarddiskVolume4\Windows\System32\msi.dll) WinVerifyTrust
2638.17b0: supR3HardenedWinVerifyCacheInsert: \Device\HarddiskVolume4\Windows\System32\msi.dll
2638.17b0: supR3HardenedWinVerifyCacheProcessImportTodos: Processing 'bcrypt.dll'...
2638.17b0: supR3HardenedWinVerifyCacheProcessImportTodos: 'bcrypt.dll' -> '\Device\HarddiskVolume4\Windows\System32\bcrypt.dll' [rcNtRedir=0xc0150008]
2638.17b0: supR3HardenedScreenImage/Imports: cache hit (VINF_SUCCESS) on \Device\HarddiskVolume4\Windows\System32\bcrypt.dll
2638.17b0: supR3HardenedWinVerifyCacheProcessImportTodos: Processing 'ole32.dll'...
2638.17b0: supR3HardenedWinVerifyCacheProcessImportTodos: 'ole32.dll' -> '\Device\HarddiskVolume4\Windows\System32\ole32.dll' [rcNtRedir=0xc0150008]
2638.17b0: supR3HardenedWinVerifyCacheProcessImportTodos: Processing 'rpcrt4.dll'...
2638.17b0: supR3HardenedWinVerifyCacheProcessImportTodos: 'rpcrt4.dll' -> '\Device\HarddiskVolume4\Windows\System32\rpcrt4.dll' [rcNtRedir=0xc0150008]
2638.17b0: supR3HardenedScreenImage/Imports: cache hit (VINF_SUCCESS) on \Device\HarddiskVolume4\Windows\System32\rpcrt4.dll
2638.17b0: supR3HardenedWinVerifyCacheProcessImportTodos: Processing 'gdi32.dll'...
2638.17b0: supR3HardenedWinVerifyCacheProcessImportTodos: 'gdi32.dll' -> '\Device\HarddiskVolume4\Windows\System32\gdi32.dll' [rcNtRedir=0xc0150008]
2638.17b0: supR3HardenedWinVerifyCacheProcessImportTodos: Processing 'shell32.dll'...
2638.17b0: supR3HardenedWinVerifyCacheProcessImportTodos: 'shell32.dll' -> '\Device\HarddiskVolume4\Windows\System32\shell32.dll' [rcNtRedir=0xc0150008]
2638.17b0: supR3HardenedScreenImage/Imports: cache hit (VINF_SUCCESS) on \Device\HarddiskVolume4\Windows\System32\shell32.dll
2638.17b0: supR3HardenedWinVerifyCacheProcessImportTodos: Processing 'user32.dll'...
2638.17b0: supR3HardenedWinVerifyCacheProcessImportTodos: 'user32.dll' -> '\Device\HarddiskVolume4\Windows\System32\user32.dll' [rcNtRedir=0xc0150008]
2638.17b0: supR3HardenedWinVerifyCacheProcessImportTodos: Processing 'advapi32.dll'...
2638.17b0: supR3HardenedWinVerifyCacheProcessImportTodos: 'advapi32.dll' -> '\Device\HarddiskVolume4\Windows\System32\advapi32.dll' [rcNtRedir=0xc0150008]
2638.17b0: supR3HardenedScreenImage/Imports: cache hit (VINF_SUCCESS) on \Device\HarddiskVolume4\Windows\System32\advapi32.dll
2638.17b0: supR3HardenedWinVerifyCacheProcessImportTodos: Processing 'msvcrt.dll'...
2638.17b0: supR3HardenedWinVerifyCacheProcessImportTodos: 'msvcrt.dll' -> '\Device\HarddiskVolume4\Windows\System32\msvcrt.dll' [rcNtRedir=0xc0150008]
2638.17b0: supR3HardenedMonitor_LdrLoadDll: pName=C:\WINDOWS\System32\msi.dll (Input=msi.dll, rcNtResolve=0xc0150008) *pfFlags=0x0 pwszSearchPath=0000000000000001:<flags> [calling]
2638.17b0: supR3HardenedScreenImage/NtCreateSection: cache hit (VINF_SUCCESS) on \Device\HarddiskVolume4\Windows\System32\msi.dll
2638.17b0: supR3HardenedDllNotificationCallback: load   00007ffdb42f0000 LB 0x0035f000 C:\WINDOWS\System32\msi.dll [fFlags=0x0]
2638.17b0: supR3HardenedScreenImage/LdrLoadDll: cache hit (VINF_SUCCESS) on \Device\HarddiskVolume4\Windows\System32\msi.dll
2638.17b0: supR3HardenedMonitor_LdrLoadDll: returns rcNt=0x0 hMod=00007ffdb42f0000 'C:\WINDOWS\System32\msi.dll'
2638.17b0: supR3HardenedScreenImage/LdrLoadDll: cache hit (VINF_SUCCESS) on \Device\HarddiskVolume4\Windows\System32\msiltcfg.dll
2638.17b0: supR3HardenedMonitor_LdrLoadDll: pName=C:\WINDOWS\System32\msiltcfg.dll (Input=msiltcfg.dll, rcNtResolve=0xc0150008) *pfFlags=0x0 pwszSearchPath=0000000000000001:<flags> [calling]
2638.17b0: supR3HardenedMonitor_LdrLoadDll: returns rcNt=0x0 hMod=00007ffda8f40000 'C:\WINDOWS\System32\msiltcfg.dll'
2638.17b0: supR3HardenedScreenImage/LdrLoadDll: cache hit (VINF_SUCCESS) on \Device\HarddiskVolume4\Windows\System32\oleaut32.dll
2638.17b0: supR3HardenedMonitor_LdrLoadDll: pName=C:\WINDOWS\system32\oleaut32.dll (rcNtResolve=0xc0150008) *pfFlags=0x0 pwszSearchPath=0000000000002009:<flags> [calling]
2638.17b0: supR3HardenedMonitor_LdrLoadDll: returns rcNt=0x0 hMod=00007ffdd2d30000 'C:\WINDOWS\system32\oleaut32.dll'
2638.1d00: \Device\HarddiskVolume4\Program Files\Oracle\VirtualBox\VBoxVMM.dll: Signature #1/2: info status: 24202
2638.1d00: supR3HardenedMonitor_LdrLoadDll: returns rcNt=0x0 hMod=00007ffdd12a0000 'C:\WINDOWS\system32\rsaenh.dll'
2638.1d00: supR3HardenedMonitor_LdrLoadDll: returns rcNt=0x0 hMod=00007ffdd2380000 'C:\WINDOWS\System32\crypt32.dll'
2638.1d00: supR3HardenedWinVerifyCacheScheduleImports: Import todo: #0 'vcruntime140.dll'.
2638.1d00: supR3HardenedWinVerifyCacheScheduleImports: Import todo: #1 'vcruntime140_1.dll'.
2638.1d00: supR3HardenedWinVerifyCacheScheduleImports: Import todo: #2 'vboxrt.dll'.
2638.1d00: supHardenedWinVerifyImageByHandle: -> 0 (\Device\HarddiskVolume4\Program Files\Oracle\VirtualBox\VBoxVMM.dll) WinVerifyTrust
2638.1d00: supR3HardenedWinVerifyCacheInsert: \Device\HarddiskVolume4\Program Files\Oracle\VirtualBox\VBoxVMM.dll
2638.1d00: supR3HardenedWinVerifyCacheProcessImportTodos: Processing 'vboxrt.dll'...
2638.1d00: supR3HardenedWinVerifyCacheProcessImportTodos: 'vboxrt.dll' -> '\Device\HarddiskVolume4\Program Files\Oracle\VirtualBox\vboxrt.dll' [rcNtRedir=0xc0150008]
2638.1d00: supR3HardenedWinVerifyCacheProcessImportTodos: Processing 'vcruntime140_1.dll'...
2638.1d00: supR3HardenedWinVerifyCacheProcessImportTodos: 'vcruntime140_1.dll' -> '\Device\HarddiskVolume4\Windows\System32\vcruntime140_1.dll' [rcNtRedir=0xc0150008]
2638.1d00: supR3HardenedWinVerifyCacheProcessImportTodos: Processing 'vcruntime140.dll'...
2638.1d00: supR3HardenedWinVerifyCacheProcessImportTodos: 'vcruntime140.dll' -> '\Device\HarddiskVolume4\Windows\System32\vcruntime140.dll' [rcNtRedir=0xc0150008]
2638.1d00: supR3HardenedMonitor_LdrLoadDll: pName=C:\Program Files\Oracle\VirtualBox\VBoxVMM.DLL (rcNtResolve=0xc0150008) *pfFlags=0x0 pwszSearchPath=0000000000000001:<flags> [calling]
2638.1d00: supR3HardenedScreenImage/NtCreateSection: cache hit (VINF_SUCCESS) on \Device\HarddiskVolume4\Program Files\Oracle\VirtualBox\VBoxVMM.dll
2638.1d00: supR3HardenedDllNotificationCallback: load   00007ffd321d0000 LB 0x004d8000 C:\Program Files\Oracle\VirtualBox\VBoxVMM.DLL [fFlags=0x0]
2638.1d00: supR3HardenedScreenImage/LdrLoadDll: cache hit (VINF_SUCCESS) on \Device\HarddiskVolume4\Program Files\Oracle\VirtualBox\VBoxVMM.dll
2638.1d00: supR3HardenedMonitor_LdrLoadDll: returns rcNt=0x0 hMod=00007ffd321d0000 'C:\Program Files\Oracle\VirtualBox\VBoxVMM.DLL'
2638.19f4: '\Device\HarddiskVolume4\Windows\System32\tzres.dll' has no imports
2638.19f4: supHardenedWinVerifyImageByHandle: -> 22900 (\Device\HarddiskVolume4\Windows\System32\tzres.dll)
2638.19f4: supR3HardenedWinVerifyCacheInsert: \Device\HarddiskVolume4\Windows\System32\tzres.dll
2638.19f4: supR3HardenedMonitor_NtCreateSection: NtMapViewOfSection failed on 0000000000000a88 (hFile=0000000000000910) with 0xc0000022 -> STATUS_TRUST_FAILURE
2638.19f4: supR3HardenedScreenImage/NtCreateSection: cache hit (22900) on \Device\HarddiskVolume4\Windows\System32\tzres.dll [avoiding WinVerifyTrust]
2638.19f4: supR3HardenedMonitor_NtCreateSection: NtMapViewOfSection failed on 0000000000000910 (hFile=0000000000000a88) with 0xc0000022 -> STATUS_TRUST_FAILURE
2638.19f4: supR3HardNtViCallWinVerifyTrustCatFile: hFile=0000000000000a84 pwszName=\Device\HarddiskVolume4\Windows\System32\tzres.dll
2638.19f4: supR3HardNtViCallWinVerifyTrustCatFile: Cached context 00000212d3930690
2638.19f4: supR3HardNtViCallWinVerifyTrustCatFile: hCatAdmin=00000212d3930690
2638.19f4: supR3HardNtViCallWinVerifyTrustCatFile: cbHash=20 wszDigest=6FADFC3DFB276182C662B18A67D80B1927A19F4A
2638.19f4: supR3HardenedMonitor_LdrLoadDll: returns rcNt=0x0 hMod=00007ffdd12a0000 'C:\WINDOWS\system32\rsaenh.dll'
2638.19f4: supR3HardenedMonitor_LdrLoadDll: returns rcNt=0x0 hMod=00007ffdd2380000 'C:\WINDOWS\System32\crypt32.dll'
2638.19f4: supR3HardNtViCallWinVerifyTrustCatFile: WinVerifyTrust => 0x0; cat='C:\WINDOWS\system32\CatRoot\{F750E6C3-38EE-11D1-85E5-00C04FC295EE}\Microsoft-Windows-Client-Desktop-Required-Package051420~31bf3856ad364e35~amd64~~10.0.22621.2129.cat'; file='\Device\HarddiskVolume4\Windows\System32\tzres.dll'
2638.19f4: supR3HardNtViCallWinVerifyTrustCatFile -> 0 (org 22900)
2638.19f4: supR3HardenedWinVerifyCacheProcessWvtTodos: 0 (was 22900) fWinVerifyTrust=1 for '\Device\HarddiskVolume4\Windows\System32\tzres.dll'
2638.19f4: supR3HardenedScreenImage/LdrLoadDll: cache hit (VINF_SUCCESS) on \Device\HarddiskVolume4\Windows\System32\oleaut32.dll
2638.19f4: supR3HardenedMonitor_LdrLoadDll: pName=C:\Windows\System32\oleaut32.dll (rcNtResolve=0xc0150008) *pfFlags=0x0 pwszSearchPath=0000000000002009:<flags> [calling]
2638.19f4: supR3HardenedMonitor_LdrLoadDll: returns rcNt=0x0 hMod=00007ffdd2d30000 'C:\Windows\System32\oleaut32.dll'
2638.19f4: supR3HardNtViCallWinVerifyTrustCatFile: hFile=0000000000000b30 pwszName=\Device\HarddiskVolume4\Windows\System32\DWrite.dll
2638.19f4: supR3HardNtViCallWinVerifyTrustCatFile: Cached context 00000212d3930690
2638.19f4: supR3HardNtViCallWinVerifyTrustCatFile: hCatAdmin=00000212d3930690
2638.19f4: supR3HardNtViCallWinVerifyTrustCatFile: cbHash=20 wszDigest=C7E4E687AD48BF826B84FD5B0CDADF9C9324D321
2638.19f4: supR3HardenedMonitor_LdrLoadDll: returns rcNt=0x0 hMod=00007ffdd12a0000 'C:\WINDOWS\system32\rsaenh.dll'
2638.19f4: supR3HardenedMonitor_LdrLoadDll: returns rcNt=0x0 hMod=00007ffdd2380000 'C:\WINDOWS\System32\crypt32.dll'
2638.19f4: supR3HardNtViCallWinVerifyTrustCatFile: WinVerifyTrust => 0x0; cat='C:\WINDOWS\system32\CatRoot\{F750E6C3-38EE-11D1-85E5-00C04FC295EE}\Microsoft-Windows-Client-Desktop-Required-Package051021~31bf3856ad364e35~amd64~~10.0.22621.2129.cat'; file='\Device\HarddiskVolume4\Windows\System32\DWrite.dll'
2638.19f4: supR3HardNtViCallWinVerifyTrustCatFile -> 0 (org 22900)
2638.19f4: supR3HardenedWinVerifyCacheScheduleImports: Import todo: #0 'msvcrt.dll'.
2638.19f4: supR3HardenedWinVerifyCacheScheduleImports: Import todo: #17 'rpcrt4.dll'.
2638.19f4: supHardenedWinVerifyImageByHandle: -> 0 (\Device\HarddiskVolume4\Windows\System32\DWrite.dll) WinVerifyTrust
2638.19f4: supR3HardenedWinVerifyCacheInsert: \Device\HarddiskVolume4\Windows\System32\DWrite.dll
2638.19f4: supR3HardenedWinVerifyCacheProcessImportTodos: Processing 'rpcrt4.dll'...
2638.19f4: supR3HardenedWinVerifyCacheProcessImportTodos: 'rpcrt4.dll' -> '\Device\HarddiskVolume4\Windows\System32\rpcrt4.dll' [rcNtRedir=0xc0150008]
2638.19f4: supR3HardenedWinVerifyCacheProcessImportTodos: Processing 'msvcrt.dll'...
2638.19f4: supR3HardenedWinVerifyCacheProcessImportTodos: 'msvcrt.dll' -> '\Device\HarddiskVolume4\Windows\System32\msvcrt.dll' [rcNtRedir=0xc0150008]
2638.19f4: supR3HardenedMonitor_LdrLoadDll: pName=C:\WINDOWS\system32\dwrite.dll (rcNtResolve=0xc0150008) *pfFlags=0x0 pwszSearchPath=0000000000000001:<flags> [calling]
2638.19f4: supR3HardenedScreenImage/NtCreateSection: cache hit (VINF_SUCCESS) on \Device\HarddiskVolume4\Windows\System32\DWrite.dll
2638.19f4: supR3HardenedDllNotificationCallback: load   00007ffdce0e0000 LB 0x00273000 C:\WINDOWS\system32\dwrite.dll [fFlags=0x0]
2638.19f4: supR3HardenedScreenImage/LdrLoadDll: cache hit (VINF_SUCCESS) on \Device\HarddiskVolume4\Windows\System32\DWrite.dll
2638.19f4: supR3HardenedMonitor_LdrLoadDll: returns rcNt=0x0 hMod=00007ffdce0e0000 'C:\WINDOWS\system32\dwrite.dll'
2638.19f4: supR3HardenedScreenImage/LdrLoadDll: cache hit (VINF_SUCCESS) on \Device\HarddiskVolume4\Windows\System32\gdi32.dll
2638.19f4: supR3HardenedMonitor_LdrLoadDll: pName=C:\WINDOWS\system32\gdi32.dll (rcNtResolve=0xc0150008) *pfFlags=0x0 pwszSearchPath=0000000000000001:<flags> [calling]
2638.19f4: supR3HardenedMonitor_LdrLoadDll: returns rcNt=0x0 hMod=00007ffdd4e30000 'C:\WINDOWS\system32\gdi32.dll'
2638.19f4: supR3HardenedMonitor_LdrLoadDll: returns rcNt=0x0 hMod=00007ffdd12a0000 'C:\WINDOWS\system32\rsaenh.dll'
2638.19f4: supR3HardenedMonitor_LdrLoadDll: returns rcNt=0x0 hMod=00007ffdd2380000 'C:\WINDOWS\System32\crypt32.dll'
2638.19f4: supR3HardenedWinVerifyCacheScheduleImports: Import todo: #0 'msvcrt.dll'.
2638.19f4: supR3HardenedWinVerifyCacheScheduleImports: Import todo: #6 'user32.dll'.
2638.19f4: supR3HardenedWinVerifyCacheScheduleImports: Import todo: #8 'win32u.dll'.
2638.19f4: supR3HardenedWinVerifyCacheScheduleImports: Import todo: #9 'gdi32.dll'.
2638.19f4: supR3HardenedWinVerifyCacheScheduleImports: Import todo: #11 'dwmapi.dll'.
2638.19f4: supHardenedWinVerifyImageByHandle: -> 0 (\Device\HarddiskVolume4\Windows\System32\d3d9.dll) WinVerifyTrust
2638.19f4: supR3HardenedWinVerifyCacheInsert: \Device\HarddiskVolume4\Windows\System32\d3d9.dll
2638.19f4: supR3HardenedWinVerifyCacheProcessImportTodos: Processing 'dwmapi.dll'...
2638.19f4: supR3HardenedWinVerifyCacheProcessImportTodos: 'dwmapi.dll' -> '\Device\HarddiskVolume4\Windows\System32\dwmapi.dll' [rcNtRedir=0xc0150008]
2638.19f4: supR3HardenedScreenImage/Imports: cache hit (VINF_SUCCESS) on \Device\HarddiskVolume4\Windows\System32\dwmapi.dll
2638.19f4: supR3HardenedWinVerifyCacheProcessImportTodos: Processing 'gdi32.dll'...
2638.19f4: supR3HardenedWinVerifyCacheProcessImportTodos: 'gdi32.dll' -> '\Device\HarddiskVolume4\Windows\System32\gdi32.dll' [rcNtRedir=0xc0150008]
2638.19f4: supR3HardenedWinVerifyCacheProcessImportTodos: Processing 'win32u.dll'...
2638.19f4: supR3HardenedWinVerifyCacheProcessImportTodos: 'win32u.dll' -> '\Device\HarddiskVolume4\Windows\System32\win32u.dll' [rcNtRedir=0xc0150008]
2638.19f4: supR3HardenedWinVerifyCacheProcessImportTodos: Processing 'user32.dll'...
2638.19f4: supR3HardenedWinVerifyCacheProcessImportTodos: 'user32.dll' -> '\Device\HarddiskVolume4\Windows\System32\user32.dll' [rcNtRedir=0xc0150008]
2638.19f4: supR3HardenedWinVerifyCacheProcessImportTodos: Processing 'msvcrt.dll'...
2638.19f4: supR3HardenedWinVerifyCacheProcessImportTodos: 'msvcrt.dll' -> '\Device\HarddiskVolume4\Windows\System32\msvcrt.dll' [rcNtRedir=0xc0150008]
2638.19f4: supR3HardenedMonitor_LdrLoadDll: pName=C:\WINDOWS\system32\d3d9.dll (rcNtResolve=0xc0150008) *pfFlags=0x0 pwszSearchPath=0000000000000001:<flags> [calling]
2638.19f4: supR3HardenedScreenImage/NtCreateSection: cache hit (VINF_SUCCESS) on \Device\HarddiskVolume4\Windows\System32\d3d9.dll
2638.19f4: supR3HardenedDllNotificationCallback: load   00007ffdc2e70000 LB 0x001a9000 C:\WINDOWS\system32\d3d9.dll [fFlags=0x0]
2638.19f4: supR3HardenedScreenImage/LdrLoadDll: cache hit (VINF_SUCCESS) on \Device\HarddiskVolume4\Windows\System32\d3d9.dll
2638.19f4: supR3HardenedMonitor_LdrLoadDll: returns rcNt=0x0 hMod=00007ffdc2e70000 'C:\WINDOWS\system32\d3d9.dll'
2638.19f4: \Device\HarddiskVolume4\Windows\System32\DriverStore\FileRepository\u0398229.inf_amd64_d2c627a9878b9758\B395931\aticfx64.dll: Signature #1/4: VERR_CR_X509_CPV_NOT_VALID_AT_TIME for 0x64f797bc; retrying against current time: 0x65958164.
2638.19f4: \Device\HarddiskVolume4\Windows\System32\DriverStore\FileRepository\u0398229.inf_amd64_d2c627a9878b9758\B395931\aticfx64.dll: Signature #1/4: VERR_CR_X509_CPV_NOT_VALID_AT_TIME (-23033) w/ timestamp=0x65958164/now.
2638.19f4: supR3HardenedMonitor_LdrLoadDll: returns rcNt=0x0 hMod=00007ffdd12a0000 'C:\WINDOWS\system32\rsaenh.dll'
2638.19f4: supR3HardenedMonitor_LdrLoadDll: returns rcNt=0x0 hMod=00007ffdd2380000 'C:\WINDOWS\System32\crypt32.dll'
2638.19f4: supR3HardenedMonitor_LdrLoadDll: returns rcNt=0x0 hMod=00007ffdd2380000 'C:\WINDOWS\System32\crypt32.dll'
2638.19f4: supR3HardenedWinVerifyCacheScheduleImports: Import todo: #1 'user32.dll'.
2638.19f4: supR3HardenedWinVerifyCacheScheduleImports: Import todo: #2 'advapi32.dll'.
2638.19f4: supR3HardenedWinVerifyCacheScheduleImports: Import todo: #3 'version.dll'.
2638.19f4: supR3HardenedWinVerifyCacheScheduleImports: Import todo: #4 'winmm.dll'.
2638.19f4: supHardenedWinVerifyImageByHandle: -> 0 (\Device\HarddiskVolume4\Windows\System32\DriverStore\FileRepository\u0398229.inf_amd64_d2c627a9878b9758\B395931\aticfx64.dll) WinVerifyTrust
2638.19f4: supR3HardenedWinVerifyCacheInsert: \Device\HarddiskVolume4\Windows\System32\DriverStore\FileRepository\u0398229.inf_amd64_d2c627a9878b9758\B395931\aticfx64.dll
2638.19f4: supR3HardenedWinVerifyCacheProcessImportTodos: Processing 'winmm.dll'...
2638.19f4: supR3HardenedWinVerifyCacheProcessImportTodos: 'winmm.dll' -> '\Device\HarddiskVolume4\Windows\System32\winmm.dll' [rcNtRedir=0xc0150008]
2638.19f4: supR3HardenedScreenImage/Imports: cache hit (VINF_SUCCESS) on \Device\HarddiskVolume4\Windows\System32\winmm.dll
2638.19f4: supR3HardenedWinVerifyCacheProcessImportTodos: Processing 'version.dll'...
2638.19f4: supR3HardenedWinVerifyCacheProcessImportTodos: 'version.dll' -> '\Device\HarddiskVolume4\Windows\System32\version.dll' [rcNtRedir=0xc0150008]
2638.19f4: supR3HardenedScreenImage/Imports: cache hit (VINF_SUCCESS) on \Device\HarddiskVolume4\Windows\System32\version.dll
2638.19f4: supR3HardenedWinVerifyCacheProcessImportTodos: Processing 'advapi32.dll'...
2638.19f4: supR3HardenedWinVerifyCacheProcessImportTodos: 'advapi32.dll' -> '\Device\HarddiskVolume4\Windows\System32\advapi32.dll' [rcNtRedir=0xc0150008]
2638.19f4: supR3HardenedWinVerifyCacheProcessImportTodos: Processing 'user32.dll'...
2638.19f4: supR3HardenedWinVerifyCacheProcessImportTodos: 'user32.dll' -> '\Device\HarddiskVolume4\Windows\System32\user32.dll' [rcNtRedir=0xc0150008]
2638.19f4: supR3HardenedMonitor_LdrLoadDll: pName=C:\WINDOWS\System32\DriverStore\FileRepository\u0398229.inf_amd64_d2c627a9878b9758\B395931\aticfx64.dll (rcNtResolve=0xc0150008) *pfFlags=0x0 pwszSearchPath=0000000000000009:<flags> [calling]
2638.19f4: supR3HardenedScreenImage/NtCreateSection: cache hit (VINF_SUCCESS) on \Device\HarddiskVolume4\Windows\System32\DriverStore\FileRepository\u0398229.inf_amd64_d2c627a9878b9758\B395931\aticfx64.dll
2638.19f4: supR3HardenedDllNotificationCallback: load   00007ffdc6a00000 LB 0x001bb000 C:\WINDOWS\System32\DriverStore\FileRepository\u0398229.inf_amd64_d2c627a9878b9758\B395931\aticfx64.dll [fFlags=0x0]
2638.19f4: supR3HardenedScreenImage/LdrLoadDll: cache hit (VINF_SUCCESS) on \Device\HarddiskVolume4\Windows\System32\DriverStore\FileRepository\u0398229.inf_amd64_d2c627a9878b9758\B395931\aticfx64.dll
2638.19f4: supR3HardenedIsApiSetDll: ApiSetQueryApiSetPresence(api-ms-win-core-synch-l1-2-0) -> 0x0, fPresent=1
2638.19f4: supR3HardenedMonitor_LdrLoadDll: pName=api-ms-win-core-synch-l1-2-0 (rcNtResolve=0x0) *pfFlags=0x0 pwszSearchPath=0000000000000801:<flags> [calling]
2638.19f4: supR3HardenedMonitor_LdrLoadDll: returns rcNt=0x0 hMod=00007ffdd27c0000 'api-ms-win-core-synch-l1-2-0'
2638.19f4: supR3HardenedIsApiSetDll: ApiSetQueryApiSetPresence(api-ms-win-core-fibers-l1-1-1) -> 0x0, fPresent=1
2638.19f4: supR3HardenedMonitor_LdrLoadDll: pName=api-ms-win-core-fibers-l1-1-1 (rcNtResolve=0x0) *pfFlags=0x0 pwszSearchPath=0000000000000801:<flags> [calling]
2638.19f4: supR3HardenedMonitor_LdrLoadDll: returns rcNt=0x0 hMod=00007ffdd27c0000 'api-ms-win-core-fibers-l1-1-1'
2638.19f4: supR3HardenedIsApiSetDll: ApiSetQueryApiSetPresence(api-ms-win-core-synch-l1-2-0) -> 0x0, fPresent=1
2638.19f4: supR3HardenedMonitor_LdrLoadDll: pName=api-ms-win-core-synch-l1-2-0 (rcNtResolve=0x0) *pfFlags=0x0 pwszSearchPath=0000000000000801:<flags> [calling]
2638.19f4: supR3HardenedMonitor_LdrLoadDll: returns rcNt=0x0 hMod=00007ffdd27c0000 'api-ms-win-core-synch-l1-2-0'
2638.19f4: supR3HardenedScreenImage/LdrLoadDll: cache hit (VINF_SUCCESS) on \Device\HarddiskVolume4\Windows\System32\kernel32.dll
2638.19f4: supR3HardenedMonitor_LdrLoadDll: pName=C:\WINDOWS\System32\kernel32.dll (Input=kernel32, rcNtResolve=0xc0150008) *pfFlags=0x0 pwszSearchPath=0000000000000801:<flags> [calling]
2638.19f4: supR3HardenedMonitor_LdrLoadDll: returns rcNt=0x0 hMod=00007ffdd36c0000 'C:\WINDOWS\System32\kernel32.dll'
2638.19f4: supR3HardenedMonitor_LdrLoadDll: returns rcNt=0x0 hMod=00007ffdc6a00000 'C:\WINDOWS\System32\DriverStore\FileRepository\u0398229.inf_amd64_d2c627a9878b9758\B395931\aticfx64.dll'
2638.19f4: supR3HardenedScreenImage/LdrLoadDll: cache hit (VINF_SUCCESS) on \Device\HarddiskVolume4\Windows\System32\dwmapi.dll
2638.19f4: supR3HardenedMonitor_LdrLoadDll: pName=C:\WINDOWS\System32\dwmapi.dll (Input=dwmapi.dll, rcNtResolve=0xc0150008) *pfFlags=0x0 pwszSearchPath=0000000000000801:<flags> [calling]
2638.19f4: supR3HardenedMonitor_LdrLoadDll: returns rcNt=0x0 hMod=00007ffdcfcb0000 'C:\WINDOWS\System32\dwmapi.dll'
2638.19f4: supR3HardenedMonitor_LdrLoadDll: returns rcNt=0x0 hMod=00007ffdd12a0000 'C:\WINDOWS\system32\rsaenh.dll'
2638.19f4: supR3HardenedMonitor_LdrLoadDll: returns rcNt=0x0 hMod=00007ffdd2380000 'C:\WINDOWS\System32\crypt32.dll'
2638.19f4: supR3HardenedWinVerifyCacheScheduleImports: Import todo: #1 'user32.dll'.
2638.19f4: supR3HardenedWinVerifyCacheScheduleImports: Import todo: #2 'gdi32.dll'.
2638.19f4: supR3HardenedWinVerifyCacheScheduleImports: Import todo: #3 'shell32.dll'.
2638.19f4: supR3HardenedWinVerifyCacheScheduleImports: Import todo: #4 'ole32.dll'.
2638.19f4: supR3HardenedWinVerifyCacheScheduleImports: Import todo: #5 'advapi32.dll'.
2638.19f4: supR3HardenedWinVerifyCacheScheduleImports: Import todo: #6 'winmm.dll'.
2638.19f4: supR3HardenedWinVerifyCacheScheduleImports: Import todo: #7 'setupapi.dll'.
2638.19f4: supHardenedWinVerifyImageByHandle: -> 0 (\Device\HarddiskVolume4\Windows\System32\DriverStore\FileRepository\u0398229.inf_amd64_d2c627a9878b9758\B395931\amdxn64.dll) WinVerifyTrust
2638.19f4: supR3HardenedWinVerifyCacheInsert: \Device\HarddiskVolume4\Windows\System32\DriverStore\FileRepository\u0398229.inf_amd64_d2c627a9878b9758\B395931\amdxn64.dll
2638.19f4: supR3HardenedWinVerifyCacheProcessImportTodos: Processing 'setupapi.dll'...
2638.19f4: supR3HardenedWinVerifyCacheProcessImportTodos: 'setupapi.dll' -> '\Device\HarddiskVolume4\Windows\System32\setupapi.dll' [rcNtRedir=0xc0150008]
2638.19f4: supR3HardenedMonitor_LdrLoadDll: returns rcNt=0x0 hMod=00007ffdd12a0000 'C:\WINDOWS\system32\rsaenh.dll'
2638.19f4: supR3HardenedMonitor_LdrLoadDll: returns rcNt=0x0 hMod=00007ffdd2380000 'C:\WINDOWS\System32\crypt32.dll'
2638.19f4: supR3HardenedWinVerifyCacheScheduleImports: Import todo: #0 'msvcrt.dll'.
2638.19f4: supHardenedWinVerifyImageByHandle: -> 0 (\Device\HarddiskVolume4\Windows\System32\setupapi.dll) WinVerifyTrust
2638.19f4: supR3HardenedWinVerifyCacheInsert: \Device\HarddiskVolume4\Windows\System32\setupapi.dll
2638.19f4: supR3HardenedWinVerifyCacheProcessImportTodos: Processing 'winmm.dll'...
2638.19f4: supR3HardenedWinVerifyCacheProcessImportTodos: 'winmm.dll' -> '\Device\HarddiskVolume4\Windows\System32\winmm.dll' [rcNtRedir=0xc0150008]
2638.19f4: supR3HardenedScreenImage/Imports: cache hit (VINF_SUCCESS) on \Device\HarddiskVolume4\Windows\System32\winmm.dll
2638.19f4: supR3HardenedWinVerifyCacheProcessImportTodos: Processing 'advapi32.dll'...
2638.19f4: supR3HardenedWinVerifyCacheProcessImportTodos: 'advapi32.dll' -> '\Device\HarddiskVolume4\Windows\System32\advapi32.dll' [rcNtRedir=0xc0150008]
2638.19f4: supR3HardenedWinVerifyCacheProcessImportTodos: Processing 'ole32.dll'...
2638.19f4: supR3HardenedWinVerifyCacheProcessImportTodos: 'ole32.dll' -> '\Device\HarddiskVolume4\Windows\System32\ole32.dll' [rcNtRedir=0xc0150008]
2638.19f4: supR3HardenedWinVerifyCacheProcessImportTodos: Processing 'shell32.dll'...
2638.19f4: supR3HardenedWinVerifyCacheProcessImportTodos: 'shell32.dll' -> '\Device\HarddiskVolume4\Windows\System32\shell32.dll' [rcNtRedir=0xc0150008]
2638.19f4: supR3HardenedScreenImage/Imports: cache hit (VINF_SUCCESS) on \Device\HarddiskVolume4\Windows\System32\shell32.dll
2638.19f4: supR3HardenedWinVerifyCacheProcessImportTodos: Processing 'gdi32.dll'...
2638.19f4: supR3HardenedWinVerifyCacheProcessImportTodos: 'gdi32.dll' -> '\Device\HarddiskVolume4\Windows\System32\gdi32.dll' [rcNtRedir=0xc0150008]
2638.19f4: supR3HardenedWinVerifyCacheProcessImportTodos: Processing 'user32.dll'...
2638.19f4: supR3HardenedWinVerifyCacheProcessImportTodos: 'user32.dll' -> '\Device\HarddiskVolume4\Windows\System32\user32.dll' [rcNtRedir=0xc0150008]
2638.19f4: supR3HardenedWinVerifyCacheProcessImportTodos: Processing 'msvcrt.dll'...
2638.19f4: supR3HardenedWinVerifyCacheProcessImportTodos: 'msvcrt.dll' -> '\Device\HarddiskVolume4\Windows\System32\msvcrt.dll' [rcNtRedir=0xc0150008]
2638.19f4: supR3HardenedMonitor_LdrLoadDll: pName=C:\WINDOWS\System32\DriverStore\FileRepository\u0398229.inf_amd64_d2c627a9878b9758\B395931\amdxn64.dll (rcNtResolve=0xc0150008) *pfFlags=0x0 pwszSearchPath=0000000000000001:<flags> [calling]
2638.19f4: supR3HardenedScreenImage/NtCreateSection: cache hit (VINF_SUCCESS) on \Device\HarddiskVolume4\Windows\System32\DriverStore\FileRepository\u0398229.inf_amd64_d2c627a9878b9758\B395931\amdxn64.dll
2638.19f4: supR3HardenedDllNotificationCallback: load   00007ffdd47a0000 LB 0x00474000 C:\WINDOWS\System32\SETUPAPI.dll [fFlags=0x0]
2638.19f4: supR3HardenedScreenImage/LdrLoadDll: cache hit (VINF_SUCCESS) on \Device\HarddiskVolume4\Windows\System32\setupapi.dll
2638.19f4: supR3HardenedDllNotificationCallback: load   00007ffd6c670000 LB 0x03007000 C:\WINDOWS\System32\DriverStore\FileRepository\u0398229.inf_amd64_d2c627a9878b9758\B395931\amdxn64.dll [fFlags=0x0]
2638.19f4: supR3HardenedScreenImage/LdrLoadDll: cache hit (VINF_SUCCESS) on \Device\HarddiskVolume4\Windows\System32\DriverStore\FileRepository\u0398229.inf_amd64_d2c627a9878b9758\B395931\amdxn64.dll
2638.19f4: supR3HardenedIsApiSetDll: ApiSetQueryApiSetPresence(api-ms-win-core-synch-l1-2-0) -> 0x0, fPresent=1
2638.19f4: supR3HardenedMonitor_LdrLoadDll: pName=api-ms-win-core-synch-l1-2-0 (rcNtResolve=0x0) *pfFlags=0x0 pwszSearchPath=0000000000000801:<flags> [calling]
2638.19f4: supR3HardenedMonitor_LdrLoadDll: returns rcNt=0x0 hMod=00007ffdd27c0000 'api-ms-win-core-synch-l1-2-0'
2638.19f4: supR3HardenedIsApiSetDll: ApiSetQueryApiSetPresence(api-ms-win-core-fibers-l1-1-1) -> 0x0, fPresent=1
2638.19f4: supR3HardenedMonitor_LdrLoadDll: pName=api-ms-win-core-fibers-l1-1-1 (rcNtResolve=0x0) *pfFlags=0x0 pwszSearchPath=0000000000000801:<flags> [calling]
2638.19f4: supR3HardenedMonitor_LdrLoadDll: returns rcNt=0x0 hMod=00007ffdd27c0000 'api-ms-win-core-fibers-l1-1-1'
2638.19f4: supR3HardenedIsApiSetDll: ApiSetQueryApiSetPresence(api-ms-win-core-synch-l1-2-0) -> 0x0, fPresent=1
2638.19f4: supR3HardenedMonitor_LdrLoadDll: pName=api-ms-win-core-synch-l1-2-0 (rcNtResolve=0x0) *pfFlags=0x0 pwszSearchPath=0000000000000801:<flags> [calling]
2638.19f4: supR3HardenedMonitor_LdrLoadDll: returns rcNt=0x0 hMod=00007ffdd27c0000 'api-ms-win-core-synch-l1-2-0'
2638.19f4: supR3HardenedScreenImage/LdrLoadDll: cache hit (VINF_SUCCESS) on \Device\HarddiskVolume4\Windows\System32\kernel32.dll
2638.19f4: supR3HardenedMonitor_LdrLoadDll: pName=C:\WINDOWS\System32\kernel32.dll (Input=kernel32, rcNtResolve=0xc0150008) *pfFlags=0x0 pwszSearchPath=0000000000000801:<flags> [calling]
2638.19f4: supR3HardenedMonitor_LdrLoadDll: returns rcNt=0x0 hMod=00007ffdd36c0000 'C:\WINDOWS\System32\kernel32.dll'
2638.19f4: supR3HardenedIsApiSetDll: ApiSetQueryApiSetPresence(api-ms-win-core-string-l1-1-0) -> 0x0, fPresent=1
2638.19f4: supR3HardenedMonitor_LdrLoadDll: pName=api-ms-win-core-string-l1-1-0 (rcNtResolve=0x0) *pfFlags=0x0 pwszSearchPath=0000000000000801:<flags> [calling]
2638.19f4: supR3HardenedMonitor_LdrLoadDll: returns rcNt=0x0 hMod=00007ffdd27c0000 'api-ms-win-core-string-l1-1-0'
2638.19f4: supR3HardenedIsApiSetDll: ApiSetQueryApiSetPresence(api-ms-win-core-localization-l1-2-1) -> 0x0, fPresent=1
2638.19f4: supR3HardenedMonitor_LdrLoadDll: pName=api-ms-win-core-localization-l1-2-1 (rcNtResolve=0x0) *pfFlags=0x0 pwszSearchPath=0000000000000801:<flags> [calling]
2638.19f4: supR3HardenedMonitor_LdrLoadDll: returns rcNt=0x0 hMod=00007ffdd27c0000 'api-ms-win-core-localization-l1-2-1'
2638.19f4: supR3HardenedIsApiSetDll: ApiSetQueryApiSetPresence(api-ms-win-core-datetime-l1-1-1) -> 0x0, fPresent=1
2638.19f4: supR3HardenedMonitor_LdrLoadDll: pName=api-ms-win-core-datetime-l1-1-1 (rcNtResolve=0x0) *pfFlags=0x0 pwszSearchPath=0000000000000801:<flags> [calling]
2638.19f4: supR3HardenedMonitor_LdrLoadDll: returns rcNt=0x0 hMod=00007ffdd27c0000 'api-ms-win-core-datetime-l1-1-1'
2638.19f4: supR3HardenedIsApiSetDll: ApiSetQueryApiSetPresence(api-ms-win-core-localization-obsolete-l1-2-0) -> 0x0, fPresent=1
2638.19f4: supR3HardenedMonitor_LdrLoadDll: pName=api-ms-win-core-localization-obsolete-l1-2-0 (rcNtResolve=0x0) *pfFlags=0x0 pwszSearchPath=0000000000000801:<flags> [calling]
2638.19f4: supR3HardenedMonitor_LdrLoadDll: returns rcNt=0x0 hMod=00007ffdd27c0000 'api-ms-win-core-localization-obsolete-l1-2-0'
2638.19f4: supR3HardenedMonitor_LdrLoadDll: returns rcNt=0x0 hMod=00007ffd6c670000 'C:\WINDOWS\System32\DriverStore\FileRepository\u0398229.inf_amd64_d2c627a9878b9758\B395931\amdxn64.dll'
2638.19f4: \Device\HarddiskVolume4\Windows\System32\amdihk64.dll: Owner is administrators group.
2638.19f4: \Device\HarddiskVolume4\Windows\System32\amdihk64.dll: Signature #1/4: VERR_CR_X509_CPV_NOT_VALID_AT_TIME for 0x64f796d0; retrying against current time: 0x65958164.
2638.19f4: \Device\HarddiskVolume4\Windows\System32\amdihk64.dll: Signature #1/4: VERR_CR_X509_CPV_NOT_VALID_AT_TIME (-23033) w/ timestamp=0x65958164/now.
2638.19f4: supR3HardenedMonitor_LdrLoadDll: returns rcNt=0x0 hMod=00007ffdd12a0000 'C:\WINDOWS\system32\rsaenh.dll'
2638.19f4: supR3HardenedMonitor_LdrLoadDll: returns rcNt=0x0 hMod=00007ffdd2380000 'C:\WINDOWS\System32\crypt32.dll'
2638.19f4: supR3HardenedMonitor_LdrLoadDll: returns rcNt=0x0 hMod=00007ffdd2380000 'C:\WINDOWS\System32\crypt32.dll'
2638.19f4: supR3HardenedWinVerifyCacheScheduleImports: Import todo: #0 'shlwapi.dll'.
2638.19f4: supR3HardenedWinVerifyCacheScheduleImports: Import todo: #2 'user32.dll'.
2638.19f4: supR3HardenedWinVerifyCacheScheduleImports: Import todo: #3 'advapi32.dll'.
2638.19f4: supHardenedWinVerifyImageByHandle: -> 0 (\Device\HarddiskVolume4\Windows\System32\amdihk64.dll) WinVerifyTrust
2638.19f4: supR3HardenedWinVerifyCacheInsert: \Device\HarddiskVolume4\Windows\System32\amdihk64.dll
2638.19f4: supR3HardenedWinVerifyCacheProcessImportTodos: Processing 'advapi32.dll'...
2638.19f4: supR3HardenedWinVerifyCacheProcessImportTodos: 'advapi32.dll' -> '\Device\HarddiskVolume4\Windows\System32\advapi32.dll' [rcNtRedir=0xc0150008]
2638.19f4: supR3HardenedWinVerifyCacheProcessImportTodos: Processing 'user32.dll'...
2638.19f4: supR3HardenedWinVerifyCacheProcessImportTodos: 'user32.dll' -> '\Device\HarddiskVolume4\Windows\System32\user32.dll' [rcNtRedir=0xc0150008]
2638.19f4: supR3HardenedWinVerifyCacheProcessImportTodos: Processing 'shlwapi.dll'...
2638.19f4: supR3HardenedWinVerifyCacheProcessImportTodos: 'shlwapi.dll' -> '\Device\HarddiskVolume4\Windows\System32\shlwapi.dll' [rcNtRedir=0xc0150008]
2638.19f4: supR3HardenedScreenImage/Imports: cache hit (VINF_SUCCESS) on \Device\HarddiskVolume4\Windows\System32\shlwapi.dll
2638.19f4: supR3HardenedMonitor_LdrLoadDll: pName=C:\WINDOWS\System32\amdihk64.dll (Input=amdihk64.dll, rcNtResolve=0xc0150008) *pfFlags=0x0 pwszSearchPath=0000000000000001:<flags> [calling]
2638.19f4: supR3HardenedScreenImage/NtCreateSection: cache hit (VINF_SUCCESS) on \Device\HarddiskVolume4\Windows\System32\amdihk64.dll
2638.19f4: supR3HardenedDllNotificationCallback: load   00007ffdc72b0000 LB 0x00035000 C:\WINDOWS\System32\amdihk64.dll [fFlags=0x0]
2638.19f4: supR3HardenedScreenImage/LdrLoadDll: cache hit (VINF_SUCCESS) on \Device\HarddiskVolume4\Windows\System32\amdihk64.dll
2638.19f4: supR3HardenedIsApiSetDll: ApiSetQueryApiSetPresence(api-ms-win-core-synch-l1-2-0) -> 0x0, fPresent=1
2638.19f4: supR3HardenedMonitor_LdrLoadDll: pName=api-ms-win-core-synch-l1-2-0 (rcNtResolve=0x0) *pfFlags=0x0 pwszSearchPath=0000000000000801:<flags> [calling]
2638.19f4: supR3HardenedMonitor_LdrLoadDll: returns rcNt=0x0 hMod=00007ffdd27c0000 'api-ms-win-core-synch-l1-2-0'
2638.19f4: supR3HardenedIsApiSetDll: ApiSetQueryApiSetPresence(api-ms-win-core-fibers-l1-1-1) -> 0x0, fPresent=1
2638.19f4: supR3HardenedMonitor_LdrLoadDll: pName=api-ms-win-core-fibers-l1-1-1 (rcNtResolve=0x0) *pfFlags=0x0 pwszSearchPath=0000000000000801:<flags> [calling]
2638.19f4: supR3HardenedMonitor_LdrLoadDll: returns rcNt=0x0 hMod=00007ffdd27c0000 'api-ms-win-core-fibers-l1-1-1'
2638.19f4: supR3HardenedIsApiSetDll: ApiSetQueryApiSetPresence(api-ms-win-core-synch-l1-2-0) -> 0x0, fPresent=1
2638.19f4: supR3HardenedMonitor_LdrLoadDll: pName=api-ms-win-core-synch-l1-2-0 (rcNtResolve=0x0) *pfFlags=0x0 pwszSearchPath=0000000000000801:<flags> [calling]
2638.19f4: supR3HardenedMonitor_LdrLoadDll: returns rcNt=0x0 hMod=00007ffdd27c0000 'api-ms-win-core-synch-l1-2-0'
2638.19f4: supR3HardenedScreenImage/LdrLoadDll: cache hit (VINF_SUCCESS) on \Device\HarddiskVolume4\Windows\System32\kernel32.dll
2638.19f4: supR3HardenedMonitor_LdrLoadDll: pName=C:\WINDOWS\System32\kernel32.dll (Input=kernel32, rcNtResolve=0xc0150008) *pfFlags=0x0 pwszSearchPath=0000000000000801:<flags> [calling]
2638.19f4: supR3HardenedMonitor_LdrLoadDll: returns rcNt=0x0 hMod=00007ffdd36c0000 'C:\WINDOWS\System32\kernel32.dll'
2638.19f4: supR3HardenedMonitor_LdrLoadDll: returns rcNt=0x0 hMod=00007ffdc72b0000 'C:\WINDOWS\System32\amdihk64.dll'
2638.19f4: supR3HardenedWinVerifyCacheScheduleImports: Import todo: #12 'msvcp_win.dll'.
2638.19f4: supHardenedWinVerifyImageByHandle: -> 0 (\Device\HarddiskVolume4\Windows\System32\directxdatabasehelper.dll)
2638.19f4: supR3HardenedWinVerifyCacheInsert: \Device\HarddiskVolume4\Windows\System32\directxdatabasehelper.dll
2638.19f4: supR3HardenedDllNotificationCallback: load   00007ffdcbf60000 LB 0x0004a000 C:\WINDOWS\SYSTEM32\directxdatabasehelper.dll [fFlags=0x0]
2638.19f4: supR3HardenedScreenImage/LdrLoadDll: cache hit (VINF_SUCCESS) on \Device\HarddiskVolume4\Windows\System32\directxdatabasehelper.dll [avoiding WinVerifyTrust]
2638.19f4: supR3HardenedWinVerifyCacheProcessImportTodos: Processing 'msvcp_win.dll'...
2638.19f4: supR3HardenedWinVerifyCacheProcessImportTodos: 'msvcp_win.dll' -> '\Device\HarddiskVolume4\Windows\System32\msvcp_win.dll' [rcNtRedir=0xc0150008]
2638.19f4: supR3HardenedMonitor_LdrLoadDll: returns rcNt=0x0 hMod=00007ffdd12a0000 'C:\WINDOWS\system32\rsaenh.dll'
2638.19f4: supR3HardenedMonitor_LdrLoadDll: returns rcNt=0x0 hMod=00007ffdd2380000 'C:\WINDOWS\System32\crypt32.dll'
2638.19f4: supR3HardenedWinVerifyCacheProcessWvtTodos: 0 (was 0) fWinVerifyTrust=1 for '\Device\HarddiskVolume4\Windows\System32\directxdatabasehelper.dll'
2638.19f4: supR3HardenedScreenImage/LdrLoadDll: cache hit (VINF_SUCCESS) on \Device\HarddiskVolume4\Windows\System32\DriverStore\FileRepository\u0398229.inf_amd64_d2c627a9878b9758\B395931\aticfx64.dll
2638.19f4: supR3HardenedMonitor_LdrLoadDll: pName=C:\WINDOWS\System32\DriverStore\FileRepository\u0398229.inf_amd64_d2c627a9878b9758\B395931\aticfx64.dll (rcNtResolve=0xc0150008) *pfFlags=0x0 pwszSearchPath=0000000000000009:<flags> [calling]
2638.19f4: supR3HardenedMonitor_LdrLoadDll: returns rcNt=0x0 hMod=00007ffdc6a00000 'C:\WINDOWS\System32\DriverStore\FileRepository\u0398229.inf_amd64_d2c627a9878b9758\B395931\aticfx64.dll'
2638.19f4: supR3HardenedScreenImage/LdrLoadDll: cache hit (VINF_SUCCESS) on \Device\HarddiskVolume4\Windows\System32\dwmapi.dll
2638.19f4: supR3HardenedMonitor_LdrLoadDll: pName=C:\WINDOWS\System32\dwmapi.dll (Input=dwmapi.dll, rcNtResolve=0xc0150008) *pfFlags=0x0 pwszSearchPath=0000000000000801:<flags> [calling]
2638.19f4: supR3HardenedMonitor_LdrLoadDll: returns rcNt=0x0 hMod=00007ffdcfcb0000 'C:\WINDOWS\System32\dwmapi.dll'
2638.19f4: supR3HardenedScreenImage/LdrLoadDll: cache hit (VINF_SUCCESS) on \Device\HarddiskVolume4\Windows\System32\DriverStore\FileRepository\u0398229.inf_amd64_d2c627a9878b9758\B395931\amdxn64.dll
2638.19f4: supR3HardenedMonitor_LdrLoadDll: pName=C:\WINDOWS\System32\DriverStore\FileRepository\u0398229.inf_amd64_d2c627a9878b9758\B395931\amdxn64.dll (rcNtResolve=0xc0150008) *pfFlags=0x0 pwszSearchPath=0000000000000001:<flags> [calling]
2638.19f4: supR3HardenedMonitor_LdrLoadDll: returns rcNt=0x0 hMod=00007ffd6c670000 'C:\WINDOWS\System32\DriverStore\FileRepository\u0398229.inf_amd64_d2c627a9878b9758\B395931\amdxn64.dll'
2638.19f4: supR3HardenedScreenImage/LdrLoadDll: cache hit (VINF_SUCCESS) on \Device\HarddiskVolume4\Windows\System32\amdihk64.dll
2638.19f4: supR3HardenedMonitor_LdrLoadDll: pName=C:\WINDOWS\System32\amdihk64.dll (Input=amdihk64.dll, rcNtResolve=0xc0150008) *pfFlags=0x0 pwszSearchPath=0000000000000001:<flags> [calling]
2638.19f4: supR3HardenedMonitor_LdrLoadDll: returns rcNt=0x0 hMod=00007ffdc72b0000 'C:\WINDOWS\System32\amdihk64.dll'
2638.19f4: supR3HardenedMonitor_LdrLoadDll: returns rcNt=0x0 hMod=00007ffdd4e30000 'C:\WINDOWS\System32\gdi32.dll'
2638.19f4: supR3HardenedDllNotificationCallback: Unload 00007ffdc72b0000 LB 0x00035000 C:\WINDOWS\System32\amdihk64.dll [flags=0x0]
2638.19f4: supR3HardenedDllNotificationCallback: Unload 00007ffd6c670000 LB 0x03007000 C:\WINDOWS\System32\DriverStore\FileRepository\u0398229.inf_amd64_d2c627a9878b9758\B395931\amdxn64.dll [flags=0x0]
2638.19f4: supR3HardenedDllNotificationCallback: Unload 00007ffdd47a0000 LB 0x00474000 C:\WINDOWS\System32\SETUPAPI.dll [flags=0x0]
2638.19f4: supR3HardenedDllNotificationCallback: Unload 00007ffdc6a00000 LB 0x001bb000 C:\WINDOWS\System32\DriverStore\FileRepository\u0398229.inf_amd64_d2c627a9878b9758\B395931\aticfx64.dll [flags=0x0]
2638.19f4: supR3HardenedDllNotificationCallback: load   00007ffdd3b50000 LB 0x0014d000 C:\WINDOWS\System32\MSCTF.dll [fFlags=0x0]
2638.19f4: supR3HardenedWinVerifyCacheScheduleImports: Import todo: #0 'msvcrt.dll'.
2638.19f4: supHardenedWinVerifyImageByHandle: -> 0 (\Device\HarddiskVolume4\Windows\System32\msctf.dll)
2638.19f4: supR3HardenedWinVerifyCacheInsert: \Device\HarddiskVolume4\Windows\System32\msctf.dll
2638.19f4: supR3HardenedWinVerifyCacheProcessImportTodos: Processing 'msvcrt.dll'...
2638.19f4: supR3HardenedWinVerifyCacheProcessImportTodos: 'msvcrt.dll' -> '\Device\HarddiskVolume4\Windows\System32\msvcrt.dll' [rcNtRedir=0xc0150008]
2638.19f4: supR3HardenedMonitor_LdrLoadDll: returns rcNt=0x0 hMod=00007ffdd12a0000 'C:\WINDOWS\system32\rsaenh.dll'
2638.19f4: supR3HardenedMonitor_LdrLoadDll: returns rcNt=0x0 hMod=00007ffdd2380000 'C:\WINDOWS\System32\crypt32.dll'
2638.19f4: supR3HardenedWinVerifyCacheProcessWvtTodos: 0 (was 0) fWinVerifyTrust=1 for '\Device\HarddiskVolume4\Windows\System32\msctf.dll'
2638.19f4: supR3HardNtViCallWinVerifyTrustCatFile: hFile=0000000000000be8 pwszName=\Device\HarddiskVolume4\Windows\System32\DataExchange.dll
2638.19f4: supR3HardNtViCallWinVerifyTrustCatFile: Cached context 00000212d3930690
2638.19f4: supR3HardNtViCallWinVerifyTrustCatFile: hCatAdmin=00000212d3930690
2638.19f4: supR3HardNtViCallWinVerifyTrustCatFile: cbHash=20 wszDigest=F5D0894EF4EB772A0F42FA317E8AD5010C41EC5A
2638.19f4: supR3HardenedMonitor_LdrLoadDll: returns rcNt=0x0 hMod=00007ffdd12a0000 'C:\WINDOWS\system32\rsaenh.dll'
2638.19f4: supR3HardenedMonitor_LdrLoadDll: returns rcNt=0x0 hMod=00007ffdd2380000 'C:\WINDOWS\System32\crypt32.dll'
2638.19f4: supR3HardNtViCallWinVerifyTrustCatFile: WinVerifyTrust => 0x0; cat='C:\WINDOWS\system32\CatRoot\{F750E6C3-38EE-11D1-85E5-00C04FC295EE}\Microsoft-Windows-Client-Desktop-Required-Package051020~31bf3856ad364e35~amd64~~10.0.22621.2129.cat'; file='\Device\HarddiskVolume4\Windows\System32\DataExchange.dll'
2638.19f4: supR3HardNtViCallWinVerifyTrustCatFile -> 0 (org 22900)
2638.19f4: supR3HardenedWinVerifyCacheScheduleImports: Import todo: #27 'msvcp_win.dll'.
2638.19f4: supHardenedWinVerifyImageByHandle: -> 0 (\Device\HarddiskVolume4\Windows\System32\DataExchange.dll) WinVerifyTrust
2638.19f4: supR3HardenedWinVerifyCacheInsert: \Device\HarddiskVolume4\Windows\System32\DataExchange.dll
2638.19f4: supR3HardenedWinVerifyCacheProcessImportTodos: Processing 'msvcp_win.dll'...
2638.19f4: supR3HardenedWinVerifyCacheProcessImportTodos: 'msvcp_win.dll' -> '\Device\HarddiskVolume4\Windows\System32\msvcp_win.dll' [rcNtRedir=0xc0150008]
2638.19f4: supR3HardenedMonitor_LdrLoadDll: pName=C:\WINDOWS\system32\dataexchange.dll (rcNtResolve=0xc0150008) *pfFlags=0x0 pwszSearchPath=0000000000002009:<flags> [calling]
2638.19f4: supR3HardenedScreenImage/NtCreateSection: cache hit (VINF_SUCCESS) on \Device\HarddiskVolume4\Windows\System32\DataExchange.dll
2638.19f4: supR3HardenedDllNotificationCallback: load   00007ffdb68d0000 LB 0x0005e000 C:\WINDOWS\system32\dataexchange.dll [fFlags=0x0]
2638.19f4: supR3HardenedScreenImage/LdrLoadDll: cache hit (VINF_SUCCESS) on \Device\HarddiskVolume4\Windows\System32\DataExchange.dll
2638.19f4: supR3HardenedMonitor_LdrLoadDll: returns rcNt=0x0 hMod=00007ffdb68d0000 'C:\WINDOWS\system32\dataexchange.dll'
2638.19f4: supR3HardenedWinVerifyCacheScheduleImports: Import todo: #39 'combase.dll'.
2638.19f4: supR3HardenedWinVerifyCacheScheduleImports: Import todo: #41 'msvcp_win.dll'.
2638.19f4: supHardenedWinVerifyImageByHandle: -> 0 (\Device\HarddiskVolume4\Windows\System32\twinapi.appcore.dll)
2638.19f4: supR3HardenedWinVerifyCacheInsert: \Device\HarddiskVolume4\Windows\System32\twinapi.appcore.dll
2638.19f4: supR3HardenedDllNotificationCallback: load   00007ffdc7fb0000 LB 0x00282000 C:\WINDOWS\system32\twinapi.appcore.dll [fFlags=0x0]
2638.19f4: supR3HardenedScreenImage/LdrLoadDll: cache hit (VINF_SUCCESS) on \Device\HarddiskVolume4\Windows\System32\twinapi.appcore.dll [avoiding WinVerifyTrust]
2638.19f4: supR3HardenedWinVerifyCacheProcessImportTodos: Processing 'msvcp_win.dll'...
2638.19f4: supR3HardenedWinVerifyCacheProcessImportTodos: 'msvcp_win.dll' -> '\Device\HarddiskVolume4\Windows\System32\msvcp_win.dll' [rcNtRedir=0xc0150008]
2638.19f4: supR3HardenedWinVerifyCacheProcessImportTodos: Processing 'combase.dll'...
2638.19f4: supR3HardenedWinVerifyCacheProcessImportTodos: 'combase.dll' -> '\Device\HarddiskVolume4\Windows\System32\combase.dll' [rcNtRedir=0xc0150008]
2638.19f4: supR3HardenedScreenImage/Imports: cache hit (VINF_SUCCESS) on \Device\HarddiskVolume4\Windows\System32\combase.dll
2638.19f4: supR3HardenedMonitor_LdrLoadDll: returns rcNt=0x0 hMod=00007ffdd12a0000 'C:\WINDOWS\system32\rsaenh.dll'
2638.19f4: supR3HardenedMonitor_LdrLoadDll: returns rcNt=0x0 hMod=00007ffdd2380000 'C:\WINDOWS\System32\crypt32.dll'
2638.19f4: supR3HardenedWinVerifyCacheProcessWvtTodos: 0 (was 0) fWinVerifyTrust=1 for '\Device\HarddiskVolume4\Windows\System32\twinapi.appcore.dll'
2638.19f4: supR3HardenedScreenImage/LdrLoadDll: cache hit (VINF_SUCCESS) on \Device\HarddiskVolume4\Windows\System32\SHCore.dll
2638.19f4: supR3HardenedMonitor_LdrLoadDll: pName=C:\WINDOWS\system32\Shcore.dll (rcNtResolve=0xc0150008) *pfFlags=0x0 pwszSearchPath=0000000000000001:<flags> [calling]
2638.19f4: supR3HardenedMonitor_LdrLoadDll: returns rcNt=0x0 hMod=00007ffdd39d0000 'C:\WINDOWS\system32\Shcore.dll'
2638.19f4: supR3HardenedWinVerifyCacheScheduleImports: Import todo: #0 'msvcrt.dll'.
2638.19f4: supR3HardenedWinVerifyCacheScheduleImports: Import todo: #16 'oleaut32.dll'.
2638.19f4: supR3HardenedWinVerifyCacheScheduleImports: Import todo: #17 'rpcrt4.dll'.
2638.19f4: supHardenedWinVerifyImageByHandle: -> 0 (\Device\HarddiskVolume4\Windows\System32\TextInputFramework.dll)
2638.19f4: supR3HardenedWinVerifyCacheInsert: \Device\HarddiskVolume4\Windows\System32\TextInputFramework.dll
2638.19f4: supR3HardenedDllNotificationCallback: load   00007ffdb7060000 LB 0x00145000 C:\WINDOWS\SYSTEM32\textinputframework.dll [fFlags=0x0]
2638.19f4: supR3HardenedScreenImage/LdrLoadDll: cache hit (VINF_SUCCESS) on \Device\HarddiskVolume4\Windows\System32\TextInputFramework.dll [avoiding WinVerifyTrust]
2638.19f4: supR3HardenedWinVerifyCacheProcessImportTodos: Processing 'rpcrt4.dll'...
2638.19f4: supR3HardenedWinVerifyCacheProcessImportTodos: 'rpcrt4.dll' -> '\Device\HarddiskVolume4\Windows\System32\rpcrt4.dll' [rcNtRedir=0xc0150008]
2638.19f4: supR3HardenedWinVerifyCacheProcessImportTodos: Processing 'oleaut32.dll'...
2638.19f4: supR3HardenedWinVerifyCacheProcessImportTodos: 'oleaut32.dll' -> '\Device\HarddiskVolume4\Windows\System32\oleaut32.dll' [rcNtRedir=0xc0150008]
2638.19f4: supR3HardenedWinVerifyCacheProcessImportTodos: Processing 'msvcrt.dll'...
2638.19f4: supR3HardenedWinVerifyCacheProcessImportTodos: 'msvcrt.dll' -> '\Device\HarddiskVolume4\Windows\System32\msvcrt.dll' [rcNtRedir=0xc0150008]
2638.19f4: supR3HardenedMonitor_LdrLoadDll: returns rcNt=0x0 hMod=00007ffdd12a0000 'C:\WINDOWS\system32\rsaenh.dll'
2638.19f4: supR3HardenedMonitor_LdrLoadDll: returns rcNt=0x0 hMod=00007ffdd2380000 'C:\WINDOWS\System32\crypt32.dll'
2638.19f4: supR3HardenedWinVerifyCacheProcessWvtTodos: 0 (was 0) fWinVerifyTrust=1 for '\Device\HarddiskVolume4\Windows\System32\TextInputFramework.dll'
2638.19f4: supR3HardenedMonitor_LdrLoadDll: returns rcNt=0x0 hMod=00007ffdd3d30000 'C:\WINDOWS\System32\ole32.dll'
2638.19f4: supR3HardenedMonitor_LdrLoadDll: returns rcNt=0x0 hMod=00007ffdd2d30000 'C:\WINDOWS\System32\OLEAUT32.dll'
2638.19f4: supR3HardNtViCallWinVerifyTrustCatFile: hFile=0000000000000b3c pwszName=\Device\HarddiskVolume4\Windows\System32\wbem\wbemprox.dll
2638.19f4: supR3HardNtViCallWinVerifyTrustCatFile: Cached context 00000212d3930690
2638.19f4: supR3HardNtViCallWinVerifyTrustCatFile: hCatAdmin=00000212d3930690
2638.19f4: supR3HardNtViCallWinVerifyTrustCatFile: cbHash=20 wszDigest=96B12B94B163C606691BD0B2E3371EC379C9750E
2638.19f4: supR3HardenedMonitor_LdrLoadDll: returns rcNt=0x0 hMod=00007ffdd12a0000 'C:\WINDOWS\system32\rsaenh.dll'
2638.19f4: supR3HardenedMonitor_LdrLoadDll: returns rcNt=0x0 hMod=00007ffdd2380000 'C:\WINDOWS\System32\crypt32.dll'
2638.19f4: supR3HardNtViCallWinVerifyTrustCatFile: WinVerifyTrust => 0x0; cat='C:\WINDOWS\system32\CatRoot\{F750E6C3-38EE-11D1-85E5-00C04FC295EE}\Microsoft-Windows-Client-Desktop-Required-Package04~31bf3856ad364e35~amd64~~10.0.22621.2129.cat'; file='\Device\HarddiskVolume4\Windows\System32\wbem\wbemprox.dll'
2638.19f4: supR3HardNtViCallWinVerifyTrustCatFile -> 0 (org 22900)
2638.19f4: supR3HardenedWinVerifyCacheScheduleImports: Import todo: #0 'msvcrt.dll'.
2638.19f4: supR3HardenedWinVerifyCacheScheduleImports: Import todo: #16 'wbemcomn.dll'.
2638.19f4: supHardenedWinVerifyImageByHandle: -> 0 (\Device\HarddiskVolume4\Windows\System32\wbem\wbemprox.dll) WinVerifyTrust
2638.19f4: supR3HardenedWinVerifyCacheInsert: \Device\HarddiskVolume4\Windows\System32\wbem\wbemprox.dll
2638.19f4: supR3HardenedWinVerifyCacheProcessImportTodos: Processing 'wbemcomn.dll'...
2638.19f4: supR3HardenedWinVerifyCacheProcessImportTodos: 'wbemcomn.dll' -> '\Device\HarddiskVolume4\Windows\System32\wbemcomn.dll' [rcNtRedir=0xc0150008]
2638.19f4: supR3HardNtViCallWinVerifyTrustCatFile: hFile=0000000000000b50 pwszName=\Device\HarddiskVolume4\Windows\System32\wbemcomn.dll
2638.19f4: supR3HardNtViCallWinVerifyTrustCatFile: Cached context 00000212d3930690
2638.19f4: supR3HardNtViCallWinVerifyTrustCatFile: hCatAdmin=00000212d3930690
2638.19f4: supR3HardNtViCallWinVerifyTrustCatFile: cbHash=20 wszDigest=E3C24DA357936B83C408A2C99BB0510A23847A80
2638.19f4: supR3HardenedMonitor_LdrLoadDll: returns rcNt=0x0 hMod=00007ffdd12a0000 'C:\WINDOWS\system32\rsaenh.dll'
2638.19f4: supR3HardenedMonitor_LdrLoadDll: returns rcNt=0x0 hMod=00007ffdd2380000 'C:\WINDOWS\System32\crypt32.dll'
2638.19f4: supR3HardNtViCallWinVerifyTrustCatFile: WinVerifyTrust => 0x0; cat='C:\WINDOWS\system32\CatRoot\{F750E6C3-38EE-11D1-85E5-00C04FC295EE}\Microsoft-Windows-Client-Desktop-Required-Package04~31bf3856ad364e35~amd64~~10.0.22621.2129.cat'; file='\Device\HarddiskVolume4\Windows\System32\wbemcomn.dll'
2638.19f4: supR3HardNtViCallWinVerifyTrustCatFile -> 0 (org 22900)
2638.19f4: supR3HardenedWinVerifyCacheScheduleImports: Import todo: #0 'msvcrt.dll'.
2638.19f4: supHardenedWinVerifyImageByHandle: -> 0 (\Device\HarddiskVolume4\Windows\System32\wbemcomn.dll) WinVerifyTrust
2638.19f4: supR3HardenedWinVerifyCacheInsert: \Device\HarddiskVolume4\Windows\System32\wbemcomn.dll
2638.19f4: supR3HardenedWinVerifyCacheProcessImportTodos: Processing 'msvcrt.dll'...
2638.19f4: supR3HardenedWinVerifyCacheProcessImportTodos: 'msvcrt.dll' -> '\Device\HarddiskVolume4\Windows\System32\msvcrt.dll' [rcNtRedir=0xc0150008]
2638.19f4: supR3HardenedWinVerifyCacheProcessImportTodos: Processing 'msvcrt.dll'...
2638.19f4: supR3HardenedWinVerifyCacheProcessImportTodos: 'msvcrt.dll' -> '\Device\HarddiskVolume4\Windows\System32\msvcrt.dll' [rcNtRedir=0xc0150008]
2638.19f4: supR3HardenedMonitor_LdrLoadDll: pName=C:\WINDOWS\system32\wbem\wbemprox.dll (rcNtResolve=0xc0150008) *pfFlags=0x0 pwszSearchPath=0000000000002009:<flags> [calling]
2638.19f4: supR3HardenedScreenImage/NtCreateSection: cache hit (VINF_SUCCESS) on \Device\HarddiskVolume4\Windows\System32\wbem\wbemprox.dll
2638.19f4: supR3HardenedScreenImage/NtCreateSection: cache hit (VINF_SUCCESS) on \Device\HarddiskVolume4\Windows\System32\wbemcomn.dll
2638.19f4: supR3HardenedDllNotificationCallback: load   00007ffdc8240000 LB 0x00080000 C:\WINDOWS\SYSTEM32\wbemcomn.dll [fFlags=0x0]
2638.19f4: supR3HardenedScreenImage/LdrLoadDll: cache hit (VINF_SUCCESS) on \Device\HarddiskVolume4\Windows\System32\wbemcomn.dll
2638.19f4: supR3HardenedDllNotificationCallback: load   00007ffdc82c0000 LB 0x00010000 C:\WINDOWS\system32\wbem\wbemprox.dll [fFlags=0x0]
2638.19f4: supR3HardenedScreenImage/LdrLoadDll: cache hit (VINF_SUCCESS) on \Device\HarddiskVolume4\Windows\System32\wbem\wbemprox.dll
2638.19f4: supR3HardenedIsApiSetDll: ApiSetQueryApiSetPresence(API-MS-Win-Core-LocalRegistry-L1-1-0.dll) -> 0x0, fPresent=1
2638.19f4: supR3HardenedMonitor_LdrLoadDll: pName=API-MS-Win-Core-LocalRegistry-L1-1-0.dll (rcNtResolve=0x0) *pfFlags=0x0 pwszSearchPath=0000000000000009:<flags> [calling]
2638.19f4: supR3HardenedMonitor_LdrLoadDll: returns rcNt=0x0 hMod=00007ffdd27c0000 'API-MS-Win-Core-LocalRegistry-L1-1-0.dll'
2638.19f4: supR3HardenedMonitor_LdrLoadDll: returns rcNt=0x0 hMod=00007ffdc82c0000 'C:\WINDOWS\system32\wbem\wbemprox.dll'
2638.19f4: supR3HardNtViCallWinVerifyTrustCatFile: hFile=0000000000000b64 pwszName=\Device\HarddiskVolume4\Windows\System32\wbem\wbemsvc.dll
2638.19f4: supR3HardNtViCallWinVerifyTrustCatFile: Cached context 00000212d3930690
2638.19f4: supR3HardNtViCallWinVerifyTrustCatFile: hCatAdmin=00000212d3930690
2638.19f4: supR3HardNtViCallWinVerifyTrustCatFile: cbHash=20 wszDigest=6771BB0016409CF02E4EDC8D876E36E456244E62
2638.19f4: supR3HardenedMonitor_LdrLoadDll: returns rcNt=0x0 hMod=00007ffdd12a0000 'C:\WINDOWS\system32\rsaenh.dll'
2638.19f4: supR3HardenedMonitor_LdrLoadDll: returns rcNt=0x0 hMod=00007ffdd2380000 'C:\WINDOWS\System32\crypt32.dll'
2638.19f4: supR3HardNtViCallWinVerifyTrustCatFile: WinVerifyTrust => 0x0; cat='C:\WINDOWS\system32\CatRoot\{F750E6C3-38EE-11D1-85E5-00C04FC295EE}\Microsoft-Windows-Client-Desktop-Required-Package04~31bf3856ad364e35~amd64~~10.0.22621.2129.cat'; file='\Device\HarddiskVolume4\Windows\System32\wbem\wbemsvc.dll'
2638.19f4: supR3HardNtViCallWinVerifyTrustCatFile -> 0 (org 22900)
2638.19f4: supR3HardenedWinVerifyCacheScheduleImports: Import todo: #0 'msvcrt.dll'.
2638.19f4: supR3HardenedWinVerifyCacheScheduleImports: Import todo: #1 'rpcrt4.dll'.
2638.19f4: supHardenedWinVerifyImageByHandle: -> 0 (\Device\HarddiskVolume4\Windows\System32\wbem\wbemsvc.dll) WinVerifyTrust
2638.19f4: supR3HardenedWinVerifyCacheInsert: \Device\HarddiskVolume4\Windows\System32\wbem\wbemsvc.dll
2638.19f4: supR3HardenedWinVerifyCacheProcessImportTodos: Processing 'rpcrt4.dll'...
2638.19f4: supR3HardenedWinVerifyCacheProcessImportTodos: 'rpcrt4.dll' -> '\Device\HarddiskVolume4\Windows\System32\rpcrt4.dll' [rcNtRedir=0xc0150008]
2638.19f4: supR3HardenedWinVerifyCacheProcessImportTodos: Processing 'msvcrt.dll'...
2638.19f4: supR3HardenedWinVerifyCacheProcessImportTodos: 'msvcrt.dll' -> '\Device\HarddiskVolume4\Windows\System32\msvcrt.dll' [rcNtRedir=0xc0150008]
2638.19f4: supR3HardenedMonitor_LdrLoadDll: pName=C:\WINDOWS\system32\wbem\wbemsvc.dll (rcNtResolve=0xc0150008) *pfFlags=0x0 pwszSearchPath=0000000000002009:<flags> [calling]
2638.19f4: supR3HardenedScreenImage/NtCreateSection: cache hit (VINF_SUCCESS) on \Device\HarddiskVolume4\Windows\System32\wbem\wbemsvc.dll
2638.19f4: supR3HardenedDllNotificationCallback: load   00007ffdc5320000 LB 0x00014000 C:\WINDOWS\system32\wbem\wbemsvc.dll [fFlags=0x0]
2638.19f4: supR3HardenedScreenImage/LdrLoadDll: cache hit (VINF_SUCCESS) on \Device\HarddiskVolume4\Windows\System32\wbem\wbemsvc.dll
2638.19f4: supR3HardenedMonitor_LdrLoadDll: returns rcNt=0x0 hMod=00007ffdc5320000 'C:\WINDOWS\system32\wbem\wbemsvc.dll'
2638.19f4: supR3HardenedIsApiSetDll: ApiSetQueryApiSetPresence(api-ms-win-core-localization-l1-2-0.dll) -> 0x0, fPresent=1
2638.19f4: supR3HardenedMonitor_LdrLoadDll: pName=api-ms-win-core-localization-l1-2-0.dll (rcNtResolve=0x0) *pfFlags=0x0 pwszSearchPath=0000000000000009:<flags> [calling]
2638.19f4: supR3HardenedMonitor_LdrLoadDll: returns rcNt=0x0 hMod=00007ffdd27c0000 'api-ms-win-core-localization-l1-2-0.dll'
2638.19f4: supR3HardenedIsApiSetDll: ApiSetQueryApiSetPresence(api-ms-win-core-localization-obsolete-l1-1-0.dll) -> 0x0, fPresent=1
2638.19f4: supR3HardenedMonitor_LdrLoadDll: pName=api-ms-win-core-localization-obsolete-l1-1-0.dll (rcNtResolve=0x0) *pfFlags=0x0 pwszSearchPath=0000000000000009:<flags> [calling]
2638.19f4: supR3HardenedMonitor_LdrLoadDll: returns rcNt=0x0 hMod=00007ffdd27c0000 'api-ms-win-core-localization-obsolete-l1-1-0.dll'
2638.19f4: supR3HardNtViCallWinVerifyTrustCatFile: hFile=0000000000000b60 pwszName=\Device\HarddiskVolume4\Windows\System32\wbem\fastprox.dll
2638.19f4: supR3HardNtViCallWinVerifyTrustCatFile: Cached context 00000212d3930690
2638.19f4: supR3HardNtViCallWinVerifyTrustCatFile: hCatAdmin=00000212d3930690
2638.19f4: supR3HardNtViCallWinVerifyTrustCatFile: cbHash=20 wszDigest=DD51BE1CAB24BFFC7FA1F6746E37353543569F97
2638.19f4: supR3HardenedMonitor_LdrLoadDll: returns rcNt=0x0 hMod=00007ffdd12a0000 'C:\WINDOWS\system32\rsaenh.dll'
2638.19f4: supR3HardenedMonitor_LdrLoadDll: returns rcNt=0x0 hMod=00007ffdd2380000 'C:\WINDOWS\System32\crypt32.dll'
2638.19f4: supR3HardNtViCallWinVerifyTrustCatFile: WinVerifyTrust => 0x0; cat='C:\WINDOWS\system32\CatRoot\{F750E6C3-38EE-11D1-85E5-00C04FC295EE}\Microsoft-Windows-Client-Desktop-Required-Package04~31bf3856ad364e35~amd64~~10.0.22621.2129.cat'; file='\Device\HarddiskVolume4\Windows\System32\wbem\fastprox.dll'
2638.19f4: supR3HardNtViCallWinVerifyTrustCatFile -> 0 (org 22900)
2638.19f4: supR3HardenedWinVerifyCacheScheduleImports: Import todo: #0 'msvcrt.dll'.
2638.19f4: supR3HardenedWinVerifyCacheScheduleImports: Import todo: #20 'wbemcomn.dll'.
2638.19f4: supHardenedWinVerifyImageByHandle: -> 0 (\Device\HarddiskVolume4\Windows\System32\wbem\fastprox.dll) WinVerifyTrust
2638.19f4: supR3HardenedWinVerifyCacheInsert: \Device\HarddiskVolume4\Windows\System32\wbem\fastprox.dll
2638.19f4: supR3HardenedWinVerifyCacheProcessImportTodos: Processing 'wbemcomn.dll'...
2638.19f4: supR3HardenedWinVerifyCacheProcessImportTodos: 'wbemcomn.dll' -> '\Device\HarddiskVolume4\Windows\System32\wbemcomn.dll' [rcNtRedir=0xc0150008]
2638.19f4: supR3HardenedScreenImage/Imports: cache hit (VINF_SUCCESS) on \Device\HarddiskVolume4\Windows\System32\wbemcomn.dll
2638.19f4: supR3HardenedWinVerifyCacheProcessImportTodos: Processing 'msvcrt.dll'...
2638.19f4: supR3HardenedWinVerifyCacheProcessImportTodos: 'msvcrt.dll' -> '\Device\HarddiskVolume4\Windows\System32\msvcrt.dll' [rcNtRedir=0xc0150008]
2638.19f4: supR3HardenedMonitor_LdrLoadDll: pName=C:\WINDOWS\system32\wbem\fastprox.dll (rcNtResolve=0xc0150008) *pfFlags=0x0 pwszSearchPath=0000000000002009:<flags> [calling]
2638.19f4: supR3HardenedScreenImage/NtCreateSection: cache hit (VINF_SUCCESS) on \Device\HarddiskVolume4\Windows\System32\wbem\fastprox.dll
2638.19f4: supR3HardenedDllNotificationCallback: load   00007ffdc5340000 LB 0x000f8000 C:\WINDOWS\system32\wbem\fastprox.dll [fFlags=0x0]
2638.19f4: supR3HardenedScreenImage/LdrLoadDll: cache hit (VINF_SUCCESS) on \Device\HarddiskVolume4\Windows\System32\wbem\fastprox.dll
2638.19f4: supR3HardenedMonitor_LdrLoadDll: returns rcNt=0x0 hMod=00007ffdc5340000 'C:\WINDOWS\system32\wbem\fastprox.dll'
2638.19f4: supR3HardNtViCallWinVerifyTrustCatFile: hFile=0000000000000c4c pwszName=\Device\HarddiskVolume4\Windows\System32\amsi.dll
2638.19f4: supR3HardNtViCallWinVerifyTrustCatFile: Cached context 00000212d3930690
2638.19f4: supR3HardNtViCallWinVerifyTrustCatFile: hCatAdmin=00000212d3930690
2638.19f4: supR3HardNtViCallWinVerifyTrustCatFile: cbHash=20 wszDigest=47FCE31AAF860A9E41EB3F3CBC4C21B1C3487C05
2638.19f4: supR3HardenedMonitor_LdrLoadDll: returns rcNt=0x0 hMod=00007ffdd12a0000 'C:\WINDOWS\system32\rsaenh.dll'
2638.19f4: supR3HardenedMonitor_LdrLoadDll: returns rcNt=0x0 hMod=00007ffdd2380000 'C:\WINDOWS\System32\crypt32.dll'
2638.19f4: supR3HardNtViCallWinVerifyTrustCatFile: WinVerifyTrust => 0x0; cat='C:\WINDOWS\system32\CatRoot\{F750E6C3-38EE-11D1-85E5-00C04FC295EE}\Microsoft-Windows-Client-Desktop-Required-Package05~31bf3856ad364e35~amd64~~10.0.22621.2129.cat'; file='\Device\HarddiskVolume4\Windows\System32\amsi.dll'
2638.19f4: supR3HardNtViCallWinVerifyTrustCatFile -> 0 (org 22900)
2638.19f4: supR3HardenedWinVerifyCacheScheduleImports: Import todo: #0 'msvcrt.dll'.
2638.19f4: supR3HardenedWinVerifyCacheScheduleImports: Import todo: #14 'rpcrt4.dll'.
2638.19f4: supHardenedWinVerifyImageByHandle: -> 0 (\Device\HarddiskVolume4\Windows\System32\amsi.dll) WinVerifyTrust
2638.19f4: supR3HardenedWinVerifyCacheInsert: \Device\HarddiskVolume4\Windows\System32\amsi.dll
2638.19f4: supR3HardenedWinVerifyCacheProcessImportTodos: Processing 'rpcrt4.dll'...
2638.19f4: supR3HardenedWinVerifyCacheProcessImportTodos: 'rpcrt4.dll' -> '\Device\HarddiskVolume4\Windows\System32\rpcrt4.dll' [rcNtRedir=0xc0150008]
2638.19f4: supR3HardenedWinVerifyCacheProcessImportTodos: Processing 'msvcrt.dll'...
2638.19f4: supR3HardenedWinVerifyCacheProcessImportTodos: 'msvcrt.dll' -> '\Device\HarddiskVolume4\Windows\System32\msvcrt.dll' [rcNtRedir=0xc0150008]
2638.19f4: supR3HardenedMonitor_LdrLoadDll: pName=C:\WINDOWS\System32\amsi.dll (Input=amsi.dll, rcNtResolve=0xc0150008) *pfFlags=0x0 pwszSearchPath=0000000000000801:<flags> [calling]
2638.19f4: supR3HardenedScreenImage/NtCreateSection: cache hit (VINF_SUCCESS) on \Device\HarddiskVolume4\Windows\System32\amsi.dll
2638.19f4: supR3HardenedDllNotificationCallback: load   00007ffdc5260000 LB 0x0001d000 C:\WINDOWS\System32\amsi.dll [fFlags=0x0]
2638.19f4: supR3HardenedScreenImage/LdrLoadDll: cache hit (VINF_SUCCESS) on \Device\HarddiskVolume4\Windows\System32\amsi.dll
2638.19f4: supR3HardenedMonitor_LdrLoadDll: returns rcNt=0x0 hMod=00007ffdc5260000 'C:\WINDOWS\System32\amsi.dll'
2638.19f4: supR3HardenedMonitor_LdrLoadDll: returns rcNt=0x0 hMod=00007ffdd12a0000 'C:\WINDOWS\system32\rsaenh.dll'
2638.19f4: supR3HardenedMonitor_LdrLoadDll: returns rcNt=0x0 hMod=00007ffdd2380000 'C:\WINDOWS\System32\crypt32.dll'
2638.19f4: supR3HardenedWinVerifyCacheScheduleImports: Import todo: #0 'advapi32.dll'.
2638.19f4: supR3HardenedWinVerifyCacheScheduleImports: Import todo: #2 'ole32.dll'.
2638.19f4: supR3HardenedWinVerifyCacheScheduleImports: Import todo: #3 'oleaut32.dll'.
2638.19f4: supHardenedWinVerifyImageByHandle: -> 0 (\Device\HarddiskVolume4\ProgramData\Microsoft\Windows Defender\Platform\4.18.23110.3-0\MpOAV.dll) WinVerifyTrust
2638.19f4: supR3HardenedWinVerifyCacheInsert: \Device\HarddiskVolume4\ProgramData\Microsoft\Windows Defender\Platform\4.18.23110.3-0\MpOAV.dll
2638.19f4: supR3HardenedWinVerifyCacheProcessImportTodos: Processing 'oleaut32.dll'...
2638.19f4: supR3HardenedWinVerifyCacheProcessImportTodos: 'oleaut32.dll' -> '\Device\HarddiskVolume4\Windows\System32\oleaut32.dll' [rcNtRedir=0xc0150008]
2638.19f4: supR3HardenedWinVerifyCacheProcessImportTodos: Processing 'ole32.dll'...
2638.19f4: supR3HardenedWinVerifyCacheProcessImportTodos: 'ole32.dll' -> '\Device\HarddiskVolume4\Windows\System32\ole32.dll' [rcNtRedir=0xc0150008]
2638.19f4: supR3HardenedWinVerifyCacheProcessImportTodos: Processing 'advapi32.dll'...
2638.19f4: supR3HardenedWinVerifyCacheProcessImportTodos: 'advapi32.dll' -> '\Device\HarddiskVolume4\Windows\System32\advapi32.dll' [rcNtRedir=0xc0150008]
2638.19f4: supR3HardenedMonitor_LdrLoadDll: pName=C:\ProgramData\Microsoft\Windows Defender\Platform\4.18.23110.3-0\MpOav.dll (rcNtResolve=0xc0150008) *pfFlags=0x0 pwszSearchPath=0000000000000001:<flags> [calling]
2638.19f4: supR3HardenedScreenImage/NtCreateSection: cache hit (VINF_SUCCESS) on \Device\HarddiskVolume4\ProgramData\Microsoft\Windows Defender\Platform\4.18.23110.3-0\MpOAV.dll
2638.19f4: supR3HardenedDllNotificationCallback: load   00007ffdc51e0000 LB 0x0007c000 C:\ProgramData\Microsoft\Windows Defender\Platform\4.18.23110.3-0\MpOav.dll [fFlags=0x0]
2638.19f4: supR3HardenedScreenImage/LdrLoadDll: cache hit (VINF_SUCCESS) on \Device\HarddiskVolume4\ProgramData\Microsoft\Windows Defender\Platform\4.18.23110.3-0\MpOAV.dll
2638.19f4: supR3HardenedIsApiSetDll: ApiSetQueryApiSetPresence(api-ms-win-core-synch-l1-2-0) -> 0x0, fPresent=1
2638.19f4: supR3HardenedMonitor_LdrLoadDll: pName=api-ms-win-core-synch-l1-2-0 (rcNtResolve=0x0) *pfFlags=0x0 pwszSearchPath=0000000000000801:<flags> [calling]
2638.19f4: supR3HardenedMonitor_LdrLoadDll: returns rcNt=0x0 hMod=00007ffdd27c0000 'api-ms-win-core-synch-l1-2-0'
2638.19f4: supR3HardenedScreenImage/LdrLoadDll: cache hit (VINF_SUCCESS) on \Device\HarddiskVolume4\Windows\System32\kernel32.dll
2638.19f4: supR3HardenedMonitor_LdrLoadDll: pName=C:\WINDOWS\System32\kernel32.dll (Input=kernel32, rcNtResolve=0xc0150008) *pfFlags=0x0 pwszSearchPath=0000000000000801:<flags> [calling]
2638.19f4: supR3HardenedMonitor_LdrLoadDll: returns rcNt=0x0 hMod=00007ffdd36c0000 'C:\WINDOWS\System32\kernel32.dll'
2638.19f4: supR3HardenedScreenImage/LdrLoadDll: cache hit (VINF_SUCCESS) on \Device\HarddiskVolume4\Windows\System32\version.dll
2638.19f4: supR3HardenedMonitor_LdrLoadDll: pName=C:\WINDOWS\system32\version.dll (rcNtResolve=0xc0150008) *pfFlags=0x0 pwszSearchPath=0000000000000009:<flags> [calling]
2638.19f4: supR3HardenedMonitor_LdrLoadDll: returns rcNt=0x0 hMod=00007ffdc9df0000 'C:\WINDOWS\system32\version.dll'
2638.19f4: supR3HardenedMonitor_LdrLoadDll: returns rcNt=0x0 hMod=00007ffdc51e0000 'C:\ProgramData\Microsoft\Windows Defender\Platform\4.18.23110.3-0\MpOav.dll'
2638.19f4: supR3HardenedMonitor_LdrLoadDll: returns rcNt=0x0 hMod=00007ffdd34f0000 'C:\WINDOWS\System32\ADVAPI32.dll'
2638.1944: supR3HardenedScreenImage/LdrLoadDll: cache hit (VINF_SUCCESS) on \Device\HarddiskVolume4\Windows\System32\ole32.dll
2638.435c: supR3HardenedMonitor_LdrLoadDll: returns rcNt=0x0 hMod=00007ffdd3d30000 'C:\WINDOWS\system32\ole32.dll'
2638.1944: supR3HardenedMonitor_LdrLoadDll: pName=C:\WINDOWS\system32\ole32.dll (rcNtResolve=0xc0150008) *pfFlags=0x0 pwszSearchPath=0000000000000001:<flags> [calling]
2638.1944: supR3HardenedMonitor_LdrLoadDll: returns rcNt=0x0 hMod=00007ffdd3d30000 'C:\WINDOWS\system32\ole32.dll'
2638.435c: supR3HardenedMonitor_LdrLoadDll: returns rcNt=0x0 hMod=00007ffdd12a0000 'C:\WINDOWS\system32\rsaenh.dll'
2638.435c: supR3HardenedMonitor_LdrLoadDll: returns rcNt=0x0 hMod=00007ffdd2380000 'C:\WINDOWS\System32\crypt32.dll'
2638.2590: \Device\HarddiskVolume4\Program Files\Oracle\VirtualBox\VBoxSharedClipboard.dll: Signature #1/2: info status: 24202
2638.2590: supR3HardenedMonitor_LdrLoadDll: returns rcNt=0x0 hMod=00007ffdd12a0000 'C:\WINDOWS\system32\rsaenh.dll'
2638.2590: supR3HardenedMonitor_LdrLoadDll: returns rcNt=0x0 hMod=00007ffdd2380000 'C:\WINDOWS\System32\crypt32.dll'
2638.2590: supR3HardenedWinVerifyCacheScheduleImports: Import todo: #0 'vcruntime140.dll'.
2638.2590: supR3HardenedWinVerifyCacheScheduleImports: Import todo: #1 'vcruntime140_1.dll'.
2638.2590: supR3HardenedWinVerifyCacheScheduleImports: Import todo: #2 'msvcp140.dll'.
2638.2590: supR3HardenedWinVerifyCacheScheduleImports: Import todo: #3 'vboxrt.dll'.
2638.2590: supR3HardenedWinVerifyCacheScheduleImports: Import todo: #7 'user32.dll'.
2638.2590: supHardenedWinVerifyImageByHandle: -> 0 (\Device\HarddiskVolume4\Program Files\Oracle\VirtualBox\VBoxSharedClipboard.dll) WinVerifyTrust
2638.2590: supR3HardenedWinVerifyCacheInsert: \Device\HarddiskVolume4\Program Files\Oracle\VirtualBox\VBoxSharedClipboard.dll
2638.2590: supR3HardenedWinVerifyCacheProcessImportTodos: Processing 'user32.dll'...
2638.2590: supR3HardenedWinVerifyCacheProcessImportTodos: 'user32.dll' -> '\Device\HarddiskVolume4\Windows\System32\user32.dll' [rcNtRedir=0xc0150008]
2638.2590: supR3HardenedWinVerifyCacheProcessImportTodos: Processing 'vboxrt.dll'...
2638.2590: supR3HardenedWinVerifyCacheProcessImportTodos: 'vboxrt.dll' -> '\Device\HarddiskVolume4\Program Files\Oracle\VirtualBox\vboxrt.dll' [rcNtRedir=0xc0150008]
2638.2590: supR3HardenedWinVerifyCacheProcessImportTodos: Processing 'msvcp140.dll'...
2638.2590: supR3HardenedWinVerifyCacheProcessImportTodos: 'msvcp140.dll' -> '\Device\HarddiskVolume4\Windows\System32\msvcp140.dll' [rcNtRedir=0xc0150008]
2638.2590: supR3HardenedWinVerifyCacheProcessImportTodos: Processing 'vcruntime140_1.dll'...
2638.2590: supR3HardenedWinVerifyCacheProcessImportTodos: 'vcruntime140_1.dll' -> '\Device\HarddiskVolume4\Windows\System32\vcruntime140_1.dll' [rcNtRedir=0xc0150008]
2638.2590: supR3HardenedWinVerifyCacheProcessImportTodos: Processing 'vcruntime140.dll'...
2638.2590: supR3HardenedWinVerifyCacheProcessImportTodos: 'vcruntime140.dll' -> '\Device\HarddiskVolume4\Windows\System32\vcruntime140.dll' [rcNtRedir=0xc0150008]
2638.2590: supR3HardenedMonitor_LdrLoadDll: pName=C:\Program Files\Oracle\VirtualBox\VBoxSharedClipboard.DLL (rcNtResolve=0xc0150008) *pfFlags=0x0 pwszSearchPath=0000000000000001:<flags> [calling]
2638.2590: supR3HardenedScreenImage/NtCreateSection: cache hit (VINF_SUCCESS) on \Device\HarddiskVolume4\Program Files\Oracle\VirtualBox\VBoxSharedClipboard.dll
2638.2590: supR3HardenedDllNotificationCallback: load   00007ffdbabb0000 LB 0x00010000 C:\Program Files\Oracle\VirtualBox\VBoxSharedClipboard.DLL [fFlags=0x0]
2638.2590: supR3HardenedScreenImage/LdrLoadDll: cache hit (VINF_SUCCESS) on \Device\HarddiskVolume4\Program Files\Oracle\VirtualBox\VBoxSharedClipboard.dll
2638.2590: supR3HardenedMonitor_LdrLoadDll: returns rcNt=0x0 hMod=00007ffdbabb0000 'C:\Program Files\Oracle\VirtualBox\VBoxSharedClipboard.DLL'
2638.b68: \Device\HarddiskVolume4\Program Files\Oracle\VirtualBox\VBoxDragAndDropSvc.dll: Signature #1/2: info status: 24202
2638.b68: supR3HardenedMonitor_LdrLoadDll: returns rcNt=0x0 hMod=00007ffdd12a0000 'C:\WINDOWS\system32\rsaenh.dll'
2638.b68: supR3HardenedMonitor_LdrLoadDll: returns rcNt=0x0 hMod=00007ffdd2380000 'C:\WINDOWS\System32\crypt32.dll'
2638.b68: supR3HardenedWinVerifyCacheScheduleImports: Import todo: #0 'vcruntime140.dll'.
2638.b68: supR3HardenedWinVerifyCacheScheduleImports: Import todo: #1 'vcruntime140_1.dll'.
2638.b68: supR3HardenedWinVerifyCacheScheduleImports: Import todo: #2 'msvcp140.dll'.
2638.b68: supR3HardenedWinVerifyCacheScheduleImports: Import todo: #3 'vboxrt.dll'.
2638.b68: supHardenedWinVerifyImageByHandle: -> 0 (\Device\HarddiskVolume4\Program Files\Oracle\VirtualBox\VBoxDragAndDropSvc.dll) WinVerifyTrust
2638.b68: supR3HardenedWinVerifyCacheInsert: \Device\HarddiskVolume4\Program Files\Oracle\VirtualBox\VBoxDragAndDropSvc.dll
2638.b68: supR3HardenedWinVerifyCacheProcessImportTodos: Processing 'vboxrt.dll'...
2638.b68: supR3HardenedWinVerifyCacheProcessImportTodos: 'vboxrt.dll' -> '\Device\HarddiskVolume4\Program Files\Oracle\VirtualBox\vboxrt.dll' [rcNtRedir=0xc0150008]
2638.b68: supR3HardenedWinVerifyCacheProcessImportTodos: Processing 'msvcp140.dll'...
2638.b68: supR3HardenedWinVerifyCacheProcessImportTodos: 'msvcp140.dll' -> '\Device\HarddiskVolume4\Windows\System32\msvcp140.dll' [rcNtRedir=0xc0150008]
2638.b68: supR3HardenedWinVerifyCacheProcessImportTodos: Processing 'vcruntime140_1.dll'...
2638.b68: supR3HardenedWinVerifyCacheProcessImportTodos: 'vcruntime140_1.dll' -> '\Device\HarddiskVolume4\Windows\System32\vcruntime140_1.dll' [rcNtRedir=0xc0150008]
2638.b68: supR3HardenedWinVerifyCacheProcessImportTodos: Processing 'vcruntime140.dll'...
2638.b68: supR3HardenedWinVerifyCacheProcessImportTodos: 'vcruntime140.dll' -> '\Device\HarddiskVolume4\Windows\System32\vcruntime140.dll' [rcNtRedir=0xc0150008]
2638.b68: supR3HardenedMonitor_LdrLoadDll: pName=C:\Program Files\Oracle\VirtualBox\VBoxDragAndDropSvc.DLL (rcNtResolve=0xc0150008) *pfFlags=0x0 pwszSearchPath=0000000000000001:<flags> [calling]
2638.b68: supR3HardenedScreenImage/NtCreateSection: cache hit (VINF_SUCCESS) on \Device\HarddiskVolume4\Program Files\Oracle\VirtualBox\VBoxDragAndDropSvc.dll
2638.b68: supR3HardenedDllNotificationCallback: load   00007ffdb64e0000 LB 0x0000d000 C:\Program Files\Oracle\VirtualBox\VBoxDragAndDropSvc.DLL [fFlags=0x0]
2638.b68: supR3HardenedScreenImage/LdrLoadDll: cache hit (VINF_SUCCESS) on \Device\HarddiskVolume4\Program Files\Oracle\VirtualBox\VBoxDragAndDropSvc.dll
2638.b68: supR3HardenedMonitor_LdrLoadDll: returns rcNt=0x0 hMod=00007ffdb64e0000 'C:\Program Files\Oracle\VirtualBox\VBoxDragAndDropSvc.DLL'
2638.435c: supR3HardenedScreenImage/LdrLoadDll: cache hit (VINF_SUCCESS) on \Device\HarddiskVolume4\Windows\System32\shell32.dll
2638.435c: supR3HardenedMonitor_LdrLoadDll: pName=C:\WINDOWS\system32\Shell32.dll (rcNtResolve=0xc0150008) *pfFlags=0x0 pwszSearchPath=0000000000000001:<flags> [calling]
2638.435c: supR3HardenedMonitor_LdrLoadDll: returns rcNt=0x0 hMod=00007ffdd3ed0000 'C:\WINDOWS\system32\Shell32.dll'
2638.435c: supR3HardNtViCallWinVerifyTrustCatFile: hFile=0000000000000d98 pwszName=\Device\HarddiskVolume4\Windows\System32\WinHvPlatform.dll
2638.435c: supR3HardNtViCallWinVerifyTrustCatFile: Cached context 00000212d3930690
2638.435c: supR3HardNtViCallWinVerifyTrustCatFile: hCatAdmin=00000212d3930690
2638.435c: supR3HardNtViCallWinVerifyTrustCatFile: cbHash=20 wszDigest=E45B2B8FE365D676C3F5DAD3E1FEFF9F61B6C18F
2638.435c: supR3HardenedMonitor_LdrLoadDll: returns rcNt=0x0 hMod=00007ffdd12a0000 'C:\WINDOWS\system32\rsaenh.dll'
2638.435c: supR3HardenedMonitor_LdrLoadDll: returns rcNt=0x0 hMod=00007ffdd2380000 'C:\WINDOWS\System32\crypt32.dll'
2638.435c: supR3HardNtViCallWinVerifyTrustCatFile: WinVerifyTrust => 0x0; cat='C:\WINDOWS\system32\CatRoot\{F750E6C3-38EE-11D1-85E5-00C04FC295EE}\Microsoft-Windows-Client-Features-Package02~31bf3856ad364e35~amd64~~10.0.22621.2129.cat'; file='\Device\HarddiskVolume4\Windows\System32\WinHvPlatform.dll'
2638.435c: supR3HardNtViCallWinVerifyTrustCatFile -> 0 (org 22900)
2638.435c: supR3HardenedWinVerifyCacheScheduleImports: Import todo: #5 'vid.dll'.
2638.435c: supR3HardenedWinVerifyCacheScheduleImports: Import todo: #29 'devobj.dll'.
2638.435c: supHardenedWinVerifyImageByHandle: -> 0 (\Device\HarddiskVolume4\Windows\System32\WinHvPlatform.dll) WinVerifyTrust
2638.435c: supR3HardenedWinVerifyCacheInsert: \Device\HarddiskVolume4\Windows\System32\WinHvPlatform.dll
2638.435c: supR3HardenedWinVerifyCacheProcessImportTodos: Processing 'devobj.dll'...
2638.435c: supR3HardenedWinVerifyCacheProcessImportTodos: 'devobj.dll' -> '\Device\HarddiskVolume4\Windows\System32\devobj.dll' [rcNtRedir=0xc0150008]
2638.435c: supR3HardenedMonitor_LdrLoadDll: returns rcNt=0x0 hMod=00007ffdd12a0000 'C:\WINDOWS\system32\rsaenh.dll'
2638.435c: supR3HardenedMonitor_LdrLoadDll: returns rcNt=0x0 hMod=00007ffdd2380000 'C:\WINDOWS\System32\crypt32.dll'
2638.435c: supR3HardenedWinVerifyCacheScheduleImports: Import todo: #19 'cfgmgr32.dll'.
2638.435c: supHardenedWinVerifyImageByHandle: -> 0 (\Device\HarddiskVolume4\Windows\System32\devobj.dll) WinVerifyTrust
2638.435c: supR3HardenedWinVerifyCacheInsert: \Device\HarddiskVolume4\Windows\System32\devobj.dll
2638.435c: supR3HardenedWinVerifyCacheProcessImportTodos: Processing 'vid.dll'...
2638.435c: supR3HardenedWinVerifyCacheProcessImportTodos: 'vid.dll' -> '\Device\HarddiskVolume4\Windows\System32\vid.dll' [rcNtRedir=0xc0150008]
2638.435c: supR3HardenedWinVerifyCacheProcessImportTodos: Processing 'cfgmgr32.dll'...
2638.435c: supR3HardenedWinVerifyCacheProcessImportTodos: 'cfgmgr32.dll' -> '\Device\HarddiskVolume4\Windows\System32\cfgmgr32.dll' [rcNtRedir=0xc0150008]
2638.435c: Detected WinVerifyTrust recursion: rc=VINF_SUCCESS '\Device\HarddiskVolume4\Windows\System32\cfgmgr32.dll'.
2638.435c: supHardenedWinVerifyImageByHandle: -> 0 (\Device\HarddiskVolume4\Windows\System32\cfgmgr32.dll)
2638.435c: supR3HardenedWinVerifyCacheInsert: \Device\HarddiskVolume4\Windows\System32\cfgmgr32.dll
2638.435c: supR3HardenedMonitor_LdrLoadDll: returns rcNt=0x0 hMod=00007ffdd12a0000 'C:\WINDOWS\system32\rsaenh.dll'
2638.435c: supR3HardenedMonitor_LdrLoadDll: returns rcNt=0x0 hMod=00007ffdd2380000 'C:\WINDOWS\System32\crypt32.dll'
2638.435c: supHardenedWinVerifyImageByHandle: -> 0 (\Device\HarddiskVolume4\Windows\System32\vid.dll) WinVerifyTrust
2638.435c: supR3HardenedWinVerifyCacheInsert: \Device\HarddiskVolume4\Windows\System32\vid.dll
2638.435c: supR3HardenedMonitor_LdrLoadDll: pName=C:\WINDOWS\system32\WinHvPlatform.dll (rcNtResolve=0xc0150008) *pfFlags=0x0 pwszSearchPath=0000000000000001:<flags> [calling]
2638.435c: supR3HardenedScreenImage/NtCreateSection: cache hit (VINF_SUCCESS) on \Device\HarddiskVolume4\Windows\System32\WinHvPlatform.dll
2638.435c: supR3HardenedScreenImage/NtCreateSection: cache hit (VINF_SUCCESS) on \Device\HarddiskVolume4\Windows\System32\vid.dll
2638.435c: supR3HardenedScreenImage/NtCreateSection: cache hit (VINF_SUCCESS) on \Device\HarddiskVolume4\Windows\System32\devobj.dll
2638.435c: supR3HardenedScreenImage/NtCreateSection: cache hit (VINF_SUCCESS) on \Device\HarddiskVolume4\Windows\System32\cfgmgr32.dll [avoiding WinVerifyTrust]
2638.435c: supR3HardenedDllNotificationCallback: load   00007ffdadaa0000 LB 0x0003e000 C:\WINDOWS\SYSTEM32\vid.dll [fFlags=0x0]
2638.435c: supR3HardenedScreenImage/LdrLoadDll: cache hit (VINF_SUCCESS) on \Device\HarddiskVolume4\Windows\System32\vid.dll
2638.435c: supR3HardenedDllNotificationCallback: load   00007ffdd2040000 LB 0x0004e000 C:\WINDOWS\SYSTEM32\cfgmgr32.dll [fFlags=0x0]
2638.435c: supR3HardenedScreenImage/LdrLoadDll: cache hit (VINF_SUCCESS) on \Device\HarddiskVolume4\Windows\System32\cfgmgr32.dll [avoiding WinVerifyTrust]
2638.435c: supR3HardenedDllNotificationCallback: load   00007ffdd2010000 LB 0x0002c000 C:\WINDOWS\SYSTEM32\DEVOBJ.dll [fFlags=0x0]
2638.435c: supR3HardenedScreenImage/LdrLoadDll: cache hit (VINF_SUCCESS) on \Device\HarddiskVolume4\Windows\System32\devobj.dll
2638.435c: supR3HardenedDllNotificationCallback: load   00007ffdadae0000 LB 0x00047000 C:\WINDOWS\system32\WinHvPlatform.dll [fFlags=0x0]
2638.435c: supR3HardenedScreenImage/LdrLoadDll: cache hit (VINF_SUCCESS) on \Device\HarddiskVolume4\Windows\System32\WinHvPlatform.dll
2638.435c: supR3HardenedMonitor_LdrLoadDll: returns rcNt=0x0 hMod=00007ffdadae0000 'C:\WINDOWS\system32\WinHvPlatform.dll'
2638.435c: supR3HardenedMonitor_LdrLoadDll: returns rcNt=0x0 hMod=00007ffdd12a0000 'C:\WINDOWS\system32\rsaenh.dll'
2638.435c: supR3HardenedMonitor_LdrLoadDll: returns rcNt=0x0 hMod=00007ffdd2380000 'C:\WINDOWS\System32\crypt32.dll'
2638.435c: supR3HardenedWinVerifyCacheProcessWvtTodos: 0 (was 0) fWinVerifyTrust=1 for '\Device\HarddiskVolume4\Windows\System32\cfgmgr32.dll'
2638.435c: supR3HardenedScreenImage/LdrLoadDll: cache hit (VINF_SUCCESS) on \Device\HarddiskVolume4\Windows\System32\vid.dll
2638.435c: supR3HardenedMonitor_LdrLoadDll: pName=C:\WINDOWS\system32\vid.dll (rcNtResolve=0xc0150008) *pfFlags=0x0 pwszSearchPath=0000000000000001:<flags> [calling]
2638.435c: supR3HardenedMonitor_LdrLoadDll: returns rcNt=0x0 hMod=00007ffdadaa0000 'C:\WINDOWS\system32\vid.dll'
2638.435c: supR3HardenedMonitor_LdrLoadDll: returns rcNt=0x0 hMod=00007ffdd12a0000 'C:\WINDOWS\system32\rsaenh.dll'
2638.435c: supR3HardenedMonitor_LdrLoadDll: returns rcNt=0x0 hMod=00007ffdd2380000 'C:\WINDOWS\System32\crypt32.dll'
2638.435c: '\Device\HarddiskVolume4\Windows\System32\ntdll.dll' has no imports
2638.435c: supHardenedWinVerifyImageByHandle: -> 0 (\Device\HarddiskVolume4\Windows\System32\ntdll.dll) WinVerifyTrust
2638.435c: supR3HardenedWinVerifyCacheInsert: \Device\HarddiskVolume4\Windows\System32\ntdll.dll
2638.435c: supR3HardenedMonitor_LdrLoadDll: pName=C:\WINDOWS\system32\NTDLL.DLL (rcNtResolve=0xc0150008) *pfFlags=0x0 pwszSearchPath=0000000000000001:<flags> [calling]
2638.435c: supR3HardenedMonitor_LdrLoadDll: returns rcNt=0x0 hMod=00007ffdd4fb0000 'C:\WINDOWS\system32\NTDLL.DLL'
2638.435c: supR3HardenedMonitor_LdrLoadDll: returns rcNt=0x0 hMod=00007ffdd12a0000 'C:\WINDOWS\system32\rsaenh.dll'
2638.435c: supR3HardenedMonitor_LdrLoadDll: returns rcNt=0x0 hMod=00007ffdd2380000 'C:\WINDOWS\System32\crypt32.dll'
2638.435c: \Device\HarddiskVolume4\Program Files\Oracle\VirtualBox\VBoxDD.dll: Signature #1/2: info status: 24202
2638.435c: supR3HardenedMonitor_LdrLoadDll: returns rcNt=0x0 hMod=00007ffdd12a0000 'C:\WINDOWS\system32\rsaenh.dll'
2638.435c: supR3HardenedMonitor_LdrLoadDll: returns rcNt=0x0 hMod=00007ffdd2380000 'C:\WINDOWS\System32\crypt32.dll'
2638.435c: supR3HardenedWinVerifyCacheScheduleImports: Import todo: #0 'vcruntime140.dll'.
2638.435c: supR3HardenedWinVerifyCacheScheduleImports: Import todo: #1 'vcruntime140_1.dll'.
2638.435c: supR3HardenedWinVerifyCacheScheduleImports: Import todo: #2 'vboxrt.dll'.
2638.435c: supR3HardenedWinVerifyCacheScheduleImports: Import todo: #3 'vboxddu.dll'.
2638.435c: supR3HardenedWinVerifyCacheScheduleImports: Import todo: #4 'vboxdd2.dll'.
2638.435c: supR3HardenedWinVerifyCacheScheduleImports: Import todo: #6 'user32.dll'.
2638.435c: supR3HardenedWinVerifyCacheScheduleImports: Import todo: #7 'setupapi.dll'.
2638.435c: supR3HardenedWinVerifyCacheScheduleImports: Import todo: #8 'ws2_32.dll'.
2638.435c: supR3HardenedWinVerifyCacheScheduleImports: Import todo: #9 'ole32.dll'.
2638.435c: supR3HardenedWinVerifyCacheScheduleImports: Import todo: #10 'iphlpapi.dll'.
2638.435c: supHardenedWinVerifyImageByHandle: -> 0 (\Device\HarddiskVolume4\Program Files\Oracle\VirtualBox\VBoxDD.dll) WinVerifyTrust
2638.435c: supR3HardenedWinVerifyCacheInsert: \Device\HarddiskVolume4\Program Files\Oracle\VirtualBox\VBoxDD.dll
2638.435c: supR3HardenedWinVerifyCacheProcessImportTodos: Processing 'iphlpapi.dll'...
2638.435c: supR3HardenedWinVerifyCacheProcessImportTodos: 'iphlpapi.dll' -> '\Device\HarddiskVolume4\Windows\System32\iphlpapi.dll' [rcNtRedir=0xc0150008]
2638.435c: supR3HardenedMonitor_LdrLoadDll: returns rcNt=0x0 hMod=00007ffdd12a0000 'C:\WINDOWS\system32\rsaenh.dll'
2638.435c: supR3HardenedMonitor_LdrLoadDll: returns rcNt=0x0 hMod=00007ffdd2380000 'C:\WINDOWS\System32\crypt32.dll'
2638.435c: supHardenedWinVerifyImageByHandle: -> 0 (\Device\HarddiskVolume4\Windows\System32\IPHLPAPI.DLL) WinVerifyTrust
2638.435c: supR3HardenedWinVerifyCacheInsert: \Device\HarddiskVolume4\Windows\System32\IPHLPAPI.DLL
2638.435c: supR3HardenedWinVerifyCacheProcessImportTodos: Processing 'ole32.dll'...
2638.435c: supR3HardenedWinVerifyCacheProcessImportTodos: 'ole32.dll' -> '\Device\HarddiskVolume4\Windows\System32\ole32.dll' [rcNtRedir=0xc0150008]
2638.435c: supR3HardenedWinVerifyCacheProcessImportTodos: Processing 'ws2_32.dll'...
2638.435c: supR3HardenedWinVerifyCacheProcessImportTodos: 'ws2_32.dll' -> '\Device\HarddiskVolume4\Windows\System32\ws2_32.dll' [rcNtRedir=0xc0150008]
2638.435c: supR3HardenedScreenImage/Imports: cache hit (VINF_SUCCESS) on \Device\HarddiskVolume4\Windows\System32\ws2_32.dll
2638.435c: supR3HardenedWinVerifyCacheProcessImportTodos: Processing 'setupapi.dll'...
2638.435c: supR3HardenedWinVerifyCacheProcessImportTodos: 'setupapi.dll' -> '\Device\HarddiskVolume4\Windows\System32\setupapi.dll' [rcNtRedir=0xc0150008]
2638.435c: supR3HardenedScreenImage/Imports: cache hit (VINF_SUCCESS) on \Device\HarddiskVolume4\Windows\System32\setupapi.dll
2638.435c: supR3HardenedWinVerifyCacheProcessImportTodos: Processing 'user32.dll'...
2638.435c: supR3HardenedWinVerifyCacheProcessImportTodos: 'user32.dll' -> '\Device\HarddiskVolume4\Windows\System32\user32.dll' [rcNtRedir=0xc0150008]
2638.435c: supR3HardenedWinVerifyCacheProcessImportTodos: Processing 'vboxdd2.dll'...
2638.435c: supR3HardenedWinVerifyCacheProcessImportTodos: 'vboxdd2.dll' -> '\Device\HarddiskVolume4\Program Files\Oracle\VirtualBox\vboxdd2.dll' [rcNtRedir=0xc0150008]
2638.435c: \Device\HarddiskVolume4\Program Files\Oracle\VirtualBox\VBoxDD2.dll: Signature #1/2: info status: 24202
2638.435c: supR3HardenedMonitor_LdrLoadDll: returns rcNt=0x0 hMod=00007ffdd12a0000 'C:\WINDOWS\system32\rsaenh.dll'
2638.435c: supR3HardenedMonitor_LdrLoadDll: returns rcNt=0x0 hMod=00007ffdd2380000 'C:\WINDOWS\System32\crypt32.dll'
2638.435c: supR3HardenedWinVerifyCacheScheduleImports: Import todo: #0 'vboxrt.dll'.
2638.435c: supR3HardenedWinVerifyCacheScheduleImports: Import todo: #3 'vcruntime140.dll'.
2638.435c: supHardenedWinVerifyImageByHandle: -> 0 (\Device\HarddiskVolume4\Program Files\Oracle\VirtualBox\VBoxDD2.dll) WinVerifyTrust
2638.435c: supR3HardenedWinVerifyCacheInsert: \Device\HarddiskVolume4\Program Files\Oracle\VirtualBox\VBoxDD2.dll
2638.435c: supR3HardenedWinVerifyCacheProcessImportTodos: Processing 'vboxddu.dll'...
2638.435c: supR3HardenedWinVerifyCacheProcessImportTodos: 'vboxddu.dll' -> '\Device\HarddiskVolume4\Program Files\Oracle\VirtualBox\vboxddu.dll' [rcNtRedir=0xc0150008]
2638.435c: \Device\HarddiskVolume4\Program Files\Oracle\VirtualBox\VBoxDDU.dll: Signature #1/2: info status: 24202
2638.435c: supR3HardenedWinVerifyCacheProcessImportTodos: Processing 'vcruntime140.dll'...
2638.435c: supR3HardenedWinVerifyCacheProcessImportTodos: 'vcruntime140.dll' -> '\Device\HarddiskVolume4\Windows\System32\vcruntime140.dll' [rcNtRedir=0xc0150008]
2638.435c: supR3HardenedWinVerifyCacheProcessImportTodos: Processing 'vboxrt.dll'...
2638.435c: supR3HardenedWinVerifyCacheProcessImportTodos: 'vboxrt.dll' -> '\Device\HarddiskVolume4\Program Files\Oracle\VirtualBox\vboxrt.dll' [rcNtRedir=0xc0150008]
2638.435c: supR3HardenedMonitor_LdrLoadDll: returns rcNt=0x0 hMod=00007ffdd12a0000 'C:\WINDOWS\system32\rsaenh.dll'
2638.435c: supR3HardenedMonitor_LdrLoadDll: returns rcNt=0x0 hMod=00007ffdd2380000 'C:\WINDOWS\System32\crypt32.dll'
2638.435c: supR3HardenedWinVerifyCacheScheduleImports: Import todo: #0 'vcruntime140.dll'.
2638.435c: supR3HardenedWinVerifyCacheScheduleImports: Import todo: #1 'vboxrt.dll'.
2638.435c: supR3HardenedWinVerifyCacheScheduleImports: Import todo: #3 'user32.dll'.
2638.435c: supR3HardenedWinVerifyCacheScheduleImports: Import todo: #4 'setupapi.dll'.
2638.435c: supR3HardenedWinVerifyCacheScheduleImports: Import todo: #7 'advapi32.dll'.
2638.435c: supHardenedWinVerifyImageByHandle: -> 0 (\Device\HarddiskVolume4\Program Files\Oracle\VirtualBox\VBoxDDU.dll) WinVerifyTrust
2638.435c: supR3HardenedWinVerifyCacheInsert: \Device\HarddiskVolume4\Program Files\Oracle\VirtualBox\VBoxDDU.dll
2638.435c: supR3HardenedWinVerifyCacheProcessImportTodos: Processing 'vboxrt.dll'...
2638.435c: supR3HardenedWinVerifyCacheProcessImportTodos: 'vboxrt.dll' -> '\Device\HarddiskVolume4\Program Files\Oracle\VirtualBox\vboxrt.dll' [rcNtRedir=0xc0150008]
2638.435c: supR3HardenedWinVerifyCacheProcessImportTodos: Processing 'vcruntime140_1.dll'...
2638.435c: supR3HardenedWinVerifyCacheProcessImportTodos: 'vcruntime140_1.dll' -> '\Device\HarddiskVolume4\Windows\System32\vcruntime140_1.dll' [rcNtRedir=0xc0150008]
2638.435c: supR3HardenedWinVerifyCacheProcessImportTodos: Processing 'vcruntime140.dll'...
2638.435c: supR3HardenedWinVerifyCacheProcessImportTodos: 'vcruntime140.dll' -> '\Device\HarddiskVolume4\Windows\System32\vcruntime140.dll' [rcNtRedir=0xc0150008]
2638.435c: supR3HardenedWinVerifyCacheProcessImportTodos: Processing 'advapi32.dll'...
2638.435c: supR3HardenedWinVerifyCacheProcessImportTodos: 'advapi32.dll' -> '\Device\HarddiskVolume4\Windows\System32\advapi32.dll' [rcNtRedir=0xc0150008]
2638.435c: supR3HardenedWinVerifyCacheProcessImportTodos: Processing 'setupapi.dll'...
2638.435c: supR3HardenedWinVerifyCacheProcessImportTodos: 'setupapi.dll' -> '\Device\HarddiskVolume4\Windows\System32\setupapi.dll' [rcNtRedir=0xc0150008]
2638.435c: supR3HardenedScreenImage/Imports: cache hit (VINF_SUCCESS) on \Device\HarddiskVolume4\Windows\System32\setupapi.dll
2638.435c: supR3HardenedWinVerifyCacheProcessImportTodos: Processing 'user32.dll'...
2638.435c: supR3HardenedWinVerifyCacheProcessImportTodos: 'user32.dll' -> '\Device\HarddiskVolume4\Windows\System32\user32.dll' [rcNtRedir=0xc0150008]
2638.435c: supR3HardenedWinVerifyCacheProcessImportTodos: Processing 'vboxrt.dll'...
2638.435c: supR3HardenedWinVerifyCacheProcessImportTodos: 'vboxrt.dll' -> '\Device\HarddiskVolume4\Program Files\Oracle\VirtualBox\vboxrt.dll' [rcNtRedir=0xc0150008]
2638.435c: supR3HardenedWinVerifyCacheProcessImportTodos: Processing 'vcruntime140.dll'...
2638.435c: supR3HardenedWinVerifyCacheProcessImportTodos: 'vcruntime140.dll' -> '\Device\HarddiskVolume4\Windows\System32\vcruntime140.dll' [rcNtRedir=0xc0150008]
2638.435c: supR3HardenedMonitor_LdrLoadDll: pName=C:\Program Files\Oracle\VirtualBox\VBoxDD.DLL (rcNtResolve=0xc0150008) *pfFlags=0x0 pwszSearchPath=0000000000000001:<flags> [calling]
2638.435c: supR3HardenedScreenImage/NtCreateSection: cache hit (VINF_SUCCESS) on \Device\HarddiskVolume4\Program Files\Oracle\VirtualBox\VBoxDD.dll
2638.435c: supR3HardenedScreenImage/NtCreateSection: cache hit (VINF_SUCCESS) on \Device\HarddiskVolume4\Program Files\Oracle\VirtualBox\VBoxDDU.dll
2638.435c: supR3HardenedScreenImage/NtCreateSection: cache hit (VINF_SUCCESS) on \Device\HarddiskVolume4\Program Files\Oracle\VirtualBox\VBoxDD2.dll
2638.435c: supR3HardenedScreenImage/NtCreateSection: cache hit (VINF_SUCCESS) on \Device\HarddiskVolume4\Windows\System32\IPHLPAPI.DLL
2638.435c: supR3HardenedDllNotificationCallback: load   00007ffdd47a0000 LB 0x00474000 C:\WINDOWS\System32\SETUPAPI.dll [fFlags=0x0]
2638.435c: supR3HardenedScreenImage/LdrLoadDll: cache hit (VINF_SUCCESS) on \Device\HarddiskVolume4\Windows\System32\setupapi.dll
2638.435c: supR3HardenedDllNotificationCallback: load   00007ffdab640000 LB 0x00071000 C:\Program Files\Oracle\VirtualBox\VBoxDDU.dll [fFlags=0x0]
2638.435c: supR3HardenedScreenImage/LdrLoadDll: cache hit (VINF_SUCCESS) on \Device\HarddiskVolume4\Program Files\Oracle\VirtualBox\VBoxDDU.dll
2638.435c: supR3HardenedDllNotificationCallback: load   00007ffd30dd0000 LB 0x0085d000 C:\Program Files\Oracle\VirtualBox\VBoxDD2.dll [fFlags=0x0]
2638.435c: supR3HardenedScreenImage/LdrLoadDll: cache hit (VINF_SUCCESS) on \Device\HarddiskVolume4\Program Files\Oracle\VirtualBox\VBoxDD2.dll
2638.435c: supR3HardenedDllNotificationCallback: load   00007ffdd0db0000 LB 0x0002d000 C:\WINDOWS\SYSTEM32\IPHLPAPI.DLL [fFlags=0x0]
2638.435c: supR3HardenedScreenImage/LdrLoadDll: cache hit (VINF_SUCCESS) on \Device\HarddiskVolume4\Windows\System32\IPHLPAPI.DLL
2638.435c: supR3HardenedDllNotificationCallback: load   00007ffd31630000 LB 0x00b9a000 C:\Program Files\Oracle\VirtualBox\VBoxDD.DLL [fFlags=0x0]
2638.435c: supR3HardenedScreenImage/LdrLoadDll: cache hit (VINF_SUCCESS) on \Device\HarddiskVolume4\Program Files\Oracle\VirtualBox\VBoxDD.dll
2638.435c: supR3HardenedMonitor_LdrLoadDll: returns rcNt=0x0 hMod=00007ffd31630000 'C:\Program Files\Oracle\VirtualBox\VBoxDD.DLL'
2638.435c: supR3HardenedMonitor_LdrLoadDll: returns rcNt=0x0 hMod=00007ffdd12a0000 'C:\WINDOWS\system32\rsaenh.dll'
2638.435c: supR3HardenedMonitor_LdrLoadDll: returns rcNt=0x0 hMod=00007ffdd2380000 'C:\WINDOWS\System32\crypt32.dll'
2638.435c: supR3HardenedScreenImage/LdrLoadDll: cache hit (VINF_SUCCESS) on \Device\HarddiskVolume4\Program Files\Oracle\VirtualBox\VBoxC.dll
2638.435c: supR3HardenedMonitor_LdrLoadDll: pName=C:\Program Files\Oracle\VirtualBox\VBoxC.DLL (rcNtResolve=0xc0150008) *pfFlags=0x0 pwszSearchPath=0000000000000001:<flags> [calling]
2638.435c: supR3HardenedMonitor_LdrLoadDll: returns rcNt=0x0 hMod=00007ffd326b0000 'C:\Program Files\Oracle\VirtualBox\VBoxC.DLL'
2638.435c: supR3HardenedMonitor_LdrLoadDll: returns rcNt=0x0 hMod=00007ffdd12a0000 'C:\WINDOWS\system32\rsaenh.dll'
2638.435c: supR3HardenedScreenImage/LdrLoadDll: cache hit (VINF_SUCCESS) on \Device\HarddiskVolume4\Windows\System32\crypt32.dll
2638.435c: supR3HardenedMonitor_LdrLoadDll: pName=C:\WINDOWS\System32\crypt32.dll (Input=crypt32.dll, rcNtResolve=0xc0150008) *pfFlags=0x0 pwszSearchPath=0000000000000001:<flags> [calling]
2638.435c: supR3HardenedMonitor_LdrLoadDll: returns rcNt=0x0 hMod=00007ffdd2380000 'C:\WINDOWS\System32\crypt32.dll'
2638.435c: supR3HardenedScreenImage/LdrLoadDll: cache hit (VINF_SUCCESS) on \Device\HarddiskVolume4\Program Files\Oracle\VirtualBox\VBoxDD2.dll
2638.435c: supR3HardenedMonitor_LdrLoadDll: pName=C:\Program Files\Oracle\VirtualBox\VBoxDD2.DLL (rcNtResolve=0xc0150008) *pfFlags=0x0 pwszSearchPath=0000000000000001:<flags> [calling]
2638.435c: supR3HardenedMonitor_LdrLoadDll: returns rcNt=0x0 hMod=00007ffd30dd0000 'C:\Program Files\Oracle\VirtualBox\VBoxDD2.DLL'
2638.3648: \Device\HarddiskVolume4\Program Files\Oracle\VirtualBox\VBoxSharedFolders.dll: Signature #1/2: info status: 24202
2638.3648: supR3HardenedMonitor_LdrLoadDll: returns rcNt=0x0 hMod=00007ffdd12a0000 'C:\WINDOWS\system32\rsaenh.dll'
2638.3648: supR3HardenedMonitor_LdrLoadDll: returns rcNt=0x0 hMod=00007ffdd2380000 'C:\WINDOWS\System32\crypt32.dll'
2638.3648: supR3HardenedWinVerifyCacheScheduleImports: Import todo: #0 'vcruntime140.dll'.
2638.3648: supR3HardenedWinVerifyCacheScheduleImports: Import todo: #1 'vboxrt.dll'.
2638.3648: supHardenedWinVerifyImageByHandle: -> 0 (\Device\HarddiskVolume4\Program Files\Oracle\VirtualBox\VBoxSharedFolders.dll) WinVerifyTrust
2638.3648: supR3HardenedWinVerifyCacheInsert: \Device\HarddiskVolume4\Program Files\Oracle\VirtualBox\VBoxSharedFolders.dll
2638.3648: supR3HardenedWinVerifyCacheProcessImportTodos: Processing 'vboxrt.dll'...
2638.3648: supR3HardenedWinVerifyCacheProcessImportTodos: 'vboxrt.dll' -> '\Device\HarddiskVolume4\Program Files\Oracle\VirtualBox\vboxrt.dll' [rcNtRedir=0xc0150008]
2638.3648: supR3HardenedWinVerifyCacheProcessImportTodos: Processing 'vcruntime140.dll'...
2638.3648: supR3HardenedWinVerifyCacheProcessImportTodos: 'vcruntime140.dll' -> '\Device\HarddiskVolume4\Windows\System32\vcruntime140.dll' [rcNtRedir=0xc0150008]
2638.3648: supR3HardenedMonitor_LdrLoadDll: pName=C:\Program Files\Oracle\VirtualBox\VBoxSharedFolders.DLL (rcNtResolve=0xc0150008) *pfFlags=0x0 pwszSearchPath=0000000000000001:<flags> [calling]
2638.3648: supR3HardenedScreenImage/NtCreateSection: cache hit (VINF_SUCCESS) on \Device\HarddiskVolume4\Program Files\Oracle\VirtualBox\VBoxSharedFolders.dll
2638.3648: supR3HardenedDllNotificationCallback: load   00007ffdb4cc0000 LB 0x00014000 C:\Program Files\Oracle\VirtualBox\VBoxSharedFolders.DLL [fFlags=0x0]
2638.3648: supR3HardenedScreenImage/LdrLoadDll: cache hit (VINF_SUCCESS) on \Device\HarddiskVolume4\Program Files\Oracle\VirtualBox\VBoxSharedFolders.dll
2638.3648: supR3HardenedMonitor_LdrLoadDll: returns rcNt=0x0 hMod=00007ffdb4cc0000 'C:\Program Files\Oracle\VirtualBox\VBoxSharedFolders.DLL'
2638.1a8c: \Device\HarddiskVolume4\Program Files\Oracle\VirtualBox\VBoxGuestControlSvc.dll: Signature #1/2: info status: 24202
2638.1a8c: supR3HardenedMonitor_LdrLoadDll: returns rcNt=0x0 hMod=00007ffdd12a0000 'C:\WINDOWS\system32\rsaenh.dll'
2638.1a8c: supR3HardenedMonitor_LdrLoadDll: returns rcNt=0x0 hMod=00007ffdd2380000 'C:\WINDOWS\System32\crypt32.dll'
2638.1a8c: supR3HardenedWinVerifyCacheScheduleImports: Import todo: #0 'vcruntime140.dll'.
2638.1a8c: supR3HardenedWinVerifyCacheScheduleImports: Import todo: #1 'vcruntime140_1.dll'.
2638.1a8c: supR3HardenedWinVerifyCacheScheduleImports: Import todo: #2 'msvcp140.dll'.
2638.1a8c: supR3HardenedWinVerifyCacheScheduleImports: Import todo: #3 'vboxrt.dll'.
2638.1a8c: supHardenedWinVerifyImageByHandle: -> 0 (\Device\HarddiskVolume4\Program Files\Oracle\VirtualBox\VBoxGuestControlSvc.dll) WinVerifyTrust
2638.1a8c: supR3HardenedWinVerifyCacheInsert: \Device\HarddiskVolume4\Program Files\Oracle\VirtualBox\VBoxGuestControlSvc.dll
2638.1a8c: supR3HardenedWinVerifyCacheProcessImportTodos: Processing 'vboxrt.dll'...
2638.1a8c: supR3HardenedWinVerifyCacheProcessImportTodos: 'vboxrt.dll' -> '\Device\HarddiskVolume4\Program Files\Oracle\VirtualBox\vboxrt.dll' [rcNtRedir=0xc0150008]
2638.1a8c: supR3HardenedWinVerifyCacheProcessImportTodos: Processing 'msvcp140.dll'...
2638.1a8c: supR3HardenedWinVerifyCacheProcessImportTodos: 'msvcp140.dll' -> '\Device\HarddiskVolume4\Windows\System32\msvcp140.dll' [rcNtRedir=0xc0150008]
2638.1a8c: supR3HardenedWinVerifyCacheProcessImportTodos: Processing 'vcruntime140_1.dll'...
2638.1a8c: supR3HardenedWinVerifyCacheProcessImportTodos: 'vcruntime140_1.dll' -> '\Device\HarddiskVolume4\Windows\System32\vcruntime140_1.dll' [rcNtRedir=0xc0150008]
2638.1a8c: supR3HardenedScreenImage/Imports: cache hit (VINF_SUCCESS) on \Device\HarddiskVolume4\Windows\System32\vcruntime140_1.dll
2638.1a8c: supR3HardenedWinVerifyCacheProcessImportTodos: Processing 'vcruntime140.dll'...
2638.1a8c: supR3HardenedWinVerifyCacheProcessImportTodos: 'vcruntime140.dll' -> '\Device\HarddiskVolume4\Windows\System32\vcruntime140.dll' [rcNtRedir=0xc0150008]
2638.1a8c: supR3HardenedMonitor_LdrLoadDll: pName=C:\Program Files\Oracle\VirtualBox\VBoxGuestControlSvc.DLL (rcNtResolve=0xc0150008) *pfFlags=0x0 pwszSearchPath=0000000000000001:<flags> [calling]
2638.1a8c: supR3HardenedScreenImage/NtCreateSection: cache hit (VINF_SUCCESS) on \Device\HarddiskVolume4\Program Files\Oracle\VirtualBox\VBoxGuestControlSvc.dll
2638.1a8c: supR3HardenedDllNotificationCallback: load   00007ffdb5160000 LB 0x0000c000 C:\Program Files\Oracle\VirtualBox\VBoxGuestControlSvc.DLL [fFlags=0x0]
2638.1a8c: supR3HardenedScreenImage/LdrLoadDll: cache hit (VINF_SUCCESS) on \Device\HarddiskVolume4\Program Files\Oracle\VirtualBox\VBoxGuestControlSvc.dll
2638.1a8c: supR3HardenedMonitor_LdrLoadDll: returns rcNt=0x0 hMod=00007ffdb5160000 'C:\Program Files\Oracle\VirtualBox\VBoxGuestControlSvc.DLL'
2638.340c: \Device\HarddiskVolume4\Program Files\Oracle\VirtualBox\VBoxGuestPropSvc.dll: Signature #1/2: info status: 24202
2638.340c: supR3HardenedMonitor_LdrLoadDll: returns rcNt=0x0 hMod=00007ffdd12a0000 'C:\WINDOWS\system32\rsaenh.dll'
2638.340c: supR3HardenedMonitor_LdrLoadDll: returns rcNt=0x0 hMod=00007ffdd2380000 'C:\WINDOWS\System32\crypt32.dll'
2638.340c: supR3HardenedWinVerifyCacheScheduleImports: Import todo: #0 'vcruntime140.dll'.
2638.340c: supR3HardenedWinVerifyCacheScheduleImports: Import todo: #1 'vcruntime140_1.dll'.
2638.340c: supR3HardenedWinVerifyCacheScheduleImports: Import todo: #2 'msvcp140.dll'.
2638.340c: supR3HardenedWinVerifyCacheScheduleImports: Import todo: #3 'vboxrt.dll'.
2638.340c: supHardenedWinVerifyImageByHandle: -> 0 (\Device\HarddiskVolume4\Program Files\Oracle\VirtualBox\VBoxGuestPropSvc.dll) WinVerifyTrust
2638.340c: supR3HardenedWinVerifyCacheInsert: \Device\HarddiskVolume4\Program Files\Oracle\VirtualBox\VBoxGuestPropSvc.dll
2638.340c: supR3HardenedWinVerifyCacheProcessImportTodos: Processing 'vboxrt.dll'...
2638.340c: supR3HardenedWinVerifyCacheProcessImportTodos: 'vboxrt.dll' -> '\Device\HarddiskVolume4\Program Files\Oracle\VirtualBox\vboxrt.dll' [rcNtRedir=0xc0150008]
2638.340c: supR3HardenedWinVerifyCacheProcessImportTodos: Processing 'msvcp140.dll'...
2638.340c: supR3HardenedWinVerifyCacheProcessImportTodos: 'msvcp140.dll' -> '\Device\HarddiskVolume4\Windows\System32\msvcp140.dll' [rcNtRedir=0xc0150008]
2638.340c: supR3HardenedWinVerifyCacheProcessImportTodos: Processing 'vcruntime140_1.dll'...
2638.340c: supR3HardenedWinVerifyCacheProcessImportTodos: 'vcruntime140_1.dll' -> '\Device\HarddiskVolume4\Windows\System32\vcruntime140_1.dll' [rcNtRedir=0xc0150008]
2638.340c: supR3HardenedWinVerifyCacheProcessImportTodos: Processing 'vcruntime140.dll'...
2638.340c: supR3HardenedWinVerifyCacheProcessImportTodos: 'vcruntime140.dll' -> '\Device\HarddiskVolume4\Windows\System32\vcruntime140.dll' [rcNtRedir=0xc0150008]
2638.340c: supR3HardenedMonitor_LdrLoadDll: pName=C:\Program Files\Oracle\VirtualBox\VBoxGuestPropSvc.DLL (rcNtResolve=0xc0150008) *pfFlags=0x0 pwszSearchPath=0000000000000001:<flags> [calling]
2638.340c: supR3HardenedScreenImage/NtCreateSection: cache hit (VINF_SUCCESS) on \Device\HarddiskVolume4\Program Files\Oracle\VirtualBox\VBoxGuestPropSvc.dll
2638.340c: supR3HardenedDllNotificationCallback: load   00007ffdb4cb0000 LB 0x0000d000 C:\Program Files\Oracle\VirtualBox\VBoxGuestPropSvc.DLL [fFlags=0x0]
2638.340c: supR3HardenedScreenImage/LdrLoadDll: cache hit (VINF_SUCCESS) on \Device\HarddiskVolume4\Program Files\Oracle\VirtualBox\VBoxGuestPropSvc.dll
2638.340c: supR3HardenedMonitor_LdrLoadDll: returns rcNt=0x0 hMod=00007ffdb4cb0000 'C:\Program Files\Oracle\VirtualBox\VBoxGuestPropSvc.DLL'
2638.435c: supR3HardenedScreenImage/LdrLoadDll: cache hit (VINF_SUCCESS) on \Device\HarddiskVolume4\Windows\System32\IPHLPAPI.DLL
2638.435c: supR3HardenedMonitor_LdrLoadDll: pName=C:\WINDOWS\system32\Iphlpapi.dll (rcNtResolve=0xc0150008) *pfFlags=0x0 pwszSearchPath=0000000000000001:<flags> [calling]
2638.435c: supR3HardenedMonitor_LdrLoadDll: returns rcNt=0x0 hMod=00007ffdd0db0000 'C:\WINDOWS\system32\Iphlpapi.dll'
2638.435c: supHardenedWinVerifyImageByHandle: -> 0 (\Device\HarddiskVolume4\Windows\System32\winnsi.dll)
2638.435c: supR3HardenedWinVerifyCacheInsert: \Device\HarddiskVolume4\Windows\System32\winnsi.dll
2638.435c: supR3HardenedDllNotificationCallback: load   00007ffdcf830000 LB 0x0000d000 C:\WINDOWS\SYSTEM32\WINNSI.DLL [fFlags=0x0]
2638.435c: supR3HardenedScreenImage/LdrLoadDll: cache hit (VINF_SUCCESS) on \Device\HarddiskVolume4\Windows\System32\winnsi.dll [avoiding WinVerifyTrust]
2638.435c: supR3HardenedDllNotificationCallback: load   00007ffdd3ca0000 LB 0x00009000 C:\WINDOWS\System32\NSI.dll [fFlags=0x0]
2638.435c: supHardenedWinVerifyImageByHandle: -> 0 (\Device\HarddiskVolume4\Windows\System32\nsi.dll)
2638.435c: supR3HardenedWinVerifyCacheInsert: \Device\HarddiskVolume4\Windows\System32\nsi.dll
2638.435c: supR3HardenedWinVerifyCacheScheduleImports: Import todo: #3 'rpcrt4.dll'.
2638.435c: supHardenedWinVerifyImageByHandle: -> 0 (\Device\HarddiskVolume4\Windows\System32\dhcpcsvc6.dll)
2638.435c: supR3HardenedWinVerifyCacheInsert: \Device\HarddiskVolume4\Windows\System32\dhcpcsvc6.dll
2638.435c: supR3HardenedDllNotificationCallback: load   00007ffdcc140000 LB 0x00019000 C:\WINDOWS\SYSTEM32\dhcpcsvc6.DLL [fFlags=0x0]
2638.435c: supR3HardenedScreenImage/LdrLoadDll: cache hit (VINF_SUCCESS) on \Device\HarddiskVolume4\Windows\System32\dhcpcsvc6.dll [avoiding WinVerifyTrust]
2638.435c: supR3HardenedWinVerifyCacheScheduleImports: Import todo: #3 'rpcrt4.dll'.
2638.435c: supHardenedWinVerifyImageByHandle: -> 0 (\Device\HarddiskVolume4\Windows\System32\dhcpcsvc.dll)
2638.435c: supR3HardenedWinVerifyCacheInsert: \Device\HarddiskVolume4\Windows\System32\dhcpcsvc.dll
2638.435c: supR3HardenedDllNotificationCallback: load   00007ffdcbd50000 LB 0x0001f000 C:\WINDOWS\SYSTEM32\dhcpcsvc.DLL [fFlags=0x0]
2638.435c: supR3HardenedScreenImage/LdrLoadDll: cache hit (VINF_SUCCESS) on \Device\HarddiskVolume4\Windows\System32\dhcpcsvc.dll [avoiding WinVerifyTrust]
2638.435c: supHardenedWinVerifyImageByHandle: -> 0 (\Device\HarddiskVolume4\Windows\System32\dnsapi.dll)
2638.435c: supR3HardenedWinVerifyCacheInsert: \Device\HarddiskVolume4\Windows\System32\dnsapi.dll
2638.435c: supR3HardenedDllNotificationCallback: load   00007ffdd0e70000 LB 0x000f3000 C:\WINDOWS\SYSTEM32\DNSAPI.dll [fFlags=0x0]
2638.435c: supR3HardenedScreenImage/LdrLoadDll: cache hit (VINF_SUCCESS) on \Device\HarddiskVolume4\Windows\System32\dnsapi.dll [avoiding WinVerifyTrust]
2638.435c: supR3HardenedWinVerifyCacheProcessImportTodos: Processing 'rpcrt4.dll'...
2638.435c: supR3HardenedWinVerifyCacheProcessImportTodos: 'rpcrt4.dll' -> '\Device\HarddiskVolume4\Windows\System32\rpcrt4.dll' [rcNtRedir=0xc0150008]
2638.435c: supR3HardenedWinVerifyCacheProcessImportTodos: Processing 'rpcrt4.dll'...
2638.435c: supR3HardenedWinVerifyCacheProcessImportTodos: 'rpcrt4.dll' -> '\Device\HarddiskVolume4\Windows\System32\rpcrt4.dll' [rcNtRedir=0xc0150008]
2638.435c: supR3HardenedMonitor_LdrLoadDll: returns rcNt=0x0 hMod=00007ffdd12a0000 'C:\WINDOWS\system32\rsaenh.dll'
2638.435c: supR3HardenedMonitor_LdrLoadDll: returns rcNt=0x0 hMod=00007ffdd2380000 'C:\WINDOWS\System32\crypt32.dll'
2638.435c: supR3HardenedWinVerifyCacheProcessWvtTodos: 0 (was 0) fWinVerifyTrust=1 for '\Device\HarddiskVolume4\Windows\System32\dnsapi.dll'
2638.435c: supR3HardenedScreenImage/LdrLoadDll: cache hit (VINF_SUCCESS) on \Device\HarddiskVolume4\Windows\System32\rsaenh.dll
2638.435c: supR3HardenedMonitor_LdrLoadDll: pName=C:\WINDOWS\system32\rsaenh.dll (rcNtResolve=0xc0150008) *pfFlags=0x0 pwszSearchPath=0000000000000001:<flags> [calling]
2638.435c: supR3HardenedMonitor_LdrLoadDll: returns rcNt=0x0 hMod=00007ffdd12a0000 'C:\WINDOWS\system32\rsaenh.dll'
2638.435c: supR3HardenedMonitor_LdrLoadDll: returns rcNt=0x0 hMod=00007ffdd2380000 'C:\WINDOWS\System32\crypt32.dll'
2638.435c: supR3HardenedWinVerifyCacheProcessWvtTodos: 0 (was 0) fWinVerifyTrust=1 for '\Device\HarddiskVolume4\Windows\System32\dhcpcsvc.dll'
2638.435c: supR3HardenedMonitor_LdrLoadDll: returns rcNt=0x0 hMod=00007ffdd12a0000 'C:\WINDOWS\system32\rsaenh.dll'
2638.435c: supR3HardenedMonitor_LdrLoadDll: returns rcNt=0x0 hMod=00007ffdd2380000 'C:\WINDOWS\System32\crypt32.dll'
2638.435c: supR3HardenedWinVerifyCacheProcessWvtTodos: 0 (was 0) fWinVerifyTrust=1 for '\Device\HarddiskVolume4\Windows\System32\dhcpcsvc6.dll'
2638.435c: supR3HardenedMonitor_LdrLoadDll: returns rcNt=0x0 hMod=00007ffdd12a0000 'C:\WINDOWS\system32\rsaenh.dll'
2638.435c: supR3HardenedMonitor_LdrLoadDll: returns rcNt=0x0 hMod=00007ffdd2380000 'C:\WINDOWS\System32\crypt32.dll'
2638.435c: supR3HardenedWinVerifyCacheProcessWvtTodos: 0 (was 0) fWinVerifyTrust=1 for '\Device\HarddiskVolume4\Windows\System32\nsi.dll'
2638.435c: supR3HardenedMonitor_LdrLoadDll: returns rcNt=0x0 hMod=00007ffdd12a0000 'C:\WINDOWS\system32\rsaenh.dll'
2638.435c: supR3HardenedMonitor_LdrLoadDll: returns rcNt=0x0 hMod=00007ffdd2380000 'C:\WINDOWS\System32\crypt32.dll'
2638.435c: supR3HardenedWinVerifyCacheProcessWvtTodos: 0 (was 0) fWinVerifyTrust=1 for '\Device\HarddiskVolume4\Windows\System32\winnsi.dll'
2638.435c: supR3HardenedMonitor_LdrLoadDll: returns rcNt=0x0 hMod=00007ffdd12a0000 'C:\WINDOWS\system32\rsaenh.dll'
2638.435c: supR3HardenedMonitor_LdrLoadDll: returns rcNt=0x0 hMod=00007ffdd2380000 'C:\WINDOWS\System32\crypt32.dll'
2638.435c: supR3HardenedWinVerifyCacheScheduleImports: Import todo: #0 'msvcp_win.dll'.
2638.435c: supHardenedWinVerifyImageByHandle: -> 0 (\Device\HarddiskVolume4\Windows\System32\MMDevAPI.dll) WinVerifyTrust
2638.435c: supR3HardenedWinVerifyCacheInsert: \Device\HarddiskVolume4\Windows\System32\MMDevAPI.dll
2638.435c: supR3HardenedWinVerifyCacheProcessImportTodos: Processing 'msvcp_win.dll'...
2638.435c: supR3HardenedWinVerifyCacheProcessImportTodos: 'msvcp_win.dll' -> '\Device\HarddiskVolume4\Windows\System32\msvcp_win.dll' [rcNtRedir=0xc0150008]
2638.435c: supR3HardenedMonitor_LdrLoadDll: pName=C:\WINDOWS\System32\MMDevApi.dll (rcNtResolve=0xc0150008) *pfFlags=0x0 pwszSearchPath=0000000000002009:<flags> [calling]
2638.435c: supR3HardenedScreenImage/NtCreateSection: cache hit (VINF_SUCCESS) on \Device\HarddiskVolume4\Windows\System32\MMDevAPI.dll
2638.435c: supR3HardenedDllNotificationCallback: load   00007ffdc73f0000 LB 0x0009d000 C:\WINDOWS\System32\MMDevApi.dll [fFlags=0x0]
2638.435c: supR3HardenedScreenImage/LdrLoadDll: cache hit (VINF_SUCCESS) on \Device\HarddiskVolume4\Windows\System32\MMDevAPI.dll
2638.435c: supR3HardenedMonitor_LdrLoadDll: returns rcNt=0x0 hMod=00007ffdc73f0000 'C:\WINDOWS\System32\MMDevApi.dll'
2638.435c: supR3HardenedScreenImage/LdrLoadDll: cache hit (VINF_SUCCESS) on \Device\HarddiskVolume4\Windows\System32\MMDevAPI.dll
2638.435c: supR3HardenedMonitor_LdrLoadDll: pName=C:\WINDOWS\System32\MMDEVAPI.DLL (Input=MMDEVAPI.DLL, rcNtResolve=0xc0150008) *pfFlags=0x0 pwszSearchPath=0000000000000001:<flags> [calling]
2638.435c: supR3HardenedMonitor_LdrLoadDll: returns rcNt=0x0 hMod=00007ffdc73f0000 'C:\WINDOWS\System32\MMDEVAPI.DLL'
2638.19f4: supR3HardenedScreenImage/LdrLoadDll: cache hit (VINF_SUCCESS) on \Device\HarddiskVolume4\Windows\System32\msctf.dll
2638.19f4: supR3HardenedMonitor_LdrLoadDll: pName=C:\WINDOWS\System32\MSCTF.dll (rcNtResolve=0xc0150008) *pfFlags=0x0 pwszSearchPath=0000000000000009:<flags> [calling]
2638.19f4: supR3HardenedMonitor_LdrLoadDll: returns rcNt=0x0 hMod=00007ffdd3b50000 'C:\WINDOWS\System32\MSCTF.dll'
2638.9fc: supR3HardenedIsApiSetDll: ApiSetQueryApiSetPresence(api-ms-win-core-sysinfo-l1-2-1) -> 0x0, fPresent=1
2638.9fc: supR3HardenedMonitor_LdrLoadDll: pName=api-ms-win-core-sysinfo-l1-2-1 (rcNtResolve=0x0) *pfFlags=0x0 pwszSearchPath=0000000000000801:<flags> [calling]
2638.9fc: supR3HardenedMonitor_LdrLoadDll: returns rcNt=0x0 hMod=00007ffdd27c0000 'api-ms-win-core-sysinfo-l1-2-1'
2638.2018: supR3HardenedMonitor_LdrLoadDll: returns rcNt=0x0 hMod=00007ffdd12a0000 'C:\WINDOWS\system32\rsaenh.dll'
2638.2018: supR3HardenedScreenImage/LdrLoadDll: cache hit (VINF_SUCCESS) on \Device\HarddiskVolume4\Windows\System32\wintrust.dll
2638.2018: supR3HardenedMonitor_LdrLoadDll: pName=C:\WINDOWS\System32\WINTRUST.DLL (Input=WINTRUST.DLL, rcNtResolve=0xc0150008) *pfFlags=0x0 pwszSearchPath=0000000000000001:<flags> [calling]
2638.2018: supR3HardenedMonitor_LdrLoadDll: returns rcNt=0x0 hMod=00007ffdd2750000 'C:\WINDOWS\System32\WINTRUST.DLL'
2638.2018: supR3HardenedMonitor_LdrLoadDll: returns rcNt=0x0 hMod=00007ffdd2380000 'C:\WINDOWS\System32\CRYPT32.dll'
2638.2018: supR3HardenedMonitor_LdrLoadDll: returns rcNt=0x0 hMod=00007ffdd2380000 'C:\WINDOWS\System32\crypt32.dll'
2638.2018: supR3HardenedWinVerifyCacheScheduleImports: Import todo: #0 'msvcp_win.dll'.
2638.2018: supR3HardenedWinVerifyCacheScheduleImports: Import todo: #5 'rpcrt4.dll'.
2638.2018: supHardenedWinVerifyImageByHandle: -> 0 (\Device\HarddiskVolume4\Windows\System32\AudioSes.dll) WinVerifyTrust
2638.2018: supR3HardenedWinVerifyCacheInsert: \Device\HarddiskVolume4\Windows\System32\AudioSes.dll
2638.2018: supR3HardenedWinVerifyCacheProcessImportTodos: Processing 'rpcrt4.dll'...
2638.2018: supR3HardenedWinVerifyCacheProcessImportTodos: 'rpcrt4.dll' -> '\Device\HarddiskVolume4\Windows\System32\rpcrt4.dll' [rcNtRedir=0xc0150008]
2638.2018: supR3HardenedWinVerifyCacheProcessImportTodos: Processing 'msvcp_win.dll'...
2638.2018: supR3HardenedWinVerifyCacheProcessImportTodos: 'msvcp_win.dll' -> '\Device\HarddiskVolume4\Windows\System32\msvcp_win.dll' [rcNtRedir=0xc0150008]
2638.2018: supR3HardenedMonitor_LdrLoadDll: pName=C:\WINDOWS\System32\AUDIOSES.DLL (Input=AUDIOSES.DLL, rcNtResolve=0xc0150008) *pfFlags=0x0 pwszSearchPath=0000000000000001:<flags> [calling]
2638.2018: supR3HardenedScreenImage/NtCreateSection: cache hit (VINF_SUCCESS) on \Device\HarddiskVolume4\Windows\System32\AudioSes.dll
2638.2018: supR3HardenedDllNotificationCallback: load   00007ffdc4b00000 LB 0x001ec000 C:\WINDOWS\System32\AUDIOSES.DLL [fFlags=0x0]
2638.2018: supR3HardenedScreenImage/LdrLoadDll: cache hit (VINF_SUCCESS) on \Device\HarddiskVolume4\Windows\System32\AudioSes.dll
2638.2018: supR3HardenedMonitor_LdrLoadDll: returns rcNt=0x0 hMod=00007ffdc4b00000 'C:\WINDOWS\System32\AUDIOSES.DLL'
2638.2018: supR3HardenedWinVerifyCacheScheduleImports: Import todo: #0 'msvcrt.dll'.
2638.2018: supR3HardenedWinVerifyCacheScheduleImports: Import todo: #11 'rpcrt4.dll'.
2638.2018: supHardenedWinVerifyImageByHandle: -> 0 (\Device\HarddiskVolume4\Windows\System32\ResourcePolicyClient.dll)
2638.2018: supR3HardenedWinVerifyCacheInsert: \Device\HarddiskVolume4\Windows\System32\ResourcePolicyClient.dll
2638.2018: supR3HardenedDllNotificationCallback: load   00007ffdcfd30000 LB 0x00015000 C:\WINDOWS\SYSTEM32\resourcepolicyclient.dll [fFlags=0x0]
2638.2018: supR3HardenedScreenImage/LdrLoadDll: cache hit (VINF_SUCCESS) on \Device\HarddiskVolume4\Windows\System32\ResourcePolicyClient.dll [avoiding WinVerifyTrust]
2638.19f4: supR3HardenedWinVerifyCacheScheduleImports: Import todo: #17 'msvcp_win.dll'.
2638.19f4: supHardenedWinVerifyImageByHandle: -> 0 (\Device\HarddiskVolume4\Windows\System32\CoreMessaging.dll)
2638.19f4: supR3HardenedWinVerifyCacheInsert: \Device\HarddiskVolume4\Windows\System32\CoreMessaging.dll
2638.19f4: supR3HardenedDllNotificationCallback: load   00007ffdcf2c0000 LB 0x00133000 C:\WINDOWS\SYSTEM32\CoreMessaging.dll [fFlags=0x0]
2638.19f4: supR3HardenedScreenImage/LdrLoadDll: cache hit (VINF_SUCCESS) on \Device\HarddiskVolume4\Windows\System32\CoreMessaging.dll [avoiding WinVerifyTrust]
2638.19f4: supR3HardenedWinVerifyCacheProcessImportTodos: Processing 'msvcp_win.dll'...
2638.19f4: supR3HardenedWinVerifyCacheProcessImportTodos: 'msvcp_win.dll' -> '\Device\HarddiskVolume4\Windows\System32\msvcp_win.dll' [rcNtRedir=0xc0150008]
2638.19f4: supR3HardenedScreenImage/Imports: cache hit (VINF_SUCCESS) on \Device\HarddiskVolume4\Windows\System32\msvcp_win.dll
2638.19f4: supR3HardenedWinVerifyCacheProcessImportTodos: Processing 'rpcrt4.dll'...
2638.19f4: supR3HardenedWinVerifyCacheProcessImportTodos: 'rpcrt4.dll' -> '\Device\HarddiskVolume4\Windows\System32\rpcrt4.dll' [rcNtRedir=0xc0150008]
2638.19f4: supR3HardenedWinVerifyCacheProcessImportTodos: Processing 'msvcrt.dll'...
2638.19f4: supR3HardenedWinVerifyCacheProcessImportTodos: 'msvcrt.dll' -> '\Device\HarddiskVolume4\Windows\System32\msvcrt.dll' [rcNtRedir=0xc0150008]
2638.19f4: supR3HardenedMonitor_LdrLoadDll: returns rcNt=0x0 hMod=00007ffdd12a0000 'C:\WINDOWS\system32\rsaenh.dll'
2638.19f4: supR3HardenedScreenImage/LdrLoadDll: cache hit (VINF_SUCCESS) on \Device\HarddiskVolume4\Windows\System32\wintrust.dll
2638.19f4: supR3HardenedMonitor_LdrLoadDll: pName=C:\WINDOWS\System32\WINTRUST.DLL (Input=WINTRUST.DLL, rcNtResolve=0xc0150008) *pfFlags=0x0 pwszSearchPath=0000000000000001:<flags> [calling]
2638.19f4: supR3HardenedMonitor_LdrLoadDll: returns rcNt=0x0 hMod=00007ffdd2750000 'C:\WINDOWS\System32\WINTRUST.DLL'
2638.19f4: supR3HardenedMonitor_LdrLoadDll: returns rcNt=0x0 hMod=00007ffdd2380000 'C:\WINDOWS\System32\CRYPT32.dll'
2638.19f4: supR3HardenedMonitor_LdrLoadDll: returns rcNt=0x0 hMod=00007ffdd2380000 'C:\WINDOWS\System32\crypt32.dll'
2638.19f4: supR3HardenedWinVerifyCacheProcessWvtTodos: 0 (was 0) fWinVerifyTrust=1 for '\Device\HarddiskVolume4\Windows\System32\CoreMessaging.dll'
2638.19f4: supR3HardenedMonitor_LdrLoadDll: returns rcNt=0x0 hMod=00007ffdd12a0000 'C:\WINDOWS\system32\rsaenh.dll'
2638.19f4: supR3HardenedMonitor_LdrLoadDll: returns rcNt=0x0 hMod=00007ffdd2380000 'C:\WINDOWS\System32\crypt32.dll'
2638.19f4: supR3HardenedWinVerifyCacheProcessWvtTodos: 0 (was 0) fWinVerifyTrust=1 for '\Device\HarddiskVolume4\Windows\System32\ResourcePolicyClient.dll'
2638.19f4: supR3HardenedIsApiSetDll: ApiSetQueryApiSetPresence(api-ms-win-security-sddl-l1-1-0.dll) -> 0x0, fPresent=1
2638.19f4: supR3HardenedMonitor_LdrLoadDll: pName=api-ms-win-security-sddl-l1-1-0.dll (rcNtResolve=0x0) *pfFlags=0x0 pwszSearchPath=0000000000000001:<flags> [calling]
2638.19f4: supR3HardenedMonitor_LdrLoadDll: returns rcNt=0x0 hMod=00007ffdd35a0000 'api-ms-win-security-sddl-l1-1-0.dll'
2638.19f4: supR3HardenedIsApiSetDll: ApiSetQueryApiSetPresence(ext-ms-win-rtcore-ntuser-window-ext-l1-1-0.dll) -> 0x0, fPresent=1
2638.19f4: supR3HardenedMonitor_LdrLoadDll: pName=ext-ms-win-rtcore-ntuser-window-ext-l1-1-0.dll (rcNtResolve=0x0) *pfFlags=0x0 pwszSearchPath=0000000000000001:<flags> [calling]
2638.19f4: supR3HardenedMonitor_LdrLoadDll: returns rcNt=0x0 hMod=00007ffdd3810000 'ext-ms-win-rtcore-ntuser-window-ext-l1-1-0.dll'
2638.19f4: supR3HardenedIsApiSetDll: ApiSetQueryApiSetPresence(ext-ms-win-rtcore-ntuser-integration-l1-1-0.dll) -> 0x0, fPresent=1
2638.19f4: supR3HardenedMonitor_LdrLoadDll: pName=ext-ms-win-rtcore-ntuser-integration-l1-1-0.dll (rcNtResolve=0x0) *pfFlags=0x0 pwszSearchPath=0000000000000001:<flags> [calling]
2638.19f4: supR3HardenedMonitor_LdrLoadDll: returns rcNt=0x0 hMod=00007ffdd3810000 'ext-ms-win-rtcore-ntuser-integration-l1-1-0.dll'
2638.19f4: supR3HardenedWinVerifyCacheScheduleImports: Import todo: #0 'msvcrt.dll'.
2638.19f4: supR3HardenedWinVerifyCacheScheduleImports: Import todo: #33 'coremessaging.dll'.
2638.19f4: supHardenedWinVerifyImageByHandle: -> 0 (\Device\HarddiskVolume4\Windows\System32\CoreUIComponents.dll)
2638.19f4: supR3HardenedWinVerifyCacheInsert: \Device\HarddiskVolume4\Windows\System32\CoreUIComponents.dll
2638.19f4: supR3HardenedDllNotificationCallback: load   00007ffdcb220000 LB 0x0036c000 C:\WINDOWS\SYSTEM32\CoreUIComponents.dll [fFlags=0x0]
2638.19f4: supR3HardenedScreenImage/LdrLoadDll: cache hit (VINF_SUCCESS) on \Device\HarddiskVolume4\Windows\System32\CoreUIComponents.dll [avoiding WinVerifyTrust]
2638.19f4: supR3HardenedWinVerifyCacheProcessImportTodos: Processing 'coremessaging.dll'...
2638.19f4: supR3HardenedWinVerifyCacheProcessImportTodos: 'coremessaging.dll' -> '\Device\HarddiskVolume4\Windows\System32\coremessaging.dll' [rcNtRedir=0xc0150008]
2638.19f4: supR3HardenedScreenImage/Imports: cache hit (VINF_SUCCESS) on \Device\HarddiskVolume4\Windows\System32\CoreMessaging.dll
2638.19f4: supR3HardenedWinVerifyCacheProcessImportTodos: Processing 'msvcrt.dll'...
2638.19f4: supR3HardenedWinVerifyCacheProcessImportTodos: 'msvcrt.dll' -> '\Device\HarddiskVolume4\Windows\System32\msvcrt.dll' [rcNtRedir=0xc0150008]
2638.19f4: supR3HardenedMonitor_LdrLoadDll: returns rcNt=0x0 hMod=00007ffdd12a0000 'C:\WINDOWS\system32\rsaenh.dll'
2638.19f4: supR3HardenedMonitor_LdrLoadDll: returns rcNt=0x0 hMod=00007ffdd2380000 'C:\WINDOWS\System32\crypt32.dll'
2638.19f4: supR3HardenedWinVerifyCacheProcessWvtTodos: 0 (was 0) fWinVerifyTrust=1 for '\Device\HarddiskVolume4\Windows\System32\CoreUIComponents.dll'
2638.19f4: supR3HardenedMonitor_LdrLoadDll: returns rcNt=0x0 hMod=00007ffdd2e10000 'C:\WINDOWS\System32\RPCRT4.dll'
2638.19f4: supR3HardenedIsApiSetDll: ApiSetQueryApiSetPresence(api-ms-win-security-systemfunctions-l1-1-0) -> 0x0, fPresent=1
2638.19f4: supR3HardenedMonitor_LdrLoadDll: pName=api-ms-win-security-systemfunctions-l1-1-0 (rcNtResolve=0x0) *pfFlags=0x0 pwszSearchPath=0000000000000801:<flags> [calling]
2638.19f4: supR3HardenedMonitor_LdrLoadDll: returns rcNt=0x0 hMod=00007ffdd34f0000 'api-ms-win-security-systemfunctions-l1-1-0'
2638.340c: supR3HardenedDllNotificationCallback: Unload 00007ffdb4cb0000 LB 0x0000d000 C:\Program Files\Oracle\VirtualBox\VBoxGuestPropSvc.DLL [flags=0x0]
2638.1a8c: supR3HardenedDllNotificationCallback: Unload 00007ffdb5160000 LB 0x0000c000 C:\Program Files\Oracle\VirtualBox\VBoxGuestControlSvc.DLL [flags=0x0]
2638.3648: supR3HardenedDllNotificationCallback: Unload 00007ffdb4cc0000 LB 0x00014000 C:\Program Files\Oracle\VirtualBox\VBoxSharedFolders.DLL [flags=0x0]
2638.b68: supR3HardenedDllNotificationCallback: Unload 00007ffdb64e0000 LB 0x0000d000 C:\Program Files\Oracle\VirtualBox\VBoxDragAndDropSvc.DLL [flags=0x0]
2638.2590: supR3HardenedDllNotificationCallback: Unload 00007ffdbabb0000 LB 0x00010000 C:\Program Files\Oracle\VirtualBox\VBoxSharedClipboard.DLL [flags=0x0]
2638.435c: supR3HardenedDllNotificationCallback: Unload 00007ffd31630000 LB 0x00b9a000 C:\Program Files\Oracle\VirtualBox\VBoxDD.DLL [flags=0x0]
2638.435c: supR3HardenedDllNotificationCallback: Unload 00007ffdab640000 LB 0x00071000 C:\Program Files\Oracle\VirtualBox\VBoxDDU.dll [flags=0x0]
2638.435c: supR3HardenedDllNotificationCallback: Unload 00007ffd30dd0000 LB 0x0085d000 C:\Program Files\Oracle\VirtualBox\VBoxDD2.dll [flags=0x0]
2638.435c: supR3HardenedDllNotificationCallback: Unload 00007ffdd47a0000 LB 0x00474000 C:\WINDOWS\System32\SETUPAPI.dll [flags=0x0]
2638.19f4: supR3HardenedDllNotificationCallback: Unload 00007ffd321d0000 LB 0x004d8000 C:\Program Files\Oracle\VirtualBox\VBoxVMM.DLL [flags=0x0]
2638.19f4: supR3HardenedDllNotificationCallback: Unload 00007ffdc5320000 LB 0x00014000 C:\WINDOWS\system32\wbem\wbemsvc.dll [flags=0x0]
2638.19f4: supR3HardenedDllNotificationCallback: Unload 00007ffdc5340000 LB 0x000f8000 C:\WINDOWS\system32\wbem\fastprox.dll [flags=0x0]
2638.19f4: supR3HardenedDllNotificationCallback: Unload 00007ffdc82c0000 LB 0x00010000 C:\WINDOWS\system32\wbem\wbemprox.dll [flags=0x0]
2638.19f4: supR3HardenedDllNotificationCallback: Unload 00007ffdc8240000 LB 0x00080000 C:\WINDOWS\SYSTEM32\wbemcomn.dll [flags=0x0]
2638.19f4: supR3HardenedDllNotificationCallback: Unload 00007ffdb68d0000 LB 0x0005e000 C:\WINDOWS\system32\dataexchange.dll [flags=0x0]
2638.19f4: supR3HardenedDllNotificationCallback: Unload 00007ffdc7fb0000 LB 0x00282000 C:\WINDOWS\system32\twinapi.appcore.dll [flags=0x0]
2638.19f4: supR3HardenedDllNotificationCallback: Unload 00007ffdb5ad0000 LB 0x0006b000 C:\Windows\System32\thumbcache.dll [flags=0x0]
2638.19f4: supR3HardenedDllNotificationCallback: Unload 00007ffd9b8c0000 LB 0x000db000 C:\Program Files\Oracle\VirtualBox\VBoxProxyStub.dll [flags=0x0]
2638.19f4: supR3HardenedDllNotificationCallback: Unload 00007ffd326b0000 LB 0x003db000 C:\Program Files\Oracle\VirtualBox\VBoxC.dll [flags=0x0]
2638.19f4: Terminating the normal way: rcExit=0
4220.372c: supR3HardNtChildWaitFor[2]: Quitting: ExitCode=0x0 (rcNtWait=0x0, rcNt1=0x0, rcNt2=0x103, rcNt3=0x103, 2880706 ms, the end);
1c68.4b7c: supR3HardNtChildWaitFor[1]: Quitting: ExitCode=0x0 (rcNtWait=0x0, rcNt1=0x0, rcNt2=0x103, rcNt3=0x103, 2881616 ms, the end);
